gender,senior_citizen,partner,dependents,tenure,phone_service,multiple_lines,internet_service,online_security,online_backup,device_protection,tech_support,streaming_tv,streaming_movies,contract,paperless_billing,payment_method,monthly_charges,total_charges,churn
Male,1,No,No,6,Yes,No,No,No internet service,No internet service,No internet service,No internet service,No internet service,No internet service,Month-to-month,No,Credit card (automatic),21.46,135.07,No
Male,1,No,No,9,Yes,Yes,DSL,No,No,Yes,No,Yes,Yes,Month-to-month,No,Bank transfer (automatic),69.21,636.42,Yes
Female,0,Yes,No,66,Yes,Yes,DSL,Yes,No,No,No,Yes,No,Month-to-month,No,Mailed check,63.63,3947.55,No
Female,0,No,Yes,60,Yes,No,Fiber optic,No,No,No,No,No,Yes,One year,Yes,Electronic check,72.02,4215.36,No
Male,0,No,No,72,Yes,No,DSL,No,Yes,Yes,Yes,No,No,Month-to-month,Yes,Credit card (automatic),61.69,4375.75,No
Female,0,Yes,Yes,48,Yes,No,Fiber optic,No,Yes,No,No,No,No,Month-to-month,No,Electronic check,72.42,3213.57,Yes
Female,0,No,No,51,Yes,Yes,Fiber optic,No,Yes,No,Yes,No,No,Month-to-month,Yes,Mailed check,84.0,3964.89,Yes
Female,0,Yes,No,45,Yes,No,Fiber optic,Yes,Yes,No,No,Yes,Yes,Two year,Yes,Mailed check,85.72,3811.5,Yes
Male,1,No,No,26,Yes,No,DSL,Yes,No,Yes,Yes,No,Yes,Two year,No,Bank transfer (automatic),65.7,1761.56,No
Male,0,Yes,Yes,53,Yes,No,Fiber optic,No,No,No,No,Yes,No,Month-to-month,No,Mailed check,71.85,3678.76,No
Female,0,Yes,Yes,27,Yes,No,DSL,Yes,No,No,Yes,Yes,Yes,Two year,Yes,Bank transfer (automatic),71.94,1805.97,No
Male,0,No,No,63,Yes,Yes,Fiber optic,No,No,Yes,No,No,No,Month-to-month,Yes,Bank transfer (automatic),77.57,5125.01,No
Male,0,No,No,10,Yes,Yes,DSL,Yes,Yes,No,No,Yes,No,Month-to-month,No,Credit card (automatic),65.03,676.42,Yes
Male,0,Yes,Yes,34,Yes,No,Fiber optic,Yes,Yes,No,Yes,No,Yes,Month-to-month,No,Electronic check,87.31,3111.46,Yes
Female,0,Yes,No,42,Yes,No,DSL,No,No,No,Yes,Yes,Yes,Month-to-month,Yes,Bank transfer (automatic),68.86,2879.64,Yes
Male,0,Yes,No,28,Yes,No,Fiber optic,No,No,No,No,No,Yes,Month-to-month,No,Electronic check,72.29,1998.08,Yes
Female,0,Yes,Yes,57,Yes,No,DSL,Yes,No,Yes,No,No,Yes,One year,Yes,Mailed check,66.3,3742.5,No
Male,0,No,No,26,Yes,No,Fiber optic,No,Yes,No,Yes,No,Yes,Two year,Yes,Bank transfer (automatic),79.72,2135.18,No
Male,1,No,No,72,Yes,Yes,DSL,Yes,No,No,Yes,No,No,Two year,No,Bank transfer (automatic),64.65,4317.63,No
Male,0,No,No,41,Yes,Yes,Fiber optic,Yes,Yes,No,No,No,No,Month-to-month,Yes,Electronic check,80.92,3485.0,Yes
Female,1,No,No,10,No,No phone service,Fiber optic,No,Yes,Yes,No,Yes,Yes,Two year,Yes,Electronic check,66.78,637.94,No
Female,0,Yes,No,39,Yes,Yes,No,No internet service,No internet service,No internet service,No internet service,No internet service,No internet service,Two year,Yes,Bank transfer (automatic),24.64,878.65,No
Male,0,Yes,Yes,47,No,No phone service,DSL,Yes,No,Yes,No,No,No,One year,No,Electronic check,42.05,2046.9,No
Female,0,Yes,No,44,Yes,Yes,Fiber optic,No,No,Yes,No,Yes,No,Month-to-month,Yes,Electronic check,77.87,3206.89,Yes
Male,0,Yes,No,27,Yes,Yes,Fiber optic,No,No,Yes,No,No,No,Month-to-month,Yes,Electronic check,83.82,2104.98,Yes
Male,0,Yes,Yes,42,Yes,Yes,Fiber optic,No,No,Yes,No,No,No,Month-to-month,Yes,Bank transfer (automatic),77.2,3267.9,No
Male,0,No,No,25,Yes,No,Fiber optic,No,Yes,No,No,Yes,Yes,Month-to-month,Yes,Credit card (automatic),86.04,1975.34,Yes
Male,1,No,No,36,Yes,Yes,DSL,Yes,No,No,No,No,Yes,Month-to-month,No,Mailed check,64.3,2351.4,No
Female,0,No,No,24,Yes,Yes,Fiber optic,Yes,No,No,Yes,No,No,Month-to-month,No,Bank transfer (automatic),87.38,1955.78,No
Female,0,No,No,61,Yes,Yes,DSL,No,No,No,No,Yes,No,Month-to-month,No,Electronic check,59.98,3515.24,No
Male,0,No,No,38,No,No phone service,Fiber optic,Yes,Yes,No,No,Yes,Yes,Two year,Yes,Mailed check,71.07,2467.66,No
Female,0,No,No,30,Yes,No,DSL,No,No,No,No,No,Yes,One year,No,Bank transfer (automatic),58.59,1715.54,No
Female,0,No,No,34,Yes,Yes,No,No internet service,No internet service,No internet service,No internet service,No internet service,No internet service,Two year,No,Electronic check,22.54,810.68,No
Female,0,No,No,17,Yes,Yes,DSL,Yes,No,No,No,No,No,Two year,Yes,Electronic check,60.0,935.69,No
Male,0,Yes,Yes,27,Yes,No,DSL,No,Yes,No,Yes,No,Yes,Two year,Yes,Credit card (automatic),62.2,1751.59,No
Female,0,Yes,Yes,49,No,No phone service,Fiber optic,No,No,Yes,No,Yes,Yes,One year,No,Bank transfer (automatic),68.67,3095.9,Yes
Female,0,No,No,22,Yes,Yes,DSL,Yes,No,Yes,No,No,No,One year,Yes,Electronic check,61.0,,Yes
Male,0,No,No,65,Yes,No,DSL,No,No,No,Yes,No,Yes,Two year,No,Mailed check,56.72,3883.32,No
Female,0,Yes,No,10,Yes,No,DSL,Yes,Yes,Yes,No,Yes,Yes,Two year,Yes,Mailed check,72.38,703.89,Yes
Female,0,Yes,No,22,Yes,No,DSL,Yes,Yes,Yes,No,Yes,Yes,Two year,Yes,Credit card (automatic),75.15,1516.55,No
Female,1,Yes,Yes,13,No,No phone service,DSL,Yes,No,No,No,Yes,No,Month-to-month,No,Electronic check,44.03,534.85,No
Female,0,Yes,No,21,Yes,No,Fiber optic,Yes,Yes,Yes,Yes,Yes,Yes,Two year,Yes,Electronic check,98.23,1928.38,No
Female,0,Yes,Yes,58,Yes,Yes,DSL,No,Yes,Yes,No,No,Yes,One year,No,Bank transfer (automatic),68.7,4152.18,No
Female,0,No,Yes,13,Yes,Yes,Fiber optic,Yes,No,No,No,No,No,Month-to-month,No,Bank transfer (automatic),81.08,1079.09,Yes
Male,0,Yes,Yes,16,Yes,Yes,DSL,Yes,No,Yes,Yes,No,No,Month-to-month,No,Credit card (automatic),64.75,1015.77,No
Female,0,No,Yes,47,Yes,No,Fiber optic,Yes,Yes,No,Yes,No,No,Month-to-month,No,Credit card (automatic),87.91,4310.0,Yes
Female,0,No,No,63,Yes,Yes,Fiber optic,Yes,Yes,No,Yes,No,Yes,One year,Yes,Electronic check,88.96,5733.53,No
Female,0,Yes,No,34,Yes,Yes,Fiber optic,Yes,Yes,Yes,No,No,No,Month-to-month,Yes,Credit card (automatic),90.65,3258.87,Yes
Male,1,No,No,47,Yes,Yes,DSL,Yes,No,No,No,Yes,No,Month-to-month,Yes,Bank transfer (automatic),64.09,3084.53,Yes
Male,0,No,No,44,Yes,Yes,No,No internet service,No internet service,No internet service,No internet service,No internet service,No internet service,Month-to-month,Yes,Mailed check,26.76,1221.83,No
Female,0,No,No,32,Yes,Yes,DSL,No,No,Yes,Yes,No,No,Month-to-month,No,Mailed check,67.61,2021.89,Yes
Female,0,No,No,12,No,No phone service,DSL,Yes,No,No,No,No,Yes,Month-to-month,No,Mailed check,40.34,465.3,Yes
Male,0,No,No,4,Yes,No,Fiber optic,Yes,Yes,Yes,Yes,Yes,No,One year,No,Bank transfer (automatic),93.62,392.56,No
Female,0,No,No,0,Yes,No,Fiber optic,Yes,No,No,No,No,No,Month-to-month,No,Electronic check,71.65,0.0,Yes
Male,0,No,No,53,Yes,Yes,Fiber optic,No,Yes,Yes,No,No,No,Month-to-month,Yes,Bank transfer (automatic),84.06,4272.44,No
Female,1,Yes,Yes,24,Yes,No,DSL,Yes,Yes,No,No,No,Yes,Two year,No,Electronic check,62.99,1448.38,No
Male,0,Yes,No,32,Yes,Yes,Fiber optic,No,No,No,Yes,No,No,Month-to-month,Yes,Credit card (automatic),75.32,2546.97,No
Female,0,No,No,23,Yes,No,Fiber optic,Yes,No,No,Yes,Yes,Yes,One year,Yes,Electronic check,89.27,2126.87,No
Female,1,Yes,No,44,Yes,Yes,No,No internet service,No internet service,No internet service,No internet service,No internet service,No internet service,Month-to-month,Yes,Credit card (automatic),23.58,1067.2,No
Female,0,Yes,No,71,Yes,No,DSL,No,No,Yes,Yes,No,No,One year,No,Mailed check,61.48,4274.2,No
Male,0,Yes,Yes,26,Yes,No,Fiber optic,No,Yes,No,Yes,Yes,No,Month-to-month,Yes,Bank transfer (automatic),80.23,1914.76,Yes
Female,0,Yes,Yes,58,Yes,No,DSL,No,Yes,Yes,No,Yes,No,One year,No,Credit card (automatic),62.75,3721.53,No
Female,1,Yes,Yes,30,Yes,Yes,Fiber optic,Yes,No,No,No,No,No,Month-to-month,No,Credit card (automatic),71.14,2003.68,No
Male,0,No,No,29,Yes,Yes,Fiber optic,No,Yes,No,No,No,No,Month-to-month,Yes,Electronic check,78.42,2161.85,Yes
Male,0,No,No,32,Yes,No,DSL,Yes,No,Yes,Yes,No,Yes,One year,No,Electronic check,65.41,1971.96,No
Male,0,Yes,Yes,64,Yes,Yes,DSL,No,Yes,No,No,Yes,Yes,Month-to-month,Yes,Electronic check,62.93,4039.34,No
Male,1,Yes,Yes,70,No,No phone service,Fiber optic,No,Yes,No,Yes,Yes,No,Two year,Yes,Credit card (automatic),64.24,4360.23,No
Female,0,Yes,Yes,47,Yes,No,DSL,No,No,No,No,No,No,Month-to-month,No,Mailed check,48.85,2280.25,No
Male,0,Yes,Yes,46,Yes,No,DSL,No,No,No,No,Yes,No,Month-to-month,Yes,Bank transfer (automatic),51.95,2505.8,Yes
Female,0,No,No,45,Yes,Yes,Fiber optic,Yes,No,Yes,No,Yes,Yes,One year,No,Mailed check,91.9,4071.35,No
Female,0,No,No,0,Yes,No,No,No internet service,No internet service,No internet service,No internet service,No internet service,No internet service,Two year,No,Electronic check,18.3,0.0,No
Female,0,Yes,Yes,68,Yes,Yes,DSL,No,No,Yes,No,No,No,Month-to-month,No,Credit card (automatic),58.64,3904.82,No
Female,1,No,No,1,Yes,No,DSL,No,No,No,No,No,Yes,Month-to-month,Yes,Credit card (automatic),51.53,54.57,Yes
Male,0,No,Yes,14,Yes,Yes,No,No internet service,No internet service,No internet service,No internet service,No internet service,No internet service,Month-to-month,Yes,Electronic check,22.95,336.52,Yes
Female,0,Yes,Yes,60,No,No phone service,DSL,No,No,No,No,No,Yes,Month-to-month,No,Credit card (automatic),35.02,2084.08,No
Female,0,Yes,Yes,6,Yes,Yes,Fiber optic,No,Yes,No,No,Yes,Yes,Two year,Yes,Mailed check,82.76,524.55,No
Male,1,Yes,Yes,48,Yes,Yes,DSL,No,Yes,No,No,No,No,Two year,No,Bank transfer (automatic),61.83,2741.06,No
Female,0,Yes,Yes,66,Yes,No,Fiber optic,Yes,No,Yes,No,Yes,Yes,Two year,Yes,Bank transfer (automatic),83.42,5439.28,No
Male,1,No,No,20,Yes,No,Fiber optic,No,No,No,Yes,No,No,Month-to-month,No,Bank transfer (automatic),71.89,1400.74,No
Male,0,No,No,3,Yes,No,DSL,No,Yes,Yes,No,Yes,Yes,One year,No,Mailed check,67.96,208.38,Yes
Female,0,No,No,41,Yes,Yes,DSL,Yes,Yes,Yes,Yes,Yes,Yes,Two year,Yes,Credit card (automatic),81.26,3384.15,No
Female,0,No,No,51,Yes,Yes,Fiber optic,Yes,Yes,No,Yes,Yes,Yes,Two year,Yes,Mailed check,99.53,4849.87,No
Male,0,No,No,39,Yes,No,Fiber optic,Yes,Yes,Yes,Yes,Yes,Yes,Two year,No,Credit card (automatic),98.87,3828.26,No
Female,0,No,No,66,Yes,Yes,Fiber optic,No,No,No,No,Yes,Yes,Month-to-month,Yes,Electronic check,78.61,4766.41,Yes
Male,0,Yes,No,4,Yes,Yes,DSL,Yes,Yes,No,Yes,Yes,Yes,One year,No,Electronic check,78.07,320.51,Yes
Male,0,No,Yes,49,Yes,No,DSL,Yes,Yes,No,Yes,Yes,Yes,Two year,No,Electronic check,71.72,3450.72,No
Male,0,Yes,No,53,Yes,No,Fiber optic,Yes,Yes,Yes,Yes,No,No,Two year,Yes,Bank transfer (automatic),86.93,4376.49,No
Female,0,No,No,7,Yes,Yes,No,No internet service,No internet service,No internet service,No internet service,No internet service,No internet service,Month-to-month,No,Electronic check,26.13,172.24,No
Male,0,No,No,18,Yes,Yes,DSL,No,No,No,No,No,No,Month-to-month,No,Electronic check,46.24,772.12,Yes
Female,0,No,No,57,Yes,No,Fiber optic,Yes,No,No,No,No,No,Month-to-month,Yes,Bank transfer (automatic),69.92,4008.29,No
Female,0,Yes,No,16,Yes,No,No,No internet service,No internet service,No internet service,No internet service,No internet service,No internet service,Month-to-month,No,Credit card (automatic),14.48,231.9,No
Male,0,No,Yes,21,Yes,No,DSL,No,No,Yes,No,Yes,No,Month-to-month,Yes,Mailed check,56.51,1118.34,No
Female,0,No,No,58,No,No phone service,DSL,No,No,Yes,No,No,No,Month-to-month,No,Bank transfer (automatic),35.79,1932.91,No
Male,1,Yes,Yes,49,Yes,Yes,DSL,No,No,No,No,No,No,Month-to-month,Yes,Credit card (automatic),52.4,2611.02,No
Male,0,Yes,Yes,5,Yes,Yes,DSL,No,Yes,No,Yes,Yes,No,Month-to-month,No,Credit card (automatic),66.27,316.19,Yes
Male,1,No,No,24,Yes,No,Fiber optic,Yes,Yes,Yes,Yes,No,Yes,One year,Yes,Bank transfer (automatic),92.13,2193.14,No
Female,0,No,No,5,No,No phone service,Fiber optic,No,No,No,No,No,No,Month-to-month,Yes,Bank transfer (automatic),49.84,234.88,Yes
Male,1,No,Yes,5,Yes,Yes,Fiber optic,No,No,No,No,Yes,No,Month-to-month,Yes,Credit card (automatic),78.0,399.13,No
Female,0,No,No,58,Yes,Yes,DSL,No,Yes,No,No,Yes,No,Month-to-month,No,Bank transfer (automatic),67.36,4132.53,No
Male,0,No,No,46,Yes,No,DSL,No,Yes,Yes,No,No,Yes,Month-to-month,Yes,Mailed check,63.09,2882.11,Yes
Female,1,No,Yes,8,Yes,Yes,DSL,Yes,Yes,Yes,No,No,Yes,One year,No,Credit card (automatic),72.41,605.69,No
Male,0,No,No,11,Yes,Yes,Fiber optic,Yes,Yes,No,No,Yes,No,Month-to-month,Yes,Electronic check,88.75,977.77,Yes
Male,0,Yes,Yes,16,Yes,Yes,Fiber optic,No,No,Yes,No,Yes,No,Month-to-month,Yes,Mailed check,79.75,1163.47,No
Female,1,No,No,30,Yes,Yes,No,No internet service,No internet service,No internet service,No internet service,No internet service,No internet service,Two year,No,Bank transfer (automatic),23.11,707.84,No
Male,0,No,No,13,Yes,Yes,Fiber optic,No,No,Yes,No,No,No,Month-to-month,Yes,Electronic check,76.1,992.07,Yes
Female,1,No,No,16,Yes,Yes,No,No internet service,No internet service,No internet service,No internet service,No internet service,No internet service,One year,No,Electronic check,24.69,379.34,No
Male,1,No,No,23,Yes,Yes,No,No internet service,No internet service,No internet service,No internet service,No internet service,No internet service,Month-to-month,No,Electronic check,25.36,555.86,No
Male,1,No,No,11,Yes,Yes,Fiber optic,Yes,No,No,No,No,No,Month-to-month,Yes,Bank transfer (automatic),75.8,761.49,Yes
Female,1,No,No,62,No,No phone service,Fiber optic,No,No,No,Yes,No,No,Month-to-month,No,Electronic check,54.71,3257.84,Yes
Female,0,Yes,Yes,5,Yes,No,DSL,Yes,Yes,Yes,No,Yes,No,Two year,Yes,Electronic check,68.36,336.91,No
Female,0,No,No,69,Yes,Yes,No,No internet service,No internet service,No internet service,No internet service,No internet service,No internet service,Month-to-month,Yes,Electronic check,26.06,1819.73,No
Female,0,Yes,No,27,Yes,Yes,DSL,No,Yes,No,Yes,Yes,No,Month-to-month,No,Bank transfer (automatic),68.15,1897.17,No
Male,0,Yes,No,15,No,No phone service,Fiber optic,Yes,No,Yes,Yes,Yes,Yes,One year,Yes,Bank transfer (automatic),73.27,1005.54,Yes
Female,0,Yes,Yes,12,Yes,No,Fiber optic,No,No,No,Yes,No,No,Month-to-month,No,Electronic check,74.76,936.89,Yes
Male,0,No,Yes,52,Yes,Yes,No,No internet service,No internet service,No internet service,No internet service,No internet service,No internet service,Month-to-month,No,Bank transfer (automatic),22.57,1174.06,No
Female,0,Yes,Yes,2,Yes,No,Fiber optic,No,No,No,No,No,Yes,Month-to-month,Yes,Mailed check,72.92,136.04,Yes
Female,0,No,No,40,No,No phone service,DSL,Yes,No,No,Yes,No,Yes,Two year,No,Electronic check,45.1,1836.75,No
Male,0,Yes,No,13,Yes,Yes,Fiber optic,No,No,No,Yes,Yes,No,Month-to-month,Yes,Credit card (automatic),84.62,1145.03,No
Male,0,Yes,Yes,13,No,No phone service,DSL,No,Yes,No,Yes,Yes,No,Month-to-month,Yes,Mailed check,49.94,654.62,No
Male,0,Yes,No,30,Yes,Yes,No,No internet service,No internet service,No internet service,No internet service,No internet service,No internet service,One year,Yes,Electronic check,24.1,699.78,No
Male,0,Yes,No,22,Yes,Yes,DSL,No,Yes,No,No,No,No,Month-to-month,No,Credit card (automatic),62.98,1377.66,No
Male,0,No,No,38,Yes,No,Fiber optic,No,Yes,No,No,No,Yes,Month-to-month,Yes,Credit card (automatic),74.4,2871.21,Yes
Male,0,No,No,36,Yes,No,DSL,No,Yes,Yes,No,No,No,One year,Yes,Electronic check,59.89,2119.19,No
Female,0,No,Yes,21,Yes,Yes,Fiber optic,Yes,Yes,No,No,No,Yes,Month-to-month,Yes,Mailed check,84.95,1731.31,Yes
Male,0,No,No,29,Yes,Yes,DSL,No,No,No,No,Yes,Yes,Month-to-month,Yes,Credit card (automatic),66.2,1956.63,No
Male,1,Yes,Yes,10,Yes,Yes,No,No internet service,No internet service,No internet service,No internet service,No internet service,No internet service,Month-to-month,No,Credit card (automatic),25.03,257.64,No
Male,0,No,No,64,Yes,No,No,No internet service,No internet service,No internet service,No internet service,No internet service,No internet service,Month-to-month,Yes,Bank transfer (automatic),25.26,1597.59,No
Female,1,No,No,19,Yes,No,DSL,Yes,Yes,Yes,Yes,No,No,Month-to-month,No,Electronic check,70.34,1366.14,Yes
Male,0,Yes,Yes,25,Yes,Yes,DSL,No,No,No,No,Yes,No,Month-to-month,No,Electronic check,58.91,1413.06,Yes
Female,0,Yes,Yes,40,Yes,Yes,Fiber optic,Yes,Yes,No,Yes,No,No,Two year,No,Bank transfer (automatic),89.41,3625.67,No
Male,0,No,No,4,Yes,Yes,Fiber optic,No,Yes,Yes,Yes,Yes,No,One year,Yes,Bank transfer (automatic),91.76,356.26,Yes
Male,0,No,No,31,Yes,Yes,Fiber optic,Yes,No,No,Yes,No,Yes,One year,Yes,Bank transfer (automatic),83.96,2691.56,No
Female,0,Yes,Yes,21,Yes,Yes,No,No internet service,No internet service,No internet service,No internet service,No internet service,No internet service,Month-to-month,Yes,Electronic check,22.38,463.29,Yes
Male,0,No,Yes,14,Yes,No,No,No internet service,No internet service,No internet service,No internet service,No internet service,No internet service,Month-to-month,Yes,Bank transfer (automatic),21.79,319.85,No
Male,1,No,No,72,Yes,No,No,No internet service,No internet service,No internet service,No internet service,No internet service,No internet service,Month-to-month,Yes,Credit card (automatic),20.52,1552.14,No
Female,1,Yes,No,20,Yes,Yes,Fiber optic,Yes,Yes,No,No,No,No,Month-to-month,Yes,Electronic check,81.79,1712.71,Yes
Male,1,No,No,18,Yes,Yes,Fiber optic,Yes,Yes,Yes,Yes,Yes,Yes,One year,Yes,Credit card (automatic),102.99,1956.69,No
Male,0,No,No,27,Yes,Yes,Fiber optic,No,Yes,No,No,No,No,Month-to-month,Yes,Bank transfer (automatic),80.53,2107.8,Yes
Male,0,No,No,33,Yes,Yes,DSL,Yes,No,Yes,No,Yes,Yes,Two year,No,Bank transfer (automatic),72.8,2346.64,No
Male,0,No,Yes,50,Yes,No,Fiber optic,No,No,No,No,No,No,Month-to-month,Yes,Electronic check,67.87,3104.16,Yes
Female,0,No,No,58,Yes,Yes,DSL,No,No,No,No,No,Yes,One year,Yes,Electronic check,61.17,3532.54,No
Male,1,No,No,36,Yes,No,DSL,No,Yes,No,Yes,No,No,Month-to-month,Yes,Bank transfer (automatic),58.95,2205.9,No
Male,0,Yes,No,24,Yes,Yes,Fiber optic,Yes,No,Yes,Yes,No,Yes,Two year,No,Bank transfer (automatic),93.57,2126.43,No
Female,0,No,No,33,Yes,Yes,DSL,Yes,Yes,No,No,Yes,No,Two year,No,Mailed check,72.3,2226.1,No
Male,0,No,No,57,Yes,Yes,Fiber optic,Yes,No,Yes,No,No,No,Month-to-month,No,Credit card (automatic),84.65,4671.51,No
Female,0,No,No,72,Yes,Yes,No,No internet service,No internet service,No internet service,No internet service,No internet service,No internet service,Month-to-month,Yes,Electronic check,27.6,1875.84,No
Female,0,Yes,Yes,29,Yes,No,Fiber optic,Yes,No,Yes,Yes,No,Yes,One year,Yes,Bank transfer (automatic),86.7,2461.51,No
Female,0,Yes,No,57,Yes,No,Fiber optic,Yes,Yes,Yes,Yes,No,No,One year,Yes,Mailed check,85.11,5056.54,No
Male,0,Yes,Yes,37,Yes,No,Fiber optic,No,No,No,Yes,No,No,One year,Yes,Electronic check,74.98,2838.38,No
Female,1,Yes,No,68,Yes,Yes,DSL,No,No,No,No,No,Yes,Month-to-month,No,Mailed check,54.73,3938.49,No
Male,0,No,Yes,38,Yes,No,Fiber optic,No,No,Yes,Yes,Yes,No,Month-to-month,Yes,Bank transfer (automatic),80.05,2786.36,No
Male,0,Yes,No,8,Yes,No,Fiber optic,No,No,Yes,No,No,Yes,Month-to-month,No,Electronic check,80.31,629.26,Yes
Male,1,No,No,25,Yes,No,DSL,No,Yes,Yes,No,Yes,Yes,One year,Yes,Mailed check,66.39,1713.29,No
Female,0,Yes,Yes,17,Yes,Yes,Fiber optic,Yes,Yes,Yes,No,No,Yes,Two year,Yes,Bank transfer (automatic),97.83,1627.62,No
Female,0,Yes,Yes,67,Yes,Yes,DSL,No,Yes,Yes,No,Yes,Yes,Month-to-month,Yes,Electronic check,72.67,5147.35,No
Female,0,No,No,40,No,No phone service,DSL,No,Yes,No,No,Yes,No,Two year,Yes,Mailed check,37.14,1508.86,No
Male,0,No,Yes,67,Yes,No,Fiber optic,Yes,No,Yes,No,No,No,One year,Yes,Bank transfer (automatic),86.57,5884.83,No
Male,0,Yes,Yes,66,Yes,Yes,Fiber optic,No,Yes,Yes,Yes,Yes,No,Two year,Yes,Electronic check,96.19,6610.7,No
Male,0,Yes,Yes,72,Yes,No,No,No internet service,No internet service,No internet service,No internet service,No internet service,No internet service,Month-to-month,No,Electronic check,17.15,1142.33,No
Male,0,Yes,No,67,Yes,Yes,DSL,No,No,No,No,No,No,Month-to-month,No,Electronic check,54.0,3346.38,Yes
Female,0,No,No,67,Yes,Yes,DSL,No,No,No,Yes,No,Yes,Month-to-month,No,Credit card (automatic),65.96,4415.41,No
Female,1,No,No,5,Yes,Yes,Fiber optic,Yes,No,No,Yes,Yes,Yes,One year,Yes,Credit card (automatic),92.08,470.23,No
Female,0,No,No,55,Yes,Yes,DSL,Yes,No,No,No,Yes,Yes,Month-to-month,Yes,Credit card (automatic),67.85,3608.45,No
Female,0,No,No,32,Yes,Yes,No,No internet service,No internet service,No internet service,No internet service,No internet service,No internet service,One year,No,Credit card (automatic),24.73,793.09,No
Female,0,Yes,No,7,Yes,Yes,DSL,Yes,No,No,Yes,No,No,Month-to-month,Yes,Mailed check,68.51,498.93,Yes
Male,1,No,No,0,Yes,No,DSL,Yes,Yes,No,No,No,No,One year,Yes,Credit card (automatic),54.57,0.0,Yes
Female,0,Yes,No,23,Yes,No,DSL,No,No,Yes,No,Yes,Yes,Month-to-month,No,Credit card (automatic),60.66,1406.99,Yes
Female,0,Yes,Yes,11,Yes,Yes,DSL,Yes,Yes,No,No,Yes,No,One year,Yes,Mailed check,66.12,666.55,No
Female,0,Yes,Yes,13,Yes,Yes,DSL,No,No,No,No,Yes,Yes,Two year,No,Credit card (automatic),58.17,728.29,No
Female,0,No,No,35,No,No phone service,DSL,No,No,Yes,Yes,Yes,No,Month-to-month,No,Electronic check,47.72,1688.23,No
Male,1,No,No,34,Yes,No,No,No internet service,No internet service,No internet service,No internet service,No internet service,No internet service,Month-to-month,Yes,Electronic check,19.66,616.36,No
Male,1,No,No,35,Yes,Yes,DSL,Yes,Yes,No,No,No,No,Month-to-month,No,Bank transfer (automatic),64.04,2351.76,Yes
Female,0,No,No,17,Yes,No,DSL,Yes,Yes,No,Yes,No,No,Month-to-month,Yes,Electronic check,67.97,1075.59,No
Male,0,Yes,No,54,Yes,Yes,Fiber optic,No,Yes,No,No,No,No,Month-to-month,Yes,Electronic check,76.26,3932.68,Yes
Female,0,No,No,21,Yes,No,No,No internet service,No internet service,No internet service,No internet service,No internet service,No internet service,Two year,No,Mailed check,14.81,297.42,No
Male,0,Yes,Yes,2,Yes,No,Fiber optic,Yes,No,No,No,No,No,Month-to-month,No,Electronic check,71.39,140.28,Yes
Female,1,Yes,No,69,Yes,Yes,DSL,Yes,Yes,No,No,Yes,Yes,One year,Yes,Bank transfer (automatic),77.0,5437.56,No
Male,0,No,No,30,Yes,Yes,No,No internet service,No internet service,No internet service,No internet service,No internet service,No internet service,Month-to-month,Yes,Electronic check,28.23,779.77,No
Male,0,Yes,Yes,38,Yes,Yes,DSL,No,No,No,No,Yes,No,One year,Yes,Electronic check,57.87,2074.72,No
Male,0,No,No,0,Yes,No,DSL,No,Yes,Yes,No,No,No,Month-to-month,Yes,Electronic check,61.03,0.0,Yes
Female,0,No,No,38,Yes,Yes,DSL,No,No,No,Yes,No,No,Month-to-month,Yes,Bank transfer (automatic),57.39,2028.72,No
Male,0,Yes,Yes,48,Yes,Yes,No,No internet service,No internet service,No internet service,No internet service,No internet service,No internet service,Month-to-month,No,Credit card (automatic),26.73,1334.29,No
Female,0,Yes,Yes,37,No,No phone service,Fiber optic,Yes,No,No,Yes,Yes,No,One year,No,Bank transfer (automatic),64.46,2194.99,No
Male,0,No,Yes,36,Yes,No,No,No internet service,No internet service,No internet service,No internet service,No internet service,No internet service,Two year,No,Bank transfer (automatic),18.31,629.45,No
Female,0,Yes,No,9,Yes,Yes,DSL,Yes,No,No,No,No,No,Two year,No,Mailed check,50.43,429.9,No
Female,0,Yes,Yes,72,Yes,Yes,DSL,No,No,No,No,No,No,Month-to-month,Yes,Mailed check,52.98,3491.33,No
Female,0,Yes,No,64,Yes,Yes,No,No internet service,No internet service,No internet service,No internet service,No internet service,No internet service,Two year,No,Electronic check,22.6,1450.68,No
Male,0,No,No,57,Yes,Yes,Fiber optic,No,No,No,No,No,No,Month-to-month,No,Credit card (automatic),77.68,4167.84,No
Male,0,No,No,66,Yes,Yes,DSL,Yes,No,No,No,Yes,No,One year,No,Credit card (automatic),64.07,4024.42,No
Male,0,Yes,No,9,Yes,No,No,No internet service,No internet service,No internet service,No internet service,No internet service,No internet service,Two year,No,Credit card (automatic),24.55,213.69,No
Female,0,Yes,Yes,38,Yes,Yes,DSL,No,Yes,No,Yes,Yes,No,Month-to-month,No,Mailed check,70.16,2780.41,No
Female,0,No,No,47,Yes,Yes,No,No internet service,No internet service,No internet service,No internet service,No internet service,No internet service,Month-to-month,Yes,Mailed check,25.54,1182.06,No
Male,0,Yes,No,37,Yes,No,Fiber optic,No,Yes,No,Yes,Yes,No,Month-to-month,Yes,Credit card (automatic),82.21,2944.59,Yes
Male,0,No,No,53,Yes,No,Fiber optic,No,Yes,No,No,No,Yes,Month-to-month,Yes,Credit card (automatic),76.25,4282.32,Yes
Female,0,No,Yes,28,Yes,Yes,DSL,Yes,No,No,No,No,No,Month-to-month,Yes,Electronic check,57.48,1552.83,Yes
Male,0,No,No,20,Yes,Yes,DSL,Yes,Yes,No,No,Yes,No,One year,No,Credit card (automatic),64.68,1336.7,No
Female,0,Yes,Yes,49,Yes,Yes,DSL,Yes,No,Yes,Yes,Yes,Yes,Month-to-month,Yes,Bank transfer (automatic),80.03,3617.32,No
Male,0,No,No,49,No,No phone service,DSL,Yes,No,No,No,No,Yes,Month-to-month,Yes,Mailed check,36.76,1852.76,No
Male,0,Yes,No,67,Yes,No,DSL,No,No,No,Yes,No,Yes,Month-to-month,Yes,Electronic check,60.2,4125.33,Yes
Male,0,Yes,No,6,Yes,Yes,DSL,No,No,No,No,No,No,Month-to-month,Yes,Bank transfer (automatic),58.66,360.11,No
Male,0,No,No,27,Yes,No,No,No internet service,No internet service,No internet service,No internet service,No internet service,No internet service,Two year,No,Mailed check,15.23,389.55,No
Female,0,Yes,No,59,Yes,No,No,No internet service,No internet service,No internet service,No internet service,No internet service,No internet service,Two year,No,Electronic check,21.39,1188.41,No
Male,0,Yes,Yes,58,Yes,No,Fiber optic,No,No,No,Yes,Yes,No,Month-to-month,Yes,Electronic check,79.59,4885.01,Yes
Male,0,Yes,No,37,Yes,No,DSL,No,No,No,No,No,Yes,Month-to-month,No,Bank transfer (automatic),52.76,2058.07,No
Male,0,Yes,Yes,20,No,No phone service,Fiber optic,No,Yes,Yes,No,No,No,Month-to-month,Yes,Bank transfer (automatic),60.32,1172.97,Yes
Female,1,No,No,19,Yes,Yes,DSL,Yes,No,Yes,No,No,No,Month-to-month,No,Credit card (automatic),60.94,1172.77,No
Male,0,No,No,58,Yes,No,Fiber optic,Yes,No,Yes,Yes,Yes,Yes,One year,Yes,Electronic check,96.64,5134.24,No
Male,0,No,No,26,Yes,No,Fiber optic,Yes,Yes,Yes,Yes,No,Yes,One year,Yes,Bank transfer (automatic),94.25,2390.78,Yes
Female,0,No,No,17,Yes,Yes,DSL,No,No,Yes,Yes,Yes,No,Month-to-month,No,Bank transfer (automatic),67.08,1038.06,Yes
Female,0,No,Yes,59,Yes,Yes,No,No internet service,No internet service,No internet service,No internet service,No internet service,No internet service,One year,No,Credit card (automatic),23.86,1311.12,No
Female,0,Yes,Yes,62,Yes,Yes,No,No internet service,No internet service,No internet service,No internet service,No internet service,No internet service,Month-to-month,No,Electronic check,22.52,1381.65,No
Male,0,No,No,33,Yes,Yes,No,No internet service,No internet service,No internet service,No internet service,No internet service,No internet service,Month-to-month,No,Mailed check,26.39,878.77,No
Female,0,No,No,22,No,No phone service,DSL,Yes,No,Yes,Yes,Yes,Yes,Two year,No,Credit card (automatic),47.46,1051.81,No
Male,0,Yes,No,10,Yes,Yes,DSL,Yes,No,No,No,No,Yes,Month-to-month,No,Electronic check,58.2,615.97,Yes
Female,0,Yes,Yes,4,Yes,No,DSL,Yes,No,Yes,No,Yes,Yes,Month-to-month,Yes,Mailed check,71.46,262.46,Yes
Female,0,Yes,Yes,11,Yes,Yes,DSL,No,No,No,Yes,Yes,Yes,One year,No,Electronic check,63.74,639.52,No
Female,0,Yes,No,52,Yes,Yes,Fiber optic,Yes,No,Yes,Yes,No,Yes,Month-to-month,Yes,Electronic check,89.92,4639.55,Yes
Female,0,Yes,No,36,Yes,No,Fiber optic,No,No,No,No,No,No,Month-to-month,Yes,Credit card (automatic),67.15,2244.8,Yes
Male,0,Yes,No,59,Yes,No,No,No internet service,No internet service,No internet service,No internet service,No internet service,No internet service,Month-to-month,Yes,Mailed check,19.07,1144.96,No
Female,0,Yes,No,18,Yes,No,Fiber optic,No,Yes,No,Yes,No,Yes,Month-to-month,No,Mailed check,87.76,1653.16,Yes
Male,0,No,No,29,Yes,No,DSL,Yes,No,Yes,No,No,No,Month-to-month,Yes,Electronic check,56.07,1497.55,Yes
Female,0,Yes,No,32,Yes,No,No,No internet service,No internet service,No internet service,No internet service,No internet service,No internet service,One year,No,Bank transfer (automatic),18.11,584.63,No
Male,0,No,No,22,Yes,No,Fiber optic,No,Yes,No,No,Yes,No,Month-to-month,Yes,Credit card (automatic),76.2,1726.24,Yes
Male,0,No,No,56,Yes,No,DSL,Yes,Yes,Yes,Yes,No,No,Two year,Yes,Bank transfer (automatic),67.58,3665.54,No
Female,0,Yes,Yes,3,Yes,Yes,DSL,No,No,Yes,No,Yes,No,Month-to-month,Yes,Electronic check,61.24,181.62,Yes
Male,1,Yes,No,39,Yes,No,Fiber optic,No,Yes,No,No,No,No,Month-to-month,Yes,Mailed check,73.22,2983.57,Yes
Male,1,Yes,Yes,64,Yes,Yes,No,No internet service,No internet service,No internet service,No internet service,No internet service,No internet service,Month-to-month,No,Mailed check,25.54,1692.4,No
Female,1,Yes,No,5,Yes,No,No,No internet service,No internet service,No internet service,No internet service,No internet service,No internet service,Month-to-month,No,Electronic check,19.08,89.53,Yes
Female,1,No,No,54,Yes,Yes,DSL,No,Yes,Yes,Yes,Yes,Yes,One year,No,Bank transfer (automatic),75.26,4065.99,No
Female,0,No,Yes,5,Yes,Yes,No,No internet service,No internet service,No internet service,No internet service,No internet service,No internet service,Month-to-month,No,Electronic check,23.41,,No
Female,0,Yes,Yes,9,Yes,Yes,Fiber optic,Yes,No,No,Yes,Yes,No,Month-to-month,Yes,Credit card (automatic),84.28,722.0,No
Female,0,Yes,No,24,Yes,No,No,No internet service,No internet service,No internet service,No internet service,No internet service,No internet service,Month-to-month,No,Credit card (automatic),16.53,409.03,No
Female,0,Yes,Yes,64,Yes,No,No,No internet service,No internet service,No internet service,No internet service,No internet service,No internet service,Month-to-month,No,Bank transfer (automatic),20.12,1347.52,No
Female,1,No,No,9,Yes,Yes,DSL,Yes,No,Yes,No,No,Yes,One year,No,Mailed check,67.28,562.43,No
Male,0,No,Yes,56,Yes,Yes,Fiber optic,No,Yes,No,No,No,Yes,One year,No,Bank transfer (automatic),81.07,4506.53,No
Male,0,Yes,No,68,Yes,Yes,No,No internet service,No internet service,No internet service,No internet service,No internet service,No internet service,Two year,Yes,Credit card (automatic),24.63,1652.55,No
Female,0,No,No,1,Yes,Yes,DSL,Yes,No,Yes,No,No,No,One year,Yes,Mailed check,65.75,64.63,Yes
Female,0,Yes,No,60,No,No phone service,Fiber optic,Yes,Yes,No,Yes,No,Yes,Month-to-month,Yes,Bank transfer (automatic),74.16,4179.45,Yes
Male,0,No,No,10,Yes,Yes,DSL,No,Yes,No,No,No,No,Month-to-month,No,Electronic check,55.58,520.81,Yes
Male,0,Yes,No,61,Yes,Yes,Fiber optic,Yes,Yes,Yes,No,Yes,Yes,Two year,No,Credit card (automatic),98.12,5459.19,No
Male,0,No,No,27,Yes,Yes,DSL,Yes,Yes,No,No,No,No,Month-to-month,Yes,Electronic check,59.66,1666.09,Yes
Female,0,Yes,No,25,Yes,Yes,DSL,Yes,No,No,No,No,No,Month-to-month,No,Mailed check,54.79,1277.08,Yes
Male,0,No,No,35,Yes,Yes,Fiber optic,No,Yes,No,Yes,No,Yes,Two year,Yes,Electronic check,83.65,2951.72,No
Male,0,Yes,No,47,Yes,Yes,Fiber optic,Yes,Yes,Yes,No,No,Yes,Two year,Yes,Electronic check,93.51,4235.17,No
Female,0,No,No,56,Yes,Yes,Fiber optic,Yes,No,Yes,No,Yes,No,Two year,Yes,Electronic check,83.25,4322.32,No
Female,0,No,No,63,Yes,Yes,DSL,No,Yes,No,No,Yes,No,One year,No,Bank transfer (automatic),58.82,3651.83,No
Female,1,Yes,No,40,Yes,Yes,DSL,No,Yes,No,Yes,Yes,No,Two year,Yes,Mailed check,68.05,2752.93,No
Male,0,Yes,Yes,62,Yes,Yes,DSL,No,Yes,No,No,Yes,No,One year,No,Credit card (automatic),62.12,3715.21,No
Male,1,No,No,11,Yes,No,DSL,No,Yes,No,No,No,Yes,Two year,No,Credit card (automatic),62.74,703.58,No
Male,0,No,No,9,Yes,Yes,DSL,No,No,Yes,Yes,No,No,Month-to-month,No,Credit card (automatic),65.1,592.51,Yes
Male,0,No,No,47,Yes,No,DSL,Yes,No,No,No,Yes,Yes,Month-to-month,No,Credit card (automatic),63.21,2902.78,No
Male,0,Yes,Yes,51,Yes,Yes,DSL,Yes,No,No,Yes,Yes,No,Month-to-month,Yes,Electronic check,65.29,3431.01,Yes
Male,1,No,Yes,34,Yes,No,No,No internet service,No internet service,No internet service,No internet service,No internet service,No internet service,Month-to-month,No,Bank transfer (automatic),23.55,798.21,No
Female,0,Yes,Yes,68,Yes,No,DSL,Yes,Yes,No,No,Yes,No,Two year,Yes,Bank transfer (automatic),67.6,4870.48,No
Female,0,Yes,No,10,Yes,Yes,No,No internet service,No internet service,No internet service,No internet service,No internet service,No internet service,Month-to-month,No,Credit card (automatic),24.42,239.75,No
Male,1,Yes,Yes,34,Yes,Yes,DSL,No,Yes,No,No,No,Yes,Month-to-month,Yes,Mailed check,68.29,2318.51,Yes
Female,0,Yes,Yes,12,Yes,Yes,Fiber optic,No,Yes,No,No,Yes,No,Month-to-month,Yes,Credit card (automatic),90.65,1101.15,Yes
Male,0,Yes,Yes,21,Yes,No,DSL,Yes,Yes,No,No,No,No,Month-to-month,No,Mailed check,56.68,1157.27,Yes
Male,0,No,No,45,Yes,No,Fiber optic,Yes,No,No,Yes,Yes,Yes,Two year,Yes,Electronic check,88.2,3656.44,No
Female,0,No,No,55,No,No phone service,DSL,No,Yes,No,Yes,Yes,Yes,One year,Yes,Credit card (automatic),52.7,2774.95,No
Female,0,Yes,No,32,Yes,No,Fiber optic,No,Yes,No,Yes,No,Yes,Two year,Yes,Credit card (automatic),84.01,2618.97,No
Male,0,Yes,No,53,Yes,Yes,Fiber optic,Yes,No,No,No,No,Yes,Month-to-month,Yes,Bank transfer (automatic),81.37,4403.27,No
Female,0,Yes,Yes,64,Yes,Yes,DSL,Yes,No,Yes,No,Yes,No,Month-to-month,Yes,Mailed check,66.91,3977.34,No
Male,0,No,No,28,Yes,No,Fiber optic,Yes,Yes,Yes,No,No,No,Month-to-month,Yes,Electronic check,79.0,2243.81,Yes
Male,0,Yes,No,21,Yes,Yes,Fiber optic,No,Yes,No,No,No,Yes,Month-to-month,No,Bank transfer (automatic),82.05,1682.24,Yes
Male,0,No,No,24,Yes,Yes,DSL,No,No,No,Yes,No,Yes,Month-to-month,No,Electronic check,54.29,1276.69,No
Female,0,Yes,Yes,63,Yes,No,Fiber optic,Yes,Yes,Yes,Yes,No,Yes,Two year,No,Electronic check,92.82,5873.79,No
Female,0,No,No,20,Yes,Yes,DSL,No,Yes,No,No,No,No,One year,No,Credit card (automatic),61.59,1163.03,No
Male,0,Yes,No,64,Yes,No,DSL,Yes,Yes,Yes,No,Yes,Yes,Month-to-month,No,Electronic check,70.93,4557.67,No
Female,0,Yes,No,11,Yes,No,Fiber optic,Yes,Yes,Yes,Yes,No,Yes,Two year,Yes,Credit card (automatic),92.07,937.28,No
Male,0,Yes,Yes,19,Yes,Yes,Fiber optic,No,Yes,Yes,No,No,No,Month-to-month,Yes,Bank transfer (automatic),87.46,1612.6,Yes
Male,0,No,No,15,Yes,Yes,Fiber optic,No,No,No,No,No,No,Month-to-month,No,Bank transfer (automatic),75.2,1126.65,Yes
Male,0,No,No,62,Yes,No,Fiber optic,Yes,Yes,No,Yes,No,Yes,Month-to-month,Yes,Credit card (automatic),91.35,5289.15,Yes
Male,0,Yes,No,55,Yes,No,Fiber optic,Yes,Yes,Yes,Yes,No,No,Month-to-month,Yes,Bank transfer (automatic),93.29,4944.3,No
Female,0,Yes,No,27,Yes,Yes,Fiber optic,Yes,No,No,Yes,No,No,Month-to-month,Yes,Electronic check,83.35,2188.44,Yes
Male,0,No,No,25,Yes,No,Fiber optic,No,No,Yes,Yes,No,No,Month-to-month,No,Bank transfer (automatic),73.97,1728.5,Yes
Male,0,Yes,No,50,Yes,No,Fiber optic,No,No,Yes,No,No,No,Month-to-month,Yes,Bank transfer (automatic),73.66,3594.32,No
Male,0,Yes,No,55,Yes,Yes,DSL,Yes,No,No,No,Yes,No,Two year,Yes,Mailed check,61.88,3523.34,No
Male,0,Yes,Yes,42,Yes,Yes,Fiber optic,No,Yes,No,No,Yes,No,Month-to-month,Yes,Electronic check,84.05,3600.79,No
Male,0,No,Yes,23,Yes,Yes,DSL,Yes,No,No,No,No,Yes,Month-to-month,Yes,Electronic check,60.06,1268.31,Yes
Male,0,Yes,No,53,Yes,Yes,Fiber optic,Yes,No,Yes,Yes,Yes,Yes,Two year,Yes,Credit card (automatic),95.24,4722.24,No
Female,0,Yes,No,71,Yes,Yes,DSL,Yes,Yes,Yes,Yes,Yes,No,Two year,Yes,Credit card (automatic),75.14,4937.17,No
Female,0,No,No,68,Yes,No,DSL,Yes,Yes,No,No,Yes,Yes,Month-to-month,No,Mailed check,69.83,4507.19,No
Female,0,Yes,Yes,52,Yes,No,DSL,No,No,No,No,Yes,No,Month-to-month,No,Electronic check,51.37,2492.88,No
Female,0,No,No,18,No,No phone service,No,No internet service,No internet service,No internet service,No internet service,No internet service,No internet service,Month-to-month,No,Credit card (automatic),10.0,184.22,No
Female,0,Yes,Yes,54,Yes,Yes,No,No internet service,No internet service,No internet service,No internet service,No internet service,No internet service,One year,No,Electronic check,22.04,1191.67,No
Male,0,No,No,57,Yes,Yes,Fiber optic,No,No,Yes,Yes,No,No,Two year,Yes,Electronic check,84.08,4493.46,No
Female,0,Yes,No,72,Yes,No,Fiber optic,No,No,Yes,Yes,Yes,No,Month-to-month,Yes,Mailed check,80.38,5646.53,No
Female,0,No,No,23,Yes,No,DSL,Yes,Yes,No,No,Yes,Yes,One year,Yes,Bank transfer (automatic),62.46,1468.63,No
Male,0,No,No,34,Yes,No,Fiber optic,No,Yes,Yes,No,No,No,One year,No,Mailed check,76.04,2656.74,No
Male,0,No,No,26,Yes,No,No,No internet service,No internet service,No internet service,No internet service,No internet service,No internet service,Month-to-month,Yes,Electronic check,23.14,567.27,No
Female,0,Yes,No,69,Yes,Yes,Fiber optic,No,No,No,Yes,No,No,Month-to-month,No,Bank transfer (automatic),79.65,5563.3,No
Male,0,Yes,Yes,28,Yes,Yes,Fiber optic,No,Yes,No,No,Yes,No,Month-to-month,No,Credit card (automatic),83.95,2263.65,Yes
Male,0,No,No,55,Yes,Yes,No,No internet service,No internet service,No internet service,No internet service,No internet service,No internet service,Month-to-month,Yes,Bank transfer (automatic),24.38,1306.09,Yes
Female,1,Yes,No,26,No,No phone service,DSL,Yes,No,Yes,Yes,Yes,Yes,Two year,No,Credit card (automatic),58.56,1556.25,No
Female,0,Yes,No,53,Yes,Yes,DSL,Yes,No,No,Yes,No,Yes,Month-to-month,No,Electronic check,67.77,3302.45,No
Male,0,No,Yes,66,Yes,Yes,DSL,No,No,No,Yes,No,No,Month-to-month,Yes,Electronic check,57.09,3803.68,Yes
Male,0,Yes,Yes,25,No,No phone service,DSL,No,No,Yes,Yes,Yes,No,Two year,Yes,Electronic check,47.43,1097.02,No
Male,0,Yes,Yes,36,No,No phone service,DSL,No,No,Yes,No,Yes,Yes,Month-to-month,Yes,Bank transfer (automatic),45.64,1694.93,No
Male,0,Yes,No,32,Yes,Yes,DSL,No,No,No,No,Yes,No,Month-to-month,No,Mailed check,53.4,1726.98,Yes
Female,0,Yes,Yes,70,Yes,Yes,DSL,No,Yes,Yes,No,Yes,No,Month-to-month,No,Bank transfer (automatic),66.11,4345.94,Yes
Female,0,Yes,No,10,Yes,No,Fiber optic,No,No,No,No,No,No,Month-to-month,Yes,Bank transfer (automatic),65.97,629.48,Yes
Female,0,No,No,30,Yes,Yes,Fiber optic,Yes,Yes,No,No,Yes,No,Two year,Yes,Mailed check,88.75,2661.68,No
Female,0,No,No,41,Yes,No,Fiber optic,Yes,No,Yes,No,No,Yes,Month-to-month,Yes,Mailed check,81.48,3408.25,Yes
Female,1,Yes,No,46,Yes,Yes,DSL,No,No,No,No,No,No,Month-to-month,Yes,Electronic check,56.65,2598.24,Yes
Male,0,Yes,Yes,51,Yes,No,No,No internet service,No internet service,No internet service,No internet service,No internet service,No internet service,Month-to-month,No,Electronic check,18.55,966.87,Yes
Male,0,No,No,21,Yes,No,DSL,No,No,No,No,Yes,No,Month-to-month,No,Credit card (automatic),52.82,1070.96,Yes
Female,1,Yes,Yes,44,Yes,No,Fiber optic,Yes,No,No,No,Yes,Yes,Month-to-month,Yes,Credit card (automatic),84.25,3848.29,No
Female,0,No,No,3,Yes,No,Fiber optic,No,No,No,Yes,Yes,No,Month-to-month,No,Electronic check,82.21,228.07,Yes
Female,0,No,No,44,Yes,No,DSL,Yes,No,No,No,Yes,No,Month-to-month,Yes,Electronic check,61.76,2745.17,Yes
Male,0,Yes,Yes,17,Yes,Yes,Fiber optic,Yes,Yes,No,No,Yes,No,One year,No,Credit card (automatic),88.53,1480.9,Yes
Male,0,Yes,Yes,70,Yes,No,No,No internet service,No internet service,No internet service,No internet service,No internet service,No internet service,Month-to-month,Yes,Mailed check,11.24,810.56,No
Male,0,No,Yes,71,Yes,No,DSL,No,Yes,No,No,No,No,Month-to-month,No,Credit card (automatic),55.18,4047.06,No
Male,0,No,No,72,Yes,Yes,Fiber optic,No,No,No,No,No,No,Month-to-month,Yes,Mailed check,74.08,5457.73,Yes
Male,0,Yes,Yes,47,Yes,No,Fiber optic,No,Yes,Yes,Yes,No,Yes,One year,No,Mailed check,87.02,4207.63,No
Female,1,No,No,50,Yes,Yes,Fiber optic,No,Yes,No,No,No,No,Month-to-month,Yes,Mailed check,80.43,3719.95,No
Male,0,No,No,61,Yes,No,DSL,Yes,No,No,No,No,No,Month-to-month,No,Bank transfer (automatic),46.96,2661.88,No
Female,0,Yes,No,18,Yes,No,DSL,Yes,Yes,No,No,No,Yes,Month-to-month,Yes,Electronic check,62.64,1052.77,Yes
Male,1,No,Yes,8,Yes,Yes,Fiber optic,No,Yes,Yes,No,Yes,No,One year,Yes,Credit card (automatic),88.42,709.86,Yes
Male,0,Yes,No,38,Yes,No,DSL,Yes,Yes,Yes,No,Yes,No,Two year,No,Credit card (automatic),65.96,2588.97,No
Female,0,Yes,No,18,Yes,No,DSL,No,No,No,Yes,No,Yes,Two year,No,Electronic check,57.58,952.03,No
Male,0,Yes,No,28,Yes,No,DSL,No,Yes,Yes,Yes,Yes,Yes,One year,Yes,Bank transfer (automatic),75.7,2005.35,No
Male,0,No,No,25,Yes,No,Fiber optic,Yes,No,Yes,Yes,No,Yes,Two year,Yes,Electronic check,90.69,2187.73,No
Female,0,No,No,55,Yes,Yes,Fiber optic,No,No,No,Yes,Yes,No,Two year,Yes,Bank transfer (automatic),84.35,4264.14,No
Male,0,Yes,No,71,Yes,No,No,No internet service,No internet service,No internet service,No internet service,No internet service,No internet service,Two year,Yes,Electronic check,17.19,1246.83,No
Male,0,No,Yes,4,Yes,No,DSL,Yes,Yes,Yes,Yes,No,No,Two year,Yes,Electronic check,67.39,256.81,No
Female,0,Yes,Yes,29,No,No phone service,Fiber optic,No,No,No,No,Yes,Yes,Month-to-month,Yes,Electronic check,60.61,1634.87,Yes
Male,0,Yes,No,7,Yes,No,Fiber optic,Yes,No,Yes,Yes,Yes,No,One year,Yes,Mailed check,87.32,613.61,Yes
Male,0,Yes,Yes,16,Yes,Yes,DSL,Yes,No,Yes,Yes,No,No,Two year,Yes,Credit card (automatic),69.95,1081.35,No
Male,0,No,No,1,Yes,Yes,Fiber optic,No,No,Yes,No,Yes,No,Month-to-month,Yes,Credit card (automatic),84.23,86.29,Yes
Female,0,No,No,71,Yes,Yes,DSL,Yes,Yes,Yes,Yes,No,No,Two year,Yes,Electronic check,73.51,5007.2,No
Female,1,Yes,No,47,Yes,No,Fiber optic,No,No,No,No,No,No,Month-to-month,No,Bank transfer (automatic),67.47,3086.67,No
Female,0,No,No,47,No,No phone service,DSL,No,No,No,No,No,No,Month-to-month,No,Bank transfer (automatic),29.25,1339.3,No
Male,0,Yes,No,65,Yes,No,DSL,No,No,Yes,No,No,No,One year,Yes,Credit card (automatic),52.83,3225.25,No
Female,0,No,No,7,Yes,Yes,DSL,No,Yes,Yes,Yes,No,Yes,Two year,Yes,Bank transfer (automatic),74.4,493.28,No
Male,0,Yes,No,13,Yes,No,DSL,Yes,Yes,Yes,Yes,No,Yes,One year,Yes,Electronic check,74.01,908.1,Yes
Female,0,Yes,Yes,45,Yes,Yes,No,No internet service,No internet service,No internet service,No internet service,No internet service,No internet service,One year,Yes,Credit card (automatic),26.77,1270.34,No
Male,0,No,No,12,Yes,Yes,DSL,Yes,No,Yes,Yes,No,Yes,Two year,No,Bank transfer (automatic),77.07,851.96,Yes
Female,1,Yes,No,12,Yes,No,DSL,Yes,No,Yes,No,Yes,No,Month-to-month,No,Electronic check,65.06,769.56,Yes
Female,0,No,Yes,47,No,No phone service,Fiber optic,Yes,No,Yes,Yes,Yes,Yes,Two year,Yes,Credit card (automatic),71.76,3114.13,No
Female,0,No,Yes,58,Yes,No,Fiber optic,No,No,No,Yes,No,No,Month-to-month,Yes,Bank transfer (automatic),76.71,4447.56,No
Male,0,No,No,54,Yes,No,DSL,No,Yes,No,No,No,No,Month-to-month,Yes,Bank transfer (automatic),57.8,,No
Male,0,No,No,27,Yes,Yes,Fiber optic,Yes,No,Yes,Yes,Yes,No,One year,Yes,Mailed check,92.46,2320.07,No
Female,0,Yes,No,45,Yes,No,Fiber optic,Yes,No,Yes,No,No,No,Month-to-month,Yes,Bank transfer (automatic),77.12,3550.1,No
Female,0,Yes,No,20,No,No phone service,DSL,No,No,Yes,No,No,Yes,Month-to-month,No,Electronic check,42.18,767.98,Yes
Male,0,Yes,Yes,9,Yes,Yes,No,No internet service,No internet service,No internet service,No internet service,No internet service,No internet service,One year,No,Bank transfer (automatic),22.4,188.22,No
Male,0,No,Yes,8,Yes,Yes,DSL,Yes,Yes,Yes,Yes,Yes,No,One year,Yes,Electronic check,86.69,671.52,No
Female,0,No,No,8,Yes,Yes,Fiber optic,Yes,No,No,Yes,Yes,Yes,Two year,Yes,Electronic check,93.29,753.85,No
Male,0,No,No,7,Yes,Yes,Fiber optic,No,No,No,No,No,No,Month-to-month,Yes,Bank transfer (automatic),74.59,484.15,Yes
Male,0,No,No,62,Yes,No,DSL,No,Yes,No,Yes,No,No,Month-to-month,Yes,Credit card (automatic),58.67,3772.79,No
Female,0,No,No,18,No,No phone service,Fiber optic,No,Yes,No,No,No,Yes,Month-to-month,Yes,Credit card (automatic),60.8,1119.37,Yes
Male,0,Yes,Yes,46,Yes,Yes,DSL,Yes,Yes,Yes,Yes,Yes,No,One year,No,Electronic check,75.19,3173.74,No
Male,0,No,No,24,Yes,No,Fiber optic,No,Yes,No,No,Yes,No,Month-to-month,Yes,Credit card (automatic),82.16,2042.79,Yes
Female,0,Yes,Yes,10,Yes,No,DSL,No,No,Yes,No,No,No,Two year,Yes,Electronic check,51.78,521.31,No
Male,0,No,No,68,Yes,No,Fiber optic,Yes,Yes,Yes,No,No,Yes,One year,Yes,Bank transfer (automatic),87.86,6057.8,No
Male,1,Yes,Yes,72,Yes,No,DSL,No,Yes,No,Yes,Yes,Yes,Month-to-month,Yes,Electronic check,71.47,4880.79,Yes
Female,0,Yes,Yes,19,Yes,Yes,DSL,Yes,Yes,No,No,No,Yes,Two year,Yes,Credit card (automatic),70.72,1359.25,No
Male,0,No,No,47,Yes,No,DSL,Yes,No,Yes,Yes,Yes,No,Two year,Yes,Electronic check,66.15,3137.34,No
Female,0,No,No,59,Yes,Yes,Fiber optic,Yes,No,Yes,No,No,No,Month-to-month,No,Mailed check,86.5,5290.88,Yes
Male,0,No,Yes,46,Yes,No,Fiber optic,No,No,Yes,No,No,No,Month-to-month,No,Mailed check,,3429.8,Yes
Male,0,Yes,Yes,48,Yes,No,No,No internet service,No internet service,No internet service,No internet service,No internet service,No internet service,Two year,Yes,Bank transfer (automatic),23.4,1187.09,No
Female,1,Yes,No,65,Yes,Yes,Fiber optic,No,No,No,No,No,No,Month-to-month,Yes,Electronic check,72.65,4593.61,Yes
Male,0,No,No,46,Yes,No,DSL,Yes,No,Yes,No,No,No,Month-to-month,No,Bank transfer (automatic),62.16,2757.33,Yes
Female,0,No,Yes,70,Yes,Yes,Fiber optic,No,Yes,No,No,No,Yes,Month-to-month,No,Electronic check,85.2,5956.02,No
Female,0,No,No,56,Yes,No,Fiber optic,No,No,No,No,No,No,Month-to-month,Yes,Mailed check,64.97,3518.62,No
Female,0,No,No,21,Yes,No,Fiber optic,No,No,No,No,Yes,No,One year,Yes,Mailed check,73.95,1508.05,No
Male,0,No,No,23,Yes,Yes,No,No internet service,No internet service,No internet service,No internet service,No internet service,No internet service,Month-to-month,Yes,Credit card (automatic),21.08,448.9,Yes
Male,0,No,No,56,No,No phone service,DSL,No,Yes,No,No,No,No,Month-to-month,No,Electronic check,26.42,1403.5,No
Female,0,No,No,66,No,No phone service,Fiber optic,No,Yes,Yes,No,Yes,No,Month-to-month,Yes,Bank transfer (automatic),65.62,4182.11,No
Female,0,Yes,Yes,24,Yes,Yes,DSL,No,No,No,Yes,No,No,Month-to-month,Yes,Credit card (automatic),55.8,1332.62,No
Male,0,No,Yes,6,Yes,No,Fiber optic,No,No,No,No,Yes,No,Month-to-month,Yes,Electronic check,72.87,438.69,Yes
Female,1,No,No,55,No,No phone service,DSL,No,Yes,No,No,No,No,Month-to-month,No,Mailed check,32.34,1717.42,No
Male,0,No,No,41,Yes,No,Fiber optic,Yes,Yes,Yes,Yes,Yes,No,One year,No,Bank transfer (automatic),91.73,3972.35,No
Male,0,No,No,54,Yes,Yes,Fiber optic,Yes,Yes,No,Yes,No,No,One year,Yes,Electronic check,91.03,5000.64,No
Male,0,Yes,No,51,Yes,Yes,Fiber optic,Yes,No,No,Yes,No,No,Month-to-month,Yes,Mailed check,81.6,4160.13,No
Male,0,Yes,No,66,No,No phone service,DSL,No,No,Yes,No,Yes,No,Month-to-month,No,Electronic check,35.99,2180.99,Yes
Male,0,No,No,57,No,No phone service,DSL,No,No,No,No,No,No,Month-to-month,No,Bank transfer (automatic),31.58,1857.19,Yes
Male,1,No,No,28,No,No phone service,DSL,Yes,No,No,No,No,No,Month-to-month,Yes,Credit card (automatic),39.28,1042.27,No
Male,1,Yes,No,27,Yes,No,DSL,No,No,Yes,Yes,Yes,No,Month-to-month,No,Electronic check,66.04,1724.75,Yes
Female,0,Yes,Yes,35,Yes,No,DSL,Yes,Yes,Yes,Yes,Yes,Yes,Two year,No,Credit card (automatic),80.78,2878.06,No
Male,0,No,No,10,Yes,Yes,Fiber optic,Yes,No,No,No,No,Yes,One year,No,Mailed check,,850.64,Yes
Female,0,No,No,8,Yes,No,Fiber optic,Yes,Yes,No,Yes,No,Yes,Month-to-month,Yes,Electronic check,87.36,640.67,Yes
Male,0,No,No,34,No,No phone service,DSL,No,Yes,No,No,Yes,No,Month-to-month,Yes,Credit card (automatic),44.48,1442.19,Yes
Female,0,No,Yes,65,Yes,Yes,No,No internet service,No internet service,No internet service,No internet service,No internet service,No internet service,Month-to-month,No,Mailed check,23.46,1440.89,No
Female,0,No,No,43,Yes,Yes,Fiber optic,No,No,No,No,No,No,One year,Yes,Credit card (automatic),68.57,3105.31,Yes
Male,0,No,No,53,Yes,Yes,Fiber optic,Yes,Yes,Yes,No,No,Yes,One year,Yes,Bank transfer (automatic),93.21,4581.1,No
Female,0,Yes,Yes,42,Yes,No,Fiber optic,No,No,Yes,No,No,No,Month-to-month,Yes,Electronic check,70.74,2761.92,Yes
Male,1,No,No,23,Yes,No,Fiber optic,Yes,No,Yes,No,No,No,One year,Yes,Mailed check,79.56,1683.93,No
Female,0,Yes,No,67,Yes,No,DSL,Yes,No,Yes,Yes,Yes,No,Month-to-month,Yes,Electronic check,75.31,,No
Male,0,No,No,1,Yes,No,No,No internet service,No internet service,No internet service,No internet service,No internet service,No internet service,Month-to-month,No,Mailed check,20.15,20.71,Yes
Male,1,Yes,No,37,Yes,Yes,Fiber optic,No,Yes,Yes,No,Yes,Yes,Two year,No,Bank transfer (automatic),92.88,3597.86,No
Male,0,No,No,3,Yes,No,DSL,No,Yes,Yes,Yes,No,No,Two year,No,Bank transfer (automatic),64.63,179.83,No
Female,0,No,No,13,Yes,No,No,No internet service,No internet service,No internet service,No internet service,No internet service,No internet service,Month-to-month,No,Electronic check,14.39,188.75,No
Male,0,Yes,Yes,66,Yes,Yes,Fiber optic,No,Yes,Yes,No,No,No,Month-to-month,Yes,Mailed check,85.36,5166.85,Yes
Male,0,Yes,No,70,No,No phone service,DSL,Yes,No,Yes,No,No,Yes,One year,No,Electronic check,43.75,3201.19,No
Male,0,Yes,Yes,46,Yes,Yes,DSL,No,No,No,No,No,Yes,Month-to-month,Yes,Electronic check,57.47,2665.79,No
Male,1,Yes,No,2,Yes,No,No,No internet service,No internet service,No internet service,No internet service,No internet service,No internet service,Two year,Yes,Credit card (automatic),16.29,32.27,No
Female,0,Yes,Yes,48,Yes,Yes,No,No internet service,No internet service,No internet service,No internet service,No internet service,No internet service,Month-to-month,Yes,Credit card (automatic),26.14,1245.2,Yes
Female,0,No,No,4,Yes,Yes,DSL,No,No,No,Yes,No,No,Month-to-month,Yes,Credit card (automatic),55.8,203.57,Yes
Male,1,No,No,66,Yes,Yes,Fiber optic,No,Yes,Yes,Yes,Yes,No,Month-to-month,No,Credit card (automatic),89.86,5563.11,Yes
Female,0,No,Yes,15,Yes,Yes,No,No internet service,No internet service,No internet service,No internet service,No internet service,No internet service,One year,Yes,Electronic check,21.99,311.23,No
Male,0,No,No,53,Yes,Yes,DSL,Yes,Yes,No,No,Yes,No,One year,Yes,Mailed check,66.35,3259.93,No
Male,0,Yes,Yes,35,No,No phone service,DSL,Yes,No,Yes,Yes,Yes,Yes,One year,No,Electronic check,51.6,1717.84,No
Male,0,Yes,No,57,Yes,Yes,No,No internet service,No internet service,No internet service,No internet service,No internet service,No internet service,Month-to-month,Yes,Electronic check,24.91,1493.79,No
Male,1,No,No,49,Yes,Yes,Fiber optic,No,No,No,No,No,No,Month-to-month,Yes,Electronic check,74.88,3371.57,No
Female,0,Yes,Yes,32,Yes,Yes,No,No internet service,No internet service,No internet service,No internet service,No internet service,No internet service,Month-to-month,Yes,Mailed check,21.11,638.05,No
Female,0,Yes,Yes,52,Yes,No,DSL,Yes,Yes,No,No,No,No,Month-to-month,No,Credit card (automatic),59.88,2976.14,Yes
Male,0,Yes,Yes,37,Yes,No,DSL,No,No,No,No,Yes,Yes,Month-to-month,Yes,Bank transfer (automatic),54.23,1914.94,Yes
Male,0,Yes,Yes,48,Yes,No,No,No internet service,No internet service,No internet service,No internet service,No internet service,No internet service,Two year,No,Electronic check,16.91,740.84,No
Male,0,Yes,Yes,71,Yes,No,DSL,Yes,No,No,No,No,No,Two year,Yes,Credit card (automatic),55.27,3985.21,No
Male,0,No,No,2,Yes,Yes,Fiber optic,No,No,No,Yes,Yes,No,Two year,No,Electronic check,80.99,164.04,No
Male,1,Yes,Yes,23,Yes,No,Fiber optic,No,No,No,No,No,Yes,Month-to-month,Yes,Credit card (automatic),73.02,1653.49,Yes
Female,0,No,No,35,Yes,Yes,No,No internet service,No internet service,No internet service,No internet service,No internet service,No internet service,Month-to-month,Yes,Electronic check,21.76,786.71,No
Male,0,No,Yes,28,Yes,Yes,DSL,No,No,Yes,No,No,No,Month-to-month,No,Bank transfer (automatic),57.65,1592.82,Yes
Male,0,No,No,58,Yes,Yes,Fiber optic,No,No,Yes,No,No,No,Month-to-month,Yes,Credit card (automatic),71.92,4026.59,Yes
Male,0,No,Yes,72,Yes,Yes,DSL,No,No,No,No,Yes,No,Month-to-month,No,Bank transfer (automatic),50.61,3680.07,No
Female,0,No,No,53,Yes,Yes,DSL,Yes,No,No,No,Yes,Yes,Month-to-month,No,Mailed check,65.27,3226.86,No
Female,0,No,No,14,Yes,Yes,DSL,No,No,No,No,No,No,Month-to-month,No,Electronic check,54.1,721.93,No
Female,0,Yes,Yes,58,Yes,Yes,No,No internet service,No internet service,No internet service,No internet service,No internet service,No internet service,Two year,Yes,Mailed check,25.27,1389.75,No
Male,0,No,Yes,41,Yes,Yes,Fiber optic,No,No,Yes,No,Yes,No,Month-to-month,No,Electronic check,83.33,3260.05,Yes
Female,0,Yes,No,18,Yes,No,Fiber optic,No,No,Yes,No,Yes,Yes,Two year,Yes,Mailed check,86.3,1600.97,No
Male,0,No,Yes,12,Yes,No,Fiber optic,Yes,No,Yes,No,No,No,Month-to-month,Yes,Electronic check,72.84,880.4,Yes
Female,1,No,No,31,Yes,Yes,DSL,No,No,Yes,Yes,No,No,Two year,Yes,Credit card (automatic),58.72,1895.74,No
Female,0,Yes,Yes,50,Yes,No,DSL,No,Yes,Yes,No,Yes,Yes,One year,No,Bank transfer (automatic),68.59,3502.13,Yes
Female,1,Yes,No,51,Yes,No,Fiber optic,Yes,Yes,No,Yes,No,No,Month-to-month,Yes,Bank transfer (automatic),83.72,4492.86,Yes
Female,0,Yes,Yes,2,Yes,No,Fiber optic,No,Yes,Yes,No,No,No,Month-to-month,Yes,Bank transfer (automatic),74.75,157.54,Yes
Male,0,No,No,51,No,No phone service,Fiber optic,No,Yes,Yes,No,No,No,Two year,Yes,Mailed check,58.39,2732.64,No
Male,0,Yes,Yes,41,Yes,Yes,No,No internet service,No internet service,No internet service,No internet service,No internet service,No internet service,Month-to-month,No,Mailed check,22.32,909.26,No
Male,0,Yes,No,0,Yes,Yes,DSL,Yes,No,Yes,No,Yes,Yes,One year,No,Electronic check,73.63,0.0,No
Female,0,Yes,No,2,Yes,Yes,Fiber optic,No,Yes,No,Yes,No,Yes,Two year,Yes,Electronic check,84.98,170.9,Yes
Male,0,No,No,18,Yes,Yes,Fiber optic,No,No,No,Yes,No,No,Month-to-month,No,Mailed check,76.38,1427.9,No
Female,1,Yes,Yes,19,Yes,No,DSL,Yes,Yes,No,No,Yes,No,Two year,No,Credit card (automatic),61.24,1161.45,No
Male,0,No,No,40,Yes,No,Fiber optic,Yes,No,Yes,Yes,Yes,Yes,One year,Yes,Electronic check,94.55,3987.43,No
Female,0,Yes,No,50,Yes,Yes,DSL,Yes,No,Yes,No,Yes,No,One year,Yes,Electronic check,63.26,3139.09,No
Male,0,No,No,61,Yes,No,No,No internet service,No internet service,No internet service,No internet service,No internet service,No internet service,One year,No,Electronic check,18.54,1068.69,No
Male,1,No,No,32,Yes,No,DSL,No,No,Yes,Yes,No,No,Month-to-month,Yes,Bank transfer (automatic),56.27,1804.76,No
Male,0,Yes,Yes,16,No,No phone service,No,No internet service,No internet service,No internet service,No internet service,No internet service,No internet service,Month-to-month,Yes,Electronic check,10.0,146.67,Yes
Female,0,Yes,No,4,No,No phone service,Fiber optic,Yes,No,No,No,Yes,Yes,Month-to-month,Yes,Bank transfer (automatic),65.63,267.55,No
Male,0,Yes,No,51,Yes,Yes,DSL,Yes,Yes,No,No,Yes,No,One year,No,Bank transfer (automatic),68.97,3623.14,No
Female,0,Yes,Yes,4,Yes,No,DSL,No,Yes,Yes,No,Yes,Yes,One year,No,Electronic check,68.94,274.69,No
Female,0,Yes,Yes,24,Yes,Yes,No,No internet service,No internet service,No internet service,No internet service,No internet service,No internet service,Two year,Yes,Bank transfer (automatic),,587.32,No
Female,0,No,Yes,65,Yes,No,No,No internet service,No internet service,No internet service,No internet service,No internet service,No internet service,Month-to-month,No,Credit card (automatic),20.0,1259.42,No
Female,0,Yes,Yes,45,Yes,No,DSL,No,Yes,No,No,No,No,Month-to-month,No,Bank transfer (automatic),52.34,2301.58,Yes
Male,0,Yes,Yes,11,Yes,Yes,Fiber optic,No,No,No,Yes,Yes,No,Month-to-month,Yes,Bank transfer (automatic),78.9,843.74,Yes
Female,0,Yes,No,70,No,No phone service,DSL,Yes,Yes,No,No,No,Yes,Two year,No,Electronic check,42.67,2951.08,No
Male,0,No,No,69,No,No phone service,No,No internet service,No internet service,No internet service,No internet service,No internet service,No internet service,Month-to-month,Yes,Electronic check,10.0,668.75,No
Male,0,Yes,No,5,Yes,Yes,Fiber optic,No,No,No,No,No,Yes,Two year,Yes,Bank transfer (automatic),82.57,397.33,Yes
Male,0,No,No,23,Yes,No,DSL,Yes,Yes,Yes,Yes,Yes,No,One year,No,Electronic check,76.4,1664.89,No
Female,0,No,No,34,Yes,Yes,DSL,No,Yes,No,No,Yes,No,Month-to-month,No,Electronic check,65.87,2162.56,No
Female,0,No,No,21,Yes,No,DSL,No,Yes,No,No,Yes,No,Month-to-month,Yes,Electronic check,61.7,1334.83,Yes
Female,0,No,No,31,Yes,Yes,DSL,Yes,No,No,Yes,No,Yes,One year,No,Electronic check,67.89,1959.65,Yes
Male,0,No,No,51,Yes,Yes,Fiber optic,Yes,No,Yes,Yes,No,No,Two year,Yes,Electronic check,91.02,4751.3,No
Female,0,No,No,65,Yes,No,Fiber optic,No,No,No,Yes,Yes,Yes,Month-to-month,Yes,Bank transfer (automatic),82.65,5673.11,Yes
Male,0,Yes,No,42,Yes,No,Fiber optic,No,Yes,Yes,No,No,No,One year,No,Bank transfer (automatic),81.58,3215.11,No
Male,0,Yes,Yes,55,Yes,No,Fiber optic,Yes,Yes,Yes,No,No,No,One year,No,Credit card (automatic),87.97,4803.13,No
Male,0,No,No,41,Yes,Yes,DSL,No,Yes,No,Yes,Yes,Yes,One year,No,Credit card (automatic),77.12,2887.81,No
Male,1,Yes,No,30,No,No phone service,Fiber optic,No,No,No,No,No,No,Month-to-month,No,Electronic check,44.65,1350.2,Yes
Female,0,No,No,5,Yes,Yes,Fiber optic,No,No,Yes,No,Yes,Yes,Month-to-month,Yes,Electronic check,89.14,442.4,Yes
Male,0,No,No,37,Yes,No,Fiber optic,Yes,No,No,Yes,Yes,No,Month-to-month,Yes,Credit card (automatic),81.77,3024.92,Yes
Female,0,Yes,No,44,No,No phone service,DSL,No,No,Yes,No,Yes,No,One year,Yes,Mailed check,44.64,2072.47,No
Male,0,Yes,No,70,Yes,Yes,No,No internet service,No internet service,No internet service,No internet service,No internet service,No internet service,Two year,No,Electronic check,20.67,1366.74,No
Female,0,No,No,54,Yes,No,DSL,No,No,No,No,No,No,Month-to-month,No,Mailed check,48.67,2449.04,No
Female,0,No,No,54,Yes,Yes,No,No internet service,No internet service,No internet service,No internet service,No internet service,No internet service,Month-to-month,No,Mailed check,26.45,1448.51,No
Male,0,Yes,Yes,52,No,No phone service,Fiber optic,No,Yes,Yes,Yes,No,Yes,Two year,Yes,Bank transfer (automatic),68.73,3487.07,No
Male,1,No,No,1,Yes,No,No,No internet service,No internet service,No internet service,No internet service,No internet service,No internet service,Month-to-month,Yes,Bank transfer (automatic),17.92,16.44,No
Female,0,Yes,Yes,31,Yes,No,Fiber optic,Yes,Yes,No,No,No,Yes,One year,Yes,Electronic check,80.44,2619.36,Yes
Male,0,Yes,No,46,Yes,Yes,DSL,No,Yes,No,Yes,No,No,Month-to-month,Yes,Mailed check,62.52,2739.85,Yes
Female,0,Yes,No,37,Yes,Yes,DSL,No,Yes,No,Yes,Yes,No,Month-to-month,No,Bank transfer (automatic),65.12,2346.43,Yes
Male,0,No,No,67,Yes,Yes,DSL,No,Yes,Yes,No,No,No,Two year,Yes,Credit card (automatic),63.83,4336.73,No
Female,1,No,No,4,Yes,No,No,No internet service,No internet service,No internet service,No internet service,No internet service,No internet service,One year,No,Electronic check,22.58,82.35,No
Female,1,Yes,No,42,Yes,No,DSL,No,Yes,Yes,Yes,No,No,Month-to-month,No,Electronic check,63.14,2726.26,Yes
Male,0,Yes,No,25,Yes,No,DSL,No,No,No,No,Yes,No,Month-to-month,No,Mailed check,57.34,1418.66,Yes
Male,0,No,Yes,70,Yes,No,Fiber optic,No,No,No,No,No,No,Month-to-month,Yes,Bank transfer (automatic),72.16,4910.21,No
Female,0,Yes,Yes,12,Yes,Yes,DSL,No,No,No,No,No,No,Month-to-month,Yes,Bank transfer (automatic),53.59,,No
Male,0,No,No,36,Yes,Yes,DSL,Yes,No,Yes,No,No,Yes,One year,No,Bank transfer (automatic),64.66,2427.4,No
Female,0,No,Yes,11,Yes,Yes,Fiber optic,Yes,Yes,No,Yes,Yes,No,One year,Yes,Mailed check,91.44,1048.15,No
Male,0,No,No,25,Yes,Yes,No,No internet service,No internet service,No internet service,No internet service,No internet service,No internet service,Two year,Yes,Credit card (automatic),23.63,602.96,No
Male,0,Yes,No,28,Yes,No,No,No internet service,No internet service,No internet service,No internet service,No internet service,No internet service,One year,Yes,Electronic check,22.92,646.39,No
Male,0,No,No,41,Yes,Yes,DSL,No,No,Yes,Yes,No,No,Month-to-month,No,Credit card (automatic),62.25,2660.25,Yes
Female,0,No,Yes,43,Yes,Yes,DSL,No,No,No,No,Yes,No,Month-to-month,Yes,Mailed check,59.45,2442.96,No
Female,0,Yes,No,44,No,No phone service,Fiber optic,No,No,Yes,No,No,No,Month-to-month,Yes,Electronic check,60.39,2574.89,Yes
Female,0,No,No,41,Yes,No,DSL,No,No,Yes,No,No,No,Month-to-month,Yes,Credit card (automatic),51.31,2050.48,No
Male,0,No,Yes,17,Yes,Yes,No,No internet service,No internet service,No internet service,No internet service,No internet service,No internet service,Month-to-month,No,Mailed check,27.98,501.55,No
Male,0,No,No,63,No,No phone service,DSL,No,Yes,Yes,Yes,No,No,Month-to-month,Yes,Electronic check,41.57,2404.14,No
Female,0,Yes,Yes,32,Yes,No,Fiber optic,No,Yes,No,No,No,No,Month-to-month,Yes,Bank transfer (automatic),71.66,2260.61,No
Female,0,Yes,Yes,47,Yes,Yes,No,No internet service,No internet service,No internet service,No internet service,No internet service,No internet service,Month-to-month,No,Electronic check,22.58,1065.26,No
Male,0,No,Yes,23,Yes,Yes,Fiber optic,Yes,Yes,Yes,No,No,Yes,Two year,Yes,Mailed check,89.18,2064.15,No
Male,0,Yes,No,64,Yes,Yes,DSL,No,No,Yes,No,No,No,Month-to-month,Yes,Bank transfer (automatic),57.26,3725.72,Yes
Male,0,No,No,19,Yes,No,Fiber optic,No,Yes,No,Yes,Yes,No,Two year,Yes,Electronic check,84.96,1556.24,Yes
Female,0,Yes,Yes,5,Yes,No,Fiber optic,Yes,No,No,No,No,No,Month-to-month,Yes,Mailed check,72.57,384.34,Yes
Male,0,No,No,67,Yes,No,Fiber optic,Yes,Yes,No,No,No,Yes,Two year,Yes,Bank transfer (automatic),86.91,5899.96,No
Male,0,Yes,Yes,49,Yes,No,Fiber optic,No,No,No,Yes,Yes,Yes,Month-to-month,Yes,Electronic check,84.38,4048.8,Yes
Male,0,No,No,19,Yes,No,Fiber optic,No,No,No,No,No,No,Month-to-month,No,Electronic check,72.55,1286.5,Yes
Male,0,Yes,No,32,No,No phone service,Fiber optic,Yes,No,Yes,No,Yes,No,Two year,Yes,Credit card (automatic),64.87,2105.56,No
Male,0,Yes,No,18,Yes,No,DSL,No,No,Yes,No,No,No,Month-to-month,Yes,Electronic check,56.14,990.82,Yes
Female,0,No,No,11,Yes,Yes,Fiber optic,Yes,Yes,Yes,Yes,No,Yes,Month-to-month,Yes,Mailed check,99.02,1138.66,Yes
Female,0,Yes,Yes,29,Yes,No,Fiber optic,No,No,No,No,No,Yes,Month-to-month,No,Credit card (automatic),74.29,2044.05,Yes
Male,0,No,No,28,Yes,Yes,DSL,No,No,Yes,No,No,No,Month-to-month,No,Mailed check,58.29,1511.96,No
Female,0,No,No,2,Yes,No,No,No internet service,No internet service,No internet service,No internet service,No internet service,No internet service,Two year,Yes,Electronic check,20.83,44.14,No
Female,0,Yes,Yes,19,Yes,Yes,Fiber optic,No,Yes,No,Yes,Yes,No,Month-to-month,No,Mailed check,92.0,1714.14,Yes
Female,0,No,No,49,Yes,No,DSL,Yes,Yes,No,Yes,No,No,Two year,No,Electronic check,62.09,3094.64,No
Male,0,No,No,35,Yes,No,DSL,Yes,No,No,No,Yes,Yes,Two year,Yes,Electronic check,55.58,,No
Male,0,No,Yes,62,Yes,Yes,DSL,No,No,Yes,No,No,Yes,Month-to-month,Yes,Electronic check,59.62,3371.17,No
Male,0,Yes,No,41,Yes,Yes,Fiber optic,No,No,Yes,No,Yes,Yes,Month-to-month,No,Electronic check,89.53,3599.04,Yes
Female,0,Yes,Yes,68,Yes,No,DSL,No,No,No,Yes,Yes,Yes,Month-to-month,No,Bank transfer (automatic),64.67,4133.86,No
Female,0,No,No,0,Yes,Yes,Fiber optic,No,No,No,Yes,Yes,Yes,Two year,Yes,Bank transfer (automatic),88.23,0.0,Yes
Female,0,No,Yes,50,Yes,No,No,No internet service,No internet service,No internet service,No internet service,No internet service,No internet service,One year,No,Bank transfer (automatic),22.11,1171.62,No
Female,0,Yes,No,9,Yes,Yes,Fiber optic,Yes,No,No,No,Yes,No,Month-to-month,Yes,Credit card (automatic),81.73,731.71,Yes
Male,0,Yes,No,59,Yes,Yes,Fiber optic,No,No,Yes,Yes,Yes,No,One year,Yes,Bank transfer (automatic),84.98,4984.53,No
Male,0,Yes,No,46,Yes,No,DSL,No,No,Yes,Yes,No,Yes,Two year,Yes,Credit card (automatic),63.42,2897.88,No
Female,0,No,No,10,Yes,Yes,DSL,No,Yes,No,No,Yes,No,Month-to-month,No,Bank transfer (automatic),65.01,643.53,Yes
Female,1,Yes,Yes,2,Yes,Yes,No,No internet service,No internet service,No internet service,No internet service,No internet service,No internet service,One year,Yes,Credit card (automatic),22.42,44.55,No
Male,0,No,No,17,Yes,Yes,DSL,No,No,No,No,No,Yes,Month-to-month,No,Bank transfer (automatic),57.79,969.32,No
Female,1,Yes,Yes,43,Yes,No,No,No internet service,No internet service,No internet service,No internet service,No internet service,No internet service,Two year,Yes,Electronic check,22.95,992.26,No
Female,0,No,Yes,71,Yes,Yes,Fiber optic,No,Yes,No,No,Yes,Yes,One year,Yes,Bank transfer (automatic),87.82,6531.08,Yes
Male,1,No,No,59,Yes,Yes,Fiber optic,No,No,No,No,Yes,No,Month-to-month,No,Bank transfer (automatic),76.56,4778.61,Yes
Male,0,No,No,46,Yes,No,Fiber optic,No,Yes,Yes,Yes,No,No,Month-to-month,Yes,Electronic check,82.41,3833.25,Yes
Female,0,No,Yes,38,Yes,No,Fiber optic,Yes,No,Yes,No,Yes,No,One year,Yes,Bank transfer (automatic),91.29,3195.1,Yes
Male,0,Yes,No,8,Yes,Yes,No,No internet service,No internet service,No internet service,No internet service,No internet service,No internet service,Month-to-month,No,Credit card (automatic),25.11,210.32,No
Female,0,No,No,15,Yes,No,DSL,No,No,No,No,No,No,Month-to-month,Yes,Bank transfer (automatic),45.58,687.09,Yes
Female,0,No,No,28,Yes,No,DSL,No,No,Yes,No,No,No,Month-to-month,No,Bank transfer (automatic),51.36,1517.61,Yes
Male,0,Yes,No,24,Yes,No,Fiber optic,No,No,No,No,Yes,No,Month-to-month,Yes,Electronic check,70.55,1744.24,Yes
Female,1,No,No,65,Yes,No,No,No internet service,No internet service,No internet service,No internet service,No internet service,No internet service,Two year,Yes,Mailed check,14.99,897.77,No
Male,0,No,No,69,Yes,No,No,No internet service,No internet service,No internet service,No internet service,No internet service,No internet service,Two year,No,Mailed check,22.67,1518.24,No
Female,1,Yes,No,7,Yes,Yes,No,No internet service,No internet service,No internet service,No internet service,No internet service,No internet service,Month-to-month,Yes,Credit card (automatic),20.06,131.69,Yes
Male,1,Yes,Yes,65,Yes,Yes,Fiber optic,Yes,Yes,No,No,No,No,Month-to-month,Yes,Electronic check,80.32,5067.49,No
Male,1,No,Yes,71,Yes,No,Fiber optic,No,No,No,Yes,Yes,No,Month-to-month,Yes,Bank transfer (automatic),77.2,5233.26,No
Female,0,No,No,28,Yes,Yes,Fiber optic,No,No,No,No,No,No,Month-to-month,Yes,Mailed check,72.78,2146.87,Yes
Male,0,No,Yes,28,Yes,No,Fiber optic,No,Yes,No,No,Yes,No,Month-to-month,Yes,Electronic check,76.44,1975.0,Yes
Male,1,No,No,6,Yes,Yes,Fiber optic,No,Yes,No,No,Yes,No,Month-to-month,Yes,Credit card (automatic),79.49,498.61,Yes
Female,0,Yes,Yes,13,Yes,Yes,DSL,No,No,No,Yes,No,No,Month-to-month,Yes,Electronic check,53.79,682.57,Yes
Female,0,Yes,Yes,31,No,No phone service,DSL,No,No,Yes,Yes,Yes,Yes,One year,No,Mailed check,51.34,1566.75,No
Male,0,Yes,Yes,19,Yes,Yes,Fiber optic,No,Yes,Yes,No,Yes,No,Month-to-month,No,Mailed check,86.45,1590.77,Yes
Female,1,Yes,Yes,62,Yes,No,Fiber optic,No,Yes,No,Yes,No,Yes,Month-to-month,Yes,Bank transfer (automatic),84.48,4766.81,Yes
Male,0,Yes,Yes,6,Yes,No,No,No internet service,No internet service,No internet service,No internet service,No internet service,No internet service,Month-to-month,Yes,Credit card (automatic),23.53,133.5,Yes
Female,1,No,No,62,Yes,Yes,Fiber optic,Yes,No,No,No,No,No,Two year,No,Mailed check,81.08,4726.93,No
Male,0,No,Yes,45,Yes,No,Fiber optic,Yes,Yes,No,Yes,Yes,No,One year,Yes,Bank transfer (automatic),91.32,4068.77,Yes
Male,1,No,No,64,Yes,No,No,No internet service,No internet service,No internet service,No internet service,No internet service,No internet service,Month-to-month,No,Electronic check,20.66,,No
Female,0,No,No,0,No,No phone service,Fiber optic,No,Yes,No,Yes,Yes,No,One year,Yes,Electronic check,61.7,0.0,Yes
Male,0,Yes,Yes,14,Yes,No,Fiber optic,No,No,Yes,No,No,Yes,Month-to-month,Yes,Credit card (automatic),81.15,1091.23,Yes
Female,1,Yes,Yes,1,Yes,No,No,No internet service,No internet service,No internet service,No internet service,No internet service,No internet service,One year,No,Credit card (automatic),15.56,16.1,No
Female,1,Yes,No,40,Yes,No,DSL,No,No,No,Yes,Yes,Yes,Month-to-month,Yes,Electronic check,62.39,2419.16,Yes
Male,1,Yes,No,12,Yes,No,Fiber optic,Yes,No,Yes,Yes,Yes,No,Month-to-month,No,Electronic check,83.0,925.66,Yes
Male,0,Yes,No,61,Yes,Yes,Fiber optic,Yes,Yes,Yes,Yes,No,No,One year,Yes,Credit card (automatic),88.8,5312.21,No
Female,1,No,No,65,Yes,Yes,Fiber optic,Yes,No,No,No,Yes,No,Two year,Yes,Credit card (automatic),82.03,5309.77,No
Male,0,Yes,No,19,Yes,No,DSL,Yes,No,No,No,Yes,Yes,Month-to-month,No,Electronic check,63.98,1225.8,No
Female,0,Yes,Yes,54,Yes,No,DSL,Yes,No,Yes,Yes,No,No,Two year,No,Bank transfer (automatic),59.63,3319.82,No
Female,0,Yes,Yes,56,Yes,Yes,No,No internet service,No internet service,No internet service,No internet service,No internet service,No internet service,Two year,Yes,Credit card (automatic),23.38,1298.01,No
Female,1,Yes,Yes,0,Yes,No,DSL,No,No,Yes,No,No,No,Month-to-month,Yes,Electronic check,56.01,0.0,Yes
Female,0,No,Yes,65,Yes,Yes,DSL,Yes,No,Yes,Yes,Yes,Yes,Two year,No,Electronic check,75.37,5039.1,No
Female,0,Yes,No,30,Yes,No,Fiber optic,Yes,No,Yes,No,Yes,Yes,Month-to-month,No,Credit card (automatic),85.73,2374.73,Yes
Male,1,Yes,Yes,43,Yes,No,Fiber optic,Yes,No,Yes,Yes,Yes,Yes,Two year,Yes,Bank transfer (automatic),92.23,3667.91,No
Female,0,No,No,25,Yes,No,Fiber optic,Yes,Yes,Yes,Yes,Yes,No,Two year,Yes,Bank transfer (automatic),89.41,2222.56,Yes
Female,0,No,No,19,Yes,No,Fiber optic,Yes,Yes,Yes,No,Yes,Yes,One year,Yes,Bank transfer (automatic),93.49,1682.88,Yes
Male,1,Yes,Yes,53,Yes,No,Fiber optic,No,Yes,No,No,No,No,Month-to-month,Yes,Electronic check,75.53,4058.08,No
Female,0,Yes,Yes,18,Yes,No,No,No internet service,No internet service,No internet service,No internet service,No internet service,No internet service,Month-to-month,No,Electronic check,20.68,382.87,No
Female,0,Yes,No,30,Yes,Yes,Fiber optic,No,No,Yes,No,Yes,Yes,Two year,No,Mailed check,87.71,2746.44,No
Female,1,No,No,13,Yes,Yes,No,No internet service,No internet service,No internet service,No internet service,No internet service,No internet service,One year,No,Mailed check,25.18,327.88,No
Male,0,Yes,Yes,42,Yes,No,Fiber optic,No,No,Yes,Yes,No,Yes,One year,No,Mailed check,88.02,3655.8,No
Female,0,No,No,25,Yes,No,DSL,Yes,No,No,No,Yes,No,Month-to-month,Yes,Credit card (automatic),57.41,1516.13,No
Female,0,Yes,No,40,Yes,Yes,No,No internet service,No internet service,No internet service,No internet service,No internet service,No internet service,Month-to-month,No,Electronic check,22.0,863.06,No
Male,0,Yes,No,22,Yes,No,Fiber optic,Yes,Yes,No,Yes,Yes,Yes,One year,No,Electronic check,89.8,2012.92,No
Female,0,No,Yes,15,Yes,No,Fiber optic,No,No,Yes,Yes,No,No,Month-to-month,Yes,Credit card (automatic),80.13,1196.15,Yes
Female,0,Yes,No,14,Yes,Yes,No,No internet service,No internet service,No internet service,No internet service,No internet service,No internet service,Month-to-month,Yes,Bank transfer (automatic),22.61,319.95,Yes
Male,0,Yes,No,15,Yes,Yes,DSL,No,Yes,Yes,No,Yes,No,Month-to-month,Yes,Mailed check,68.93,958.18,Yes
Male,0,Yes,No,66,Yes,Yes,Fiber optic,No,Yes,No,No,No,No,Month-to-month,No,Electronic check,76.45,5233.28,Yes
Male,0,Yes,Yes,66,Yes,No,Fiber optic,No,No,No,No,Yes,No,Month-to-month,Yes,Credit card (automatic),73.02,5008.83,Yes
Female,0,No,No,23,Yes,Yes,DSL,Yes,No,No,Yes,No,No,Month-to-month,Yes,Electronic check,62.43,1443.46,Yes
Male,0,No,No,35,Yes,No,Fiber optic,No,No,No,Yes,Yes,Yes,Two year,Yes,Credit card (automatic),79.08,2840.5,No
Female,0,Yes,Yes,66,Yes,Yes,Fiber optic,No,No,No,No,No,Yes,Month-to-month,Yes,Credit card (automatic),80.92,5577.93,No
Female,0,Yes,Yes,12,Yes,Yes,DSL,No,No,Yes,No,No,Yes,One year,Yes,Bank transfer (automatic),60.74,747.79,No
Male,0,Yes,No,21,Yes,Yes,Fiber optic,No,Yes,No,No,No,No,Month-to-month,No,Electronic check,79.88,1574.83,Yes
Female,0,No,No,56,Yes,Yes,No,No internet service,No internet service,No internet service,No internet service,No internet service,No internet service,Month-to-month,No,Mailed check,25.51,1465.78,No
Female,0,Yes,No,53,Yes,Yes,Fiber optic,No,Yes,No,No,Yes,No,One year,Yes,Bank transfer (automatic),77.88,3897.19,Yes
Female,0,No,No,70,Yes,Yes,Fiber optic,No,No,Yes,Yes,No,Yes,Two year,No,Electronic check,92.46,6256.92,No
Male,0,No,No,34,Yes,No,Fiber optic,No,No,Yes,Yes,No,No,One year,Yes,Bank transfer (automatic),78.45,2456.12,No
Female,0,No,No,17,Yes,Yes,DSL,No,Yes,Yes,No,No,No,Month-to-month,No,Bank transfer (automatic),63.4,1035.07,No
Male,0,No,No,9,Yes,No,Fiber optic,Yes,Yes,Yes,Yes,No,Yes,Month-to-month,Yes,Electronic check,93.32,883.83,Yes
Male,0,No,No,45,Yes,No,DSL,No,No,Yes,No,No,Yes,One year,No,Credit card (automatic),55.78,2368.72,No
Female,0,Yes,Yes,36,Yes,No,No,No internet service,No internet service,No internet service,No internet service,No internet service,No internet service,One year,No,Bank transfer (automatic),21.9,782.52,No
Male,0,No,No,13,Yes,No,Fiber optic,No,Yes,Yes,Yes,Yes,No,Two year,Yes,Mailed check,92.65,1226.1,No
Male,0,Yes,No,9,Yes,No,DSL,No,No,No,Yes,No,No,Month-to-month,No,Mailed check,52.51,465.28,No
Male,0,Yes,No,28,Yes,No,DSL,No,No,Yes,No,Yes,No,Month-to-month,No,Mailed check,58.2,1554.83,No
Male,0,No,Yes,42,Yes,No,DSL,No,Yes,Yes,No,Yes,Yes,Two year,No,Electronic check,71.23,3112.37,No
Female,0,No,No,64,No,No phone service,DSL,Yes,No,No,Yes,Yes,No,Month-to-month,Yes,Electronic check,45.53,2892.1,No
Male,0,No,No,40,No,No phone service,DSL,No,No,Yes,No,No,Yes,Month-to-month,Yes,Bank transfer (automatic),41.96,1635.61,No
Female,0,No,Yes,7,Yes,No,Fiber optic,Yes,Yes,No,Yes,No,No,One year,Yes,Electronic check,83.17,551.12,Yes
Male,0,Yes,No,44,Yes,Yes,DSL,Yes,No,No,No,Yes,Yes,One year,No,Bank transfer (automatic),67.69,2844.34,No
Male,0,No,No,52,Yes,No,DSL,No,No,Yes,No,No,No,Month-to-month,Yes,Electronic check,49.66,2681.87,No
Male,0,Yes,Yes,27,Yes,No,Fiber optic,No,No,Yes,No,Yes,Yes,Month-to-month,Yes,Electronic check,83.89,2167.32,Yes
Female,1,No,No,63,Yes,No,DSL,No,No,No,No,No,No,Month-to-month,No,Bank transfer (automatic),48.06,2994.63,No
Female,0,No,No,34,Yes,No,DSL,No,No,Yes,No,No,No,Month-to-month,No,Electronic check,55.01,1887.08,Yes
Female,0,No,No,57,No,No phone service,No,No internet service,No internet service,No internet service,No internet service,No internet service,No internet service,Month-to-month,No,Electronic check,10.0,583.4,No
Female,0,Yes,Yes,27,Yes,No,Fiber optic,Yes,Yes,No,No,Yes,No,Two year,Yes,Credit card (automatic),83.45,2358.88,No
Female,0,Yes,Yes,31,Yes,No,DSL,Yes,Yes,No,Yes,No,No,Month-to-month,No,Electronic check,68.03,2096.57,No
Male,0,No,No,10,Yes,No,DSL,No,Yes,No,No,Yes,No,Two year,No,Electronic check,54.5,565.68,No
Male,1,No,No,51,Yes,No,Fiber optic,Yes,No,Yes,No,Yes,No,One year,No,Credit card (automatic),82.9,4014.29,No
Female,0,No,No,70,Yes,Yes,No,No internet service,No internet service,No internet service,No internet service,No internet service,No internet service,Two year,No,Credit card (automatic),22.88,1604.23,No
Female,0,No,No,48,Yes,No,DSL,Yes,No,Yes,No,No,Yes,Month-to-month,Yes,Electronic check,62.28,2819.87,No
Male,0,Yes,No,53,Yes,No,Fiber optic,Yes,No,Yes,No,No,No,Month-to-month,Yes,Electronic check,76.35,4112.49,No
Male,0,Yes,No,12,Yes,Yes,No,No internet service,No internet service,No internet service,No internet service,No internet service,No internet service,One year,No,Mailed check,25.18,305.44,No
Female,0,No,No,3,Yes,Yes,DSL,Yes,Yes,Yes,Yes,Yes,No,Two year,Yes,Credit card (automatic),79.82,230.95,No
Male,0,Yes,Yes,46,Yes,Yes,Fiber optic,Yes,Yes,Yes,No,No,No,One year,No,Electronic check,92.43,4447.13,No
Male,1,Yes,No,6,Yes,Yes,DSL,No,Yes,Yes,Yes,No,Yes,Month-to-month,Yes,Electronic check,71.33,447.62,Yes
Female,0,No,No,22,Yes,Yes,Fiber optic,No,Yes,No,No,No,No,Month-to-month,Yes,Electronic check,77.64,1663.34,No
Female,0,No,Yes,64,Yes,No,DSL,Yes,Yes,Yes,Yes,No,No,One year,No,Mailed check,68.24,4374.43,No
Female,0,Yes,Yes,35,Yes,Yes,Fiber optic,No,Yes,No,No,Yes,Yes,Month-to-month,Yes,Electronic check,86.2,2786.9,Yes
Female,0,Yes,No,37,Yes,Yes,Fiber optic,No,No,No,Yes,No,Yes,Month-to-month,Yes,Electronic check,87.2,3294.28,Yes
Male,1,No,No,2,Yes,Yes,DSL,Yes,Yes,Yes,Yes,No,Yes,One year,Yes,Credit card (automatic),73.72,144.66,Yes
Male,0,No,No,33,Yes,Yes,Fiber optic,No,No,Yes,Yes,Yes,Yes,Month-to-month,Yes,Electronic check,95.74,2971.64,Yes
Female,1,No,No,57,Yes,No,Fiber optic,No,No,No,Yes,No,No,Month-to-month,Yes,Electronic check,74.63,4223.03,No
Male,0,No,No,62,Yes,No,No,No internet service,No internet service,No internet service,No internet service,No internet service,No internet service,One year,No,Credit card (automatic),17.48,1028.45,No
Female,0,Yes,Yes,13,Yes,Yes,Fiber optic,Yes,No,No,No,No,Yes,Month-to-month,Yes,Mailed check,80.58,1062.0,No
Female,0,Yes,Yes,1,No,No phone service,Fiber optic,Yes,Yes,No,Yes,Yes,Yes,Two year,Yes,Electronic check,70.56,69.68,Yes
Male,0,Yes,Yes,17,Yes,Yes,No,No internet service,No internet service,No internet service,No internet service,No internet service,No internet service,Month-to-month,No,Mailed check,24.63,393.61,No
Female,0,Yes,No,71,Yes,No,DSL,Yes,Yes,No,Yes,Yes,No,Two year,Yes,Bank transfer (automatic),69.46,4929.46,No
Male,0,Yes,Yes,59,Yes,Yes,Fiber optic,No,No,No,No,No,No,Month-to-month,Yes,Bank transfer (automatic),77.66,4661.91,No
Male,0,Yes,No,69,Yes,Yes,DSL,Yes,Yes,No,No,No,No,One year,Yes,Mailed check,63.18,4299.95,No
Male,1,Yes,No,37,Yes,Yes,DSL,No,Yes,Yes,No,No,Yes,One year,Yes,Credit card (automatic),70.3,2498.43,No
Male,1,Yes,Yes,64,Yes,No,DSL,No,No,No,No,Yes,No,Month-to-month,No,Credit card (automatic),52.32,3159.11,No
Male,0,Yes,No,18,Yes,Yes,Fiber optic,No,No,No,No,Yes,Yes,Month-to-month,Yes,Bank transfer (automatic),85.73,1409.91,Yes
Male,1,No,No,50,Yes,Yes,Fiber optic,Yes,No,Yes,Yes,Yes,Yes,Two year,No,Mailed check,93.76,4521.56,No
Female,0,Yes,No,69,Yes,Yes,Fiber optic,Yes,No,Yes,Yes,No,No,Month-to-month,Yes,Credit card (automatic),84.55,5541.25,No
Female,1,No,Yes,43,Yes,Yes,Fiber optic,No,No,No,No,Yes,Yes,Month-to-month,Yes,Credit card (automatic),78.23,3114.41,No
Male,0,Yes,No,57,Yes,Yes,Fiber optic,No,No,Yes,No,Yes,No,Month-to-month,Yes,Credit card (automatic),82.51,4358.46,Yes
Female,0,No,No,51,Yes,Yes,Fiber optic,Yes,No,Yes,No,No,No,Two year,Yes,Electronic check,79.52,4239.21,Yes
Male,0,No,No,11,Yes,Yes,DSL,No,No,Yes,Yes,Yes,No,Month-to-month,No,Electronic check,72.95,838.69,Yes
Female,1,No,Yes,65,Yes,No,Fiber optic,Yes,No,No,Yes,Yes,Yes,Month-to-month,Yes,Electronic check,88.28,5420.5,No
Male,0,Yes,No,72,Yes,Yes,DSL,No,Yes,Yes,No,No,No,Month-to-month,No,Mailed check,,4262.87,No
Female,0,No,No,2,Yes,Yes,Fiber optic,No,Yes,No,No,No,No,Month-to-month,Yes,Electronic check,80.9,160.04,Yes
Female,0,Yes,No,29,Yes,Yes,Fiber optic,No,No,No,No,No,No,Month-to-month,Yes,Credit card (automatic),76.02,2152.17,Yes
Male,0,No,No,29,Yes,No,DSL,No,No,No,Yes,Yes,No,Month-to-month,No,Mailed check,59.55,1624.03,Yes
Male,0,No,No,32,Yes,Yes,DSL,Yes,No,Yes,No,No,Yes,Month-to-month,No,Credit card (automatic),70.22,2264.46,Yes
Female,0,No,No,72,Yes,Yes,No,No internet service,No internet service,No internet service,No internet service,No internet service,No internet service,Month-to-month,No,Credit card (automatic),21.21,1460.16,No
Male,0,No,No,6,Yes,Yes,Fiber optic,No,No,No,No,No,No,Month-to-month,No,Credit card (automatic),71.7,455.57,Yes
Male,0,No,Yes,14,Yes,No,DSL,No,No,No,Yes,No,No,Month-to-month,No,Bank transfer (automatic),55.39,713.73,No
Female,1,Yes,Yes,41,Yes,Yes,Fiber optic,Yes,Yes,Yes,No,No,No,Month-to-month,Yes,Mailed check,90.04,3652.91,No
Male,0,Yes,No,31,Yes,No,Fiber optic,No,No,No,No,Yes,Yes,Month-to-month,Yes,Bank transfer (automatic),78.31,2358.2,No
Male,0,Yes,No,47,Yes,Yes,Fiber optic,No,Yes,No,No,Yes,Yes,One year,No,Credit card (automatic),85.92,4151.64,No
Male,0,Yes,Yes,28,Yes,No,DSL,Yes,Yes,No,Yes,No,No,One year,No,Electronic check,63.31,1856.03,No
Male,0,No,No,15,Yes,Yes,Fiber optic,No,No,Yes,Yes,Yes,No,Month-to-month,Yes,Electronic check,83.14,1234.4,No
Male,0,No,No,1,Yes,No,Fiber optic,No,Yes,Yes,Yes,No,Yes,Two year,Yes,Electronic check,86.26,86.52,No
Female,0,No,Yes,2,Yes,Yes,No,No internet service,No internet service,No internet service,No internet service,No internet service,No internet service,One year,No,Credit card (automatic),24.83,49.65,Yes
Female,0,Yes,No,50,Yes,Yes,DSL,No,No,No,No,No,No,Month-to-month,Yes,Mailed check,56.26,2948.03,No
Male,0,Yes,No,20,Yes,No,Fiber optic,Yes,Yes,Yes,No,No,No,Two year,Yes,Bank transfer (automatic),81.24,1623.83,No
Male,0,No,No,61,No,No phone service,No,No internet service,No internet service,No internet service,No internet service,No internet service,No internet service,One year,Yes,Mailed check,10.0,572.02,No
Female,0,Yes,No,58,Yes,No,Fiber optic,Yes,No,Yes,No,Yes,No,Month-to-month,Yes,Credit card (automatic),79.44,4367.84,No
Female,0,Yes,No,48,Yes,Yes,Fiber optic,Yes,No,Yes,No,No,Yes,Month-to-month,Yes,Electronic check,,4172.74,Yes
Female,0,Yes,No,21,Yes,Yes,No,No internet service,No internet service,No internet service,No internet service,No internet service,No internet service,Month-to-month,No,Mailed check,22.49,458.47,No
Female,0,Yes,Yes,10,Yes,No,DSL,No,No,Yes,No,Yes,No,Month-to-month,No,Electronic check,61.66,653.5,Yes
Female,1,No,No,68,Yes,Yes,Fiber optic,No,Yes,No,No,Yes,Yes,Month-to-month,Yes,Credit card (automatic),90.52,6068.14,No
Female,0,Yes,Yes,34,Yes,No,DSL,Yes,No,Yes,Yes,Yes,Yes,One year,Yes,Bank transfer (automatic),71.39,2411.89,No
Female,0,No,No,70,Yes,No,DSL,Yes,No,No,Yes,No,Yes,Month-to-month,No,Mailed check,61.65,4571.15,No
Female,0,Yes,No,12,No,No phone service,Fiber optic,Yes,Yes,No,No,Yes,Yes,Month-to-month,Yes,Credit card (automatic),69.91,825.77,Yes
Female,1,Yes,Yes,55,Yes,No,No,No internet service,No internet service,No internet service,No internet service,No internet service,No internet service,Month-to-month,No,Bank transfer (automatic),15.6,794.08,Yes
Female,0,Yes,Yes,57,Yes,No,Fiber optic,No,No,Yes,No,No,No,Month-to-month,Yes,Bank transfer (automatic),75.65,4353.36,No
Female,0,No,No,5,Yes,No,DSL,No,No,No,No,Yes,No,Month-to-month,No,Mailed check,55.5,269.54,Yes
Male,0,No,Yes,14,Yes,Yes,No,No internet service,No internet service,No internet service,No internet service,No internet service,No internet service,Month-to-month,Yes,Credit card (automatic),20.02,256.0,Yes
Female,0,No,No,52,Yes,No,DSL,Yes,No,No,Yes,Yes,No,One year,No,Bank transfer (automatic),,3097.32,No
Male,1,Yes,Yes,47,Yes,Yes,Fiber optic,Yes,Yes,Yes,Yes,Yes,Yes,One year,Yes,Electronic check,101.85,4900.47,No
Female,0,Yes,Yes,47,Yes,Yes,No,No internet service,No internet service,No internet service,No internet service,No internet service,No internet service,One year,No,Electronic check,22.82,1084.56,No
Female,0,No,No,11,No,No phone service,DSL,Yes,Yes,Yes,No,No,No,Month-to-month,No,Bank transfer (automatic),44.01,507.78,Yes
Male,0,No,No,22,Yes,Yes,Fiber optic,No,No,Yes,No,Yes,Yes,Two year,No,Electronic check,89.78,1834.74,Yes
Male,1,Yes,No,37,Yes,Yes,No,No internet service,No internet service,No internet service,No internet service,No internet service,No internet service,Month-to-month,No,Mailed check,26.57,1000.99,No
Female,0,Yes,Yes,51,Yes,Yes,DSL,No,No,No,Yes,No,No,Month-to-month,No,Bank transfer (automatic),57.13,2926.0,No
Female,0,No,No,32,Yes,No,No,No internet service,No internet service,No internet service,No internet service,No internet service,No internet service,One year,No,Bank transfer (automatic),11.57,348.15,No
Female,0,Yes,No,45,Yes,No,Fiber optic,Yes,Yes,Yes,No,Yes,No,Two year,No,Bank transfer (automatic),89.36,3941.44,No
Male,0,Yes,No,25,Yes,Yes,DSL,Yes,No,No,Yes,Yes,No,Month-to-month,No,Electronic check,64.43,1590.27,Yes
Female,0,Yes,Yes,62,Yes,No,DSL,No,Yes,Yes,No,Yes,Yes,Two year,Yes,Electronic check,66.4,3893.42,No
Male,0,No,No,67,Yes,Yes,Fiber optic,Yes,No,Yes,Yes,Yes,Yes,Month-to-month,Yes,Credit card (automatic),96.91,5984.07,No
Female,0,No,No,39,Yes,Yes,Fiber optic,No,Yes,Yes,No,Yes,Yes,Two year,Yes,Electronic check,93.03,3423.25,No
Male,0,No,No,42,Yes,Yes,Fiber optic,No,No,No,No,No,No,One year,Yes,Bank transfer (automatic),77.88,3423.76,No
Female,1,Yes,Yes,41,Yes,Yes,DSL,No,Yes,No,Yes,No,No,Month-to-month,No,Bank transfer (automatic),62.84,2381.91,No
Female,0,Yes,No,64,Yes,No,No,No internet service,No internet service,No internet service,No internet service,No internet service,No internet service,Month-to-month,No,Electronic check,21.16,1323.67,No
Male,0,Yes,No,36,Yes,Yes,Fiber optic,Yes,Yes,No,No,Yes,Yes,One year,Yes,Electronic check,96.71,3279.45,Yes
Female,0,No,No,58,Yes,Yes,DSL,No,Yes,No,No,No,Yes,Month-to-month,No,Credit card (automatic),61.79,3734.65,Yes
Female,0,Yes,Yes,71,Yes,No,No,No internet service,No internet service,No internet service,No internet service,No internet service,No internet service,Month-to-month,No,Electronic check,17.24,1158.44,No
Female,0,No,Yes,15,Yes,Yes,Fiber optic,No,No,No,No,Yes,Yes,Month-to-month,Yes,Electronic check,81.85,1218.81,Yes
Male,0,Yes,Yes,20,Yes,Yes,Fiber optic,Yes,No,Yes,No,No,No,Month-to-month,Yes,Bank transfer (automatic),84.85,1684.89,Yes
Female,0,Yes,Yes,27,Yes,Yes,Fiber optic,No,No,No,Yes,Yes,No,Month-to-month,Yes,Bank transfer (automatic),83.28,2136.92,Yes
Male,0,No,No,12,Yes,No,DSL,Yes,No,No,No,No,Yes,Month-to-month,No,Bank transfer (automatic),63.17,707.99,Yes
Female,1,Yes,No,66,Yes,No,Fiber optic,No,Yes,No,No,No,Yes,One year,No,Credit card (automatic),76.9,4917.55,No
Male,0,No,No,10,Yes,No,DSL,Yes,No,Yes,No,No,No,Month-to-month,Yes,Credit card (automatic),58.7,620.8,No
Female,0,No,No,49,No,No phone service,Fiber optic,No,No,Yes,Yes,No,Yes,One year,Yes,Electronic check,65.32,3164.99,No
Female,0,No,Yes,53,Yes,Yes,DSL,Yes,No,Yes,No,Yes,No,Month-to-month,Yes,Electronic check,64.4,3479.87,Yes
Male,0,Yes,Yes,14,Yes,Yes,Fiber optic,Yes,No,Yes,No,Yes,Yes,Month-to-month,No,Bank transfer (automatic),96.32,1359.73,Yes
Female,1,Yes,No,30,Yes,Yes,DSL,No,Yes,No,No,Yes,Yes,Two year,Yes,Bank transfer (automatic),67.73,2078.07,No
Male,0,No,No,4,Yes,No,Fiber optic,No,Yes,No,Yes,Yes,Yes,One year,Yes,Electronic check,88.48,360.99,Yes
Female,0,Yes,Yes,25,Yes,No,DSL,No,No,Yes,Yes,No,No,Month-to-month,Yes,Credit card (automatic),62.85,1503.82,No
Male,0,No,Yes,53,Yes,No,DSL,Yes,No,Yes,No,Yes,No,Two year,Yes,Credit card (automatic),63.83,3197.17,No
Female,0,No,No,25,Yes,Yes,No,No internet service,No internet service,No internet service,No internet service,No internet service,No internet service,Month-to-month,Yes,Electronic check,23.5,583.11,No
Female,1,Yes,No,18,Yes,Yes,DSL,No,No,No,No,No,No,Month-to-month,No,Electronic check,53.45,969.88,Yes
Female,0,Yes,No,53,Yes,No,DSL,Yes,Yes,No,Yes,No,No,Month-to-month,No,Bank transfer (automatic),58.97,2981.46,No
Female,0,No,No,33,Yes,Yes,DSL,Yes,No,No,No,No,Yes,Month-to-month,Yes,Bank transfer (automatic),67.8,2081.24,Yes
Female,1,No,No,14,Yes,No,DSL,No,No,Yes,Yes,No,No,Month-to-month,No,Mailed check,56.09,719.53,No
Male,0,Yes,Yes,12,No,No phone service,DSL,No,No,Yes,Yes,No,No,Month-to-month,No,Credit card (automatic),39.72,482.45,Yes
Male,0,Yes,No,39,Yes,No,DSL,Yes,No,Yes,No,No,No,Month-to-month,Yes,Electronic check,60.15,2217.97,Yes
Female,1,No,No,47,Yes,No,No,No internet service,No internet service,No internet service,No internet service,No internet service,No internet service,One year,No,Electronic check,27.19,1209.37,No
Male,0,Yes,Yes,41,Yes,Yes,No,No internet service,No internet service,No internet service,No internet service,No internet service,No internet service,Month-to-month,Yes,Mailed check,23.75,1022.57,No
Female,0,Yes,Yes,20,Yes,Yes,Fiber optic,Yes,Yes,No,No,No,No,Month-to-month,Yes,Credit card (automatic),80.52,1705.14,Yes
Female,0,No,No,25,Yes,No,DSL,Yes,Yes,No,Yes,Yes,Yes,One year,Yes,Mailed check,72.19,1890.37,No
Male,1,No,No,34,Yes,Yes,No,No internet service,No internet service,No internet service,No internet service,No internet service,No internet service,Month-to-month,No,Credit card (automatic),27.78,888.05,No
Female,1,Yes,No,51,Yes,Yes,No,No internet service,No internet service,No internet service,No internet service,No internet service,No internet service,Month-to-month,No,Mailed check,26.87,1263.1,No
Female,0,Yes,No,10,Yes,Yes,No,No internet service,No internet service,No internet service,No internet service,No internet service,No internet service,One year,Yes,Mailed check,21.71,209.92,No
Male,0,No,No,30,Yes,Yes,Fiber optic,No,No,No,No,No,Yes,Month-to-month,Yes,Bank transfer (automatic),85.25,2395.18,Yes
Male,0,No,Yes,42,Yes,Yes,DSL,No,Yes,No,Yes,No,Yes,Month-to-month,Yes,Electronic check,67.9,2597.07,No
Male,0,Yes,No,60,No,No phone service,No,No internet service,No internet service,No internet service,No internet service,No internet service,No internet service,Month-to-month,No,Credit card (automatic),10.0,600.97,Yes
Female,0,Yes,Yes,4,Yes,No,DSL,Yes,No,No,No,Yes,Yes,Two year,No,Bank transfer (automatic),63.69,263.45,No
Male,0,Yes,No,29,Yes,No,DSL,No,Yes,Yes,Yes,No,Yes,One year,No,Mailed check,71.12,1987.15,No
Male,0,Yes,No,21,Yes,No,Fiber optic,No,Yes,Yes,No,No,No,Month-to-month,No,Electronic check,86.47,1886.16,Yes
Male,1,Yes,Yes,12,Yes,No,Fiber optic,No,No,Yes,No,No,No,Month-to-month,No,Credit card (automatic),71.46,805.88,Yes
Male,0,No,Yes,9,Yes,Yes,Fiber optic,Yes,No,No,Yes,Yes,No,Month-to-month,Yes,Credit card (automatic),86.41,710.76,Yes
Female,0,Yes,No,7,Yes,No,DSL,No,No,Yes,Yes,Yes,No,Month-to-month,Yes,Credit card (automatic),61.76,411.91,Yes
Female,0,No,No,38,No,No phone service,DSL,No,No,Yes,No,No,No,Month-to-month,Yes,Electronic check,31.61,1126.13,Yes
Female,0,No,No,46,Yes,No,DSL,No,No,Yes,No,No,Yes,Month-to-month,No,Mailed check,56.46,2464.5,No
Male,0,No,No,27,Yes,Yes,No,No internet service,No internet service,No internet service,No internet service,No internet service,No internet service,Month-to-month,No,Mailed check,26.03,738.28,No
Male,0,No,No,44,Yes,No,Fiber optic,No,Yes,No,No,No,No,One year,Yes,Bank transfer (automatic),68.43,2789.79,Yes
Female,0,Yes,Yes,39,Yes,No,DSL,No,Yes,No,Yes,No,Yes,Month-to-month,Yes,Credit card (automatic),66.25,2357.44,No
Female,0,Yes,Yes,12,Yes,No,Fiber optic,Yes,No,Yes,No,No,Yes,Two year,Yes,Mailed check,85.4,1078.29,No
Male,1,No,No,46,Yes,No,Fiber optic,No,No,No,No,No,No,Month-to-month,No,Credit card (automatic),72.33,3033.24,Yes
Female,0,No,No,24,Yes,No,Fiber optic,Yes,Yes,Yes,No,No,Yes,Month-to-month,No,Bank transfer (automatic),90.45,2032.42,Yes
Female,0,Yes,No,15,Yes,No,Fiber optic,No,Yes,Yes,No,Yes,No,Month-to-month,Yes,Credit card (automatic),84.59,1215.34,Yes
Female,1,Yes,Yes,71,Yes,No,Fiber optic,No,No,No,No,No,No,Two year,No,Electronic check,74.33,5385.45,No
Female,1,Yes,Yes,11,Yes,No,DSL,Yes,No,Yes,No,No,Yes,Month-to-month,Yes,Electronic check,62.38,628.15,No
Male,0,Yes,No,47,Yes,No,Fiber optic,No,Yes,No,No,No,No,Month-to-month,Yes,Electronic check,76.92,3709.24,Yes
Female,0,Yes,Yes,1,Yes,Yes,DSL,Yes,Yes,Yes,No,Yes,Yes,Two year,No,Mailed check,79.02,74.7,No
Female,0,No,No,46,Yes,Yes,No,No internet service,No internet service,No internet service,No internet service,No internet service,No internet service,Month-to-month,No,Credit card (automatic),21.45,948.67,No
Female,0,Yes,No,72,No,No phone service,No,No internet service,No internet service,No internet service,No internet service,No internet service,No internet service,Month-to-month,Yes,Credit card (automatic),10.0,690.47,No
Female,0,Yes,No,36,Yes,No,Fiber optic,No,No,No,No,Yes,No,Month-to-month,Yes,Electronic check,73.35,2718.27,Yes
Female,0,Yes,Yes,20,Yes,No,Fiber optic,No,No,Yes,Yes,No,No,Month-to-month,Yes,Bank transfer (automatic),81.08,1633.05,No
Male,1,Yes,No,10,Yes,Yes,DSL,No,Yes,No,No,No,No,Month-to-month,No,Mailed check,55.17,523.76,Yes
Male,0,Yes,No,64,Yes,Yes,DSL,No,Yes,Yes,No,Yes,Yes,Two year,Yes,Electronic check,69.56,4278.32,No
Male,0,Yes,Yes,57,Yes,No,Fiber optic,No,No,No,Yes,Yes,No,One year,Yes,Electronic check,82.42,4597.66,No
Female,0,Yes,Yes,16,No,No phone service,DSL,Yes,Yes,Yes,Yes,No,Yes,Two year,No,Credit card (automatic),55.63,933.78,No
Male,1,No,No,12,Yes,No,Fiber optic,Yes,Yes,No,Yes,Yes,No,Two year,Yes,Bank transfer (automatic),89.33,1062.45,No
Male,0,Yes,No,53,Yes,No,No,No internet service,No internet service,No internet service,No internet service,No internet service,No internet service,Two year,No,Bank transfer (automatic),15.1,822.35,No
Female,0,Yes,Yes,58,Yes,Yes,Fiber optic,No,Yes,Yes,Yes,Yes,No,One year,Yes,Credit card (automatic),92.75,5677.32,No
Female,0,No,Yes,25,Yes,No,Fiber optic,No,No,No,No,No,Yes,Two year,Yes,Electronic check,78.89,2006.8,No
Female,1,No,No,38,No,No phone service,No,No internet service,No internet service,No internet service,No internet service,No internet service,No internet service,Month-to-month,Yes,Electronic check,10.0,353.85,No
Female,0,No,Yes,3,Yes,No,DSL,Yes,No,No,Yes,No,No,Month-to-month,Yes,Mailed check,52.27,145.55,No
Female,0,No,No,58,Yes,No,Fiber optic,No,Yes,Yes,No,No,Yes,Two year,No,Bank transfer (automatic),78.97,4537.16,No
Female,0,No,No,15,Yes,Yes,Fiber optic,No,Yes,Yes,Yes,No,Yes,Month-to-month,Yes,Mailed check,96.45,1369.33,No
Male,1,No,Yes,23,Yes,No,DSL,Yes,No,No,No,No,Yes,Month-to-month,Yes,Mailed check,57.06,1244.0,Yes
Male,0,No,No,46,Yes,No,Fiber optic,No,No,No,No,No,No,Month-to-month,No,Bank transfer (automatic),67.29,2989.08,No
Male,0,No,No,1,Yes,Yes,Fiber optic,No,No,No,No,Yes,Yes,Month-to-month,Yes,Credit card (automatic),76.79,80.7,Yes
Female,0,No,No,3,Yes,Yes,Fiber optic,No,No,No,No,No,No,Month-to-month,Yes,Bank transfer (automatic),79.06,231.28,Yes
Male,0,Yes,No,27,No,No phone service,Fiber optic,Yes,No,Yes,No,Yes,No,One year,Yes,Bank transfer (automatic),59.91,1626.38,No
Female,0,Yes,No,40,Yes,Yes,Fiber optic,Yes,No,No,Yes,No,No,Month-to-month,Yes,Bank transfer (automatic),83.92,3314.58,Yes
Male,0,Yes,No,35,No,No phone service,Fiber optic,No,No,No,Yes,Yes,Yes,Month-to-month,Yes,Electronic check,63.1,2288.03,No
Male,1,No,No,70,Yes,No,Fiber optic,No,Yes,No,Yes,No,No,Month-to-month,Yes,Bank transfer (automatic),77.78,5249.99,No
Male,0,Yes,No,54,Yes,Yes,DSL,Yes,No,No,Yes,No,Yes,Two year,Yes,Mailed check,69.84,3937.93,No
Female,0,No,No,7,Yes,No,DSL,No,No,No,No,Yes,No,Month-to-month,No,Mailed check,52.78,385.35,Yes
Male,0,No,No,25,Yes,No,Fiber optic,Yes,No,Yes,Yes,Yes,Yes,One year,Yes,Bank transfer (automatic),89.9,2049.92,Yes
Male,0,No,No,68,Yes,Yes,DSL,No,Yes,Yes,Yes,No,No,One year,No,Mailed check,65.87,4447.96,No
Female,0,No,No,31,Yes,Yes,Fiber optic,Yes,Yes,No,No,Yes,No,One year,Yes,Credit card (automatic),91.37,2962.17,No
Male,0,No,Yes,38,Yes,No,Fiber optic,Yes,No,No,Yes,No,Yes,Two year,No,Credit card (automatic),81.07,3182.29,Yes
Male,0,No,No,14,Yes,No,DSL,No,No,No,No,Yes,No,Month-to-month,Yes,Credit card (automatic),52.57,749.85,Yes
Female,0,Yes,No,61,Yes,No,DSL,Yes,Yes,No,No,No,No,Month-to-month,No,Bank transfer (automatic),58.28,3712.0,No
Male,0,Yes,Yes,51,Yes,No,Fiber optic,No,Yes,No,Yes,Yes,No,Two year,Yes,Credit card (automatic),78.21,4080.36,No
Female,0,Yes,No,17,Yes,Yes,Fiber optic,No,No,No,Yes,No,No,Month-to-month,No,Electronic check,76.62,1194.54,Yes
Male,1,No,No,40,Yes,Yes,No,No internet service,No internet service,No internet service,No internet service,No internet service,No internet service,Two year,Yes,Electronic check,27.02,1105.73,No
Male,0,No,No,21,Yes,Yes,Fiber optic,Yes,Yes,Yes,Yes,No,Yes,Two year,Yes,Mailed check,95.42,1925.66,No
Female,0,Yes,No,41,Yes,No,DSL,Yes,No,No,Yes,No,No,Month-to-month,No,Bank transfer (automatic),62.19,2412.74,No
Male,0,No,No,36,Yes,No,Fiber optic,No,Yes,No,Yes,No,Yes,Month-to-month,Yes,Mailed check,81.0,2776.71,Yes
Female,0,No,No,36,Yes,No,No,No internet service,No internet service,No internet service,No internet service,No internet service,No internet service,One year,No,Credit card (automatic),21.79,798.81,No
Male,0,No,No,34,Yes,No,Fiber optic,No,No,No,Yes,No,No,Month-to-month,Yes,Bank transfer (automatic),69.82,2304.08,No
Male,0,No,No,61,No,No phone service,Fiber optic,No,No,Yes,No,No,Yes,Two year,Yes,Bank transfer (automatic),64.91,3934.04,No
Male,1,No,No,7,Yes,Yes,No,No internet service,No internet service,No internet service,No internet service,No internet service,No internet service,Month-to-month,No,Bank transfer (automatic),23.16,155.48,No
Male,0,No,No,66,Yes,Yes,Fiber optic,No,No,No,No,No,No,Month-to-month,No,Electronic check,75.5,5100.76,Yes
Male,1,Yes,Yes,22,Yes,No,Fiber optic,No,Yes,No,Yes,No,No,Month-to-month,Yes,Electronic check,77.15,1792.28,Yes
Male,0,Yes,Yes,62,Yes,No,No,No internet service,No internet service,No internet service,No internet service,No internet service,No internet service,Month-to-month,No,Mailed check,18.84,1064.66,No
Female,0,No,No,68,Yes,Yes,DSL,Yes,No,Yes,No,No,Yes,Two year,No,Electronic check,75.25,4974.1,No
Male,0,No,No,20,Yes,Yes,DSL,No,No,No,No,No,No,Month-to-month,No,Bank transfer (automatic),54.87,1103.42,Yes
Female,0,Yes,No,39,Yes,Yes,Fiber optic,No,No,No,No,No,No,Month-to-month,Yes,Electronic check,72.73,2736.42,Yes
Male,0,Yes,Yes,36,Yes,No,Fiber optic,Yes,Yes,No,Yes,No,Yes,One year,Yes,Credit card (automatic),80.83,2962.25,No
Female,0,Yes,No,30,Yes,Yes,Fiber optic,Yes,Yes,No,Yes,Yes,Yes,One year,No,Electronic check,95.1,2779.9,No
Female,0,Yes,Yes,67,Yes,Yes,DSL,No,Yes,No,No,Yes,No,One year,No,Electronic check,64.24,4010.52,No
Female,0,No,No,64,Yes,No,DSL,No,No,No,No,No,Yes,Month-to-month,No,Credit card (automatic),55.14,3441.0,No
Male,0,Yes,Yes,10,Yes,No,Fiber optic,No,Yes,No,No,No,No,Month-to-month,Yes,Bank transfer (automatic),71.03,669.75,Yes
Female,0,No,No,39,Yes,No,Fiber optic,No,No,No,No,Yes,Yes,Month-to-month,Yes,Credit card (automatic),78.87,2837.86,No
Male,0,Yes,No,19,No,No phone service,DSL,Yes,Yes,No,No,No,No,Month-to-month,Yes,Electronic check,41.68,824.89,No
Female,0,No,Yes,59,Yes,Yes,Fiber optic,No,No,No,No,No,No,One year,Yes,Electronic check,73.68,4328.57,No
Female,0,No,No,44,Yes,Yes,DSL,No,Yes,Yes,Yes,No,No,Month-to-month,No,Bank transfer (automatic),68.87,2821.93,No
Male,0,No,No,4,Yes,No,No,No internet service,No internet service,No internet service,No internet service,No internet service,No internet service,Month-to-month,No,Credit card (automatic),16.39,61.32,Yes
Female,0,No,No,19,Yes,No,Fiber optic,No,No,Yes,No,No,No,Month-to-month,Yes,Bank transfer (automatic),78.48,1507.1,Yes
Male,0,No,No,46,No,No phone service,No,No internet service,No internet service,No internet service,No internet service,No internet service,No internet service,Two year,No,Bank transfer (automatic),10.0,424.73,No
Female,0,No,No,21,No,No phone service,Fiber optic,Yes,Yes,No,Yes,No,No,Month-to-month,Yes,Electronic check,66.28,1472.19,No
Male,1,No,No,57,Yes,Yes,Fiber optic,Yes,Yes,Yes,No,No,No,Two year,Yes,Electronic check,88.97,5253.5,No
Female,0,No,No,6,No,No phone service,No,No internet service,No internet service,No internet service,No internet service,No internet service,No internet service,Month-to-month,Yes,Bank transfer (automatic),10.0,63.42,Yes
Male,0,Yes,Yes,10,Yes,No,Fiber optic,No,No,No,Yes,No,Yes,Month-to-month,Yes,Electronic check,78.3,765.49,No
Male,0,Yes,No,44,Yes,No,DSL,No,No,No,No,Yes,Yes,Two year,No,Bank transfer (automatic),62.54,2907.0,No
Male,1,Yes,No,52,Yes,Yes,DSL,No,No,No,No,Yes,No,Month-to-month,No,Mailed check,58.78,3108.14,Yes
Female,0,No,No,59,Yes,Yes,No,No internet service,No internet service,No internet service,No internet service,No internet service,No internet service,Two year,No,Electronic check,20.41,1213.6,No
Male,0,No,No,64,Yes,Yes,DSL,Yes,Yes,No,Yes,Yes,Yes,Two year,No,Electronic check,77.41,4859.92,No
Female,1,Yes,No,11,Yes,Yes,DSL,No,Yes,No,No,Yes,No,Month-to-month,No,Electronic check,66.9,749.21,No
Female,0,No,Yes,39,Yes,Yes,Fiber optic,No,Yes,No,No,No,No,Month-to-month,No,Bank transfer (automatic),77.12,3002.52,Yes
Female,0,Yes,No,44,Yes,No,DSL,Yes,No,No,Yes,No,No,Month-to-month,No,Credit card (automatic),54.92,2461.02,Yes
Male,0,No,No,13,Yes,Yes,Fiber optic,No,Yes,No,Yes,Yes,No,One year,Yes,Electronic check,84.11,1078.22,No
Male,0,No,No,45,Yes,No,DSL,No,No,Yes,No,Yes,Yes,Two year,No,Electronic check,63.1,2811.92,No
Male,0,Yes,Yes,26,Yes,No,Fiber optic,Yes,No,Yes,No,Yes,No,Month-to-month,Yes,Electronic check,82.88,2140.87,Yes
Male,0,No,No,53,Yes,Yes,Fiber optic,No,No,No,No,Yes,No,Month-to-month,No,Credit card (automatic),72.19,3515.01,Yes
Male,0,Yes,No,56,Yes,No,Fiber optic,No,Yes,Yes,No,No,No,Month-to-month,Yes,Electronic check,78.69,4245.0,Yes
Female,0,Yes,No,41,Yes,No,Fiber optic,No,Yes,No,Yes,No,Yes,Two year,Yes,Credit card (automatic),81.34,3059.45,No
Female,0,Yes,No,30,Yes,Yes,Fiber optic,No,No,Yes,No,No,No,Month-to-month,Yes,Electronic check,75.41,2140.89,Yes
Male,1,Yes,Yes,22,Yes,Yes,DSL,No,No,No,No,No,No,Month-to-month,No,Bank transfer (automatic),59.03,1201.13,Yes
Female,0,No,No,21,Yes,No,DSL,No,Yes,Yes,No,Yes,No,One year,No,Credit card (automatic),61.67,1200.09,No
Male,0,No,No,44,Yes,Yes,DSL,Yes,No,No,No,Yes,Yes,Month-to-month,No,Electronic check,67.14,2798.4,No
Male,0,Yes,No,30,Yes,No,Fiber optic,No,Yes,Yes,No,Yes,No,Month-to-month,Yes,Mailed check,81.34,2411.74,No
Female,0,No,No,3,Yes,Yes,No,No internet service,No internet service,No internet service,No internet service,No internet service,No internet service,One year,No,Electronic check,26.34,80.9,No
Female,0,Yes,No,35,Yes,Yes,Fiber optic,Yes,No,No,No,No,No,Month-to-month,Yes,Electronic check,77.22,2849.25,No
Female,0,No,No,43,Yes,Yes,DSL,No,No,No,No,No,Yes,Two year,No,Bank transfer (automatic),53.56,2388.77,No
Male,0,No,Yes,1,Yes,No,DSL,Yes,Yes,No,No,Yes,Yes,Month-to-month,Yes,Electronic check,67.28,65.58,Yes
Female,0,Yes,No,12,Yes,No,Fiber optic,No,No,No,No,No,Yes,Two year,No,Electronic check,68.13,825.0,No
Male,0,Yes,No,25,Yes,Yes,DSL,No,No,Yes,No,No,No,Month-to-month,No,Electronic check,58.92,1415.24,No
Male,0,No,No,31,Yes,No,Fiber optic,Yes,No,Yes,Yes,Yes,No,Two year,Yes,Credit card (automatic),83.6,2674.08,No
Male,0,No,No,64,Yes,No,No,No internet service,No internet service,No internet service,No internet service,No internet service,No internet service,Month-to-month,No,Bank transfer (automatic),15.92,983.23,No
Male,0,Yes,No,28,Yes,Yes,No,No internet service,No internet service,No internet service,No internet service,No internet service,No internet service,Month-to-month,Yes,Electronic check,25.04,698.34,No
Male,0,Yes,No,46,Yes,Yes,No,No internet service,No internet service,No internet service,No internet service,No internet service,No internet service,One year,No,Electronic check,20.75,902.67,No
Female,1,No,Yes,60,No,No phone service,No,No internet service,No internet service,No internet service,No internet service,No internet service,No internet service,Month-to-month,Yes,Credit card (automatic),10.0,570.57,No
Male,0,Yes,No,20,Yes,No,Fiber optic,No,No,No,Yes,Yes,No,Month-to-month,No,Credit card (automatic),76.89,1528.69,Yes
Male,0,No,No,4,Yes,Yes,Fiber optic,No,Yes,No,No,Yes,No,Month-to-month,No,Credit card (automatic),82.84,308.85,Yes
Male,1,No,No,25,Yes,No,DSL,Yes,No,Yes,Yes,No,Yes,Month-to-month,No,Bank transfer (automatic),70.68,1820.62,No
Female,0,Yes,Yes,27,Yes,Yes,Fiber optic,Yes,No,No,No,Yes,Yes,Two year,Yes,Electronic check,94.94,2370.41,No
Male,0,Yes,No,48,Yes,Yes,Fiber optic,No,Yes,No,No,No,Yes,Month-to-month,Yes,Bank transfer (automatic),82.96,3733.8,No
Female,0,No,Yes,17,Yes,No,Fiber optic,Yes,No,Yes,No,No,No,Month-to-month,No,Credit card (automatic),76.31,1235.84,No
Female,0,Yes,No,1,No,No phone service,No,No internet service,No internet service,No internet service,No internet service,No internet service,No internet service,Two year,No,Electronic check,10.0,10.4,Yes
Female,0,Yes,No,14,Yes,No,DSL,Yes,Yes,Yes,Yes,Yes,Yes,One year,Yes,Mailed check,,1005.21,No
Male,0,No,No,19,Yes,No,DSL,Yes,Yes,No,Yes,No,Yes,Two year,No,Electronic check,64.33,1129.11,No
Male,1,No,Yes,4,Yes,No,DSL,Yes,No,No,No,No,Yes,Month-to-month,Yes,Electronic check,60.67,252.38,No
Female,1,Yes,Yes,59,Yes,No,Fiber optic,Yes,No,Yes,Yes,Yes,No,Month-to-month,Yes,Bank transfer (automatic),87.57,5354.84,Yes
Male,0,No,No,20,Yes,Yes,DSL,Yes,No,No,No,No,No,Month-to-month,No,Electronic check,57.01,1065.25,No
Male,1,Yes,No,71,Yes,No,DSL,No,No,No,No,No,No,One year,No,Electronic check,46.43,3147.27,No
Male,0,Yes,Yes,60,Yes,No,Fiber optic,No,No,Yes,No,Yes,Yes,Month-to-month,Yes,Credit card (automatic),,4882.29,Yes
Male,0,No,No,20,Yes,Yes,Fiber optic,Yes,Yes,No,No,No,Yes,Two year,Yes,Credit card (automatic),85.82,1654.26,No
Male,1,Yes,No,49,Yes,Yes,Fiber optic,Yes,Yes,Yes,Yes,Yes,No,Two year,Yes,Electronic check,95.61,4288.57,No
Female,0,Yes,Yes,0,Yes,No,No,No internet service,No internet service,No internet service,No internet service,No internet service,No internet service,One year,No,Mailed check,21.19,0.0,No
Male,0,Yes,Yes,30,Yes,Yes,Fiber optic,Yes,No,No,No,No,No,Month-to-month,Yes,Bank transfer (automatic),76.44,2279.8,Yes
Male,1,Yes,Yes,64,Yes,Yes,DSL,No,Yes,Yes,Yes,No,Yes,Two year,No,Electronic check,75.12,,No
Female,0,Yes,No,70,Yes,No,No,No internet service,No internet service,No internet service,No internet service,No internet service,No internet service,Month-to-month,No,Bank transfer (automatic),20.07,1341.31,No
Male,0,No,No,4,Yes,Yes,DSL,No,No,Yes,No,Yes,No,Month-to-month,No,Credit card (automatic),67.11,259.37,Yes
Male,1,No,No,18,Yes,Yes,DSL,Yes,No,Yes,Yes,No,No,One year,No,Electronic check,65.65,1243.04,Yes
Female,0,Yes,No,46,Yes,No,DSL,Yes,No,No,No,No,No,Month-to-month,No,Electronic check,52.87,2431.76,No
Male,0,Yes,No,29,Yes,Yes,DSL,No,No,Yes,Yes,Yes,Yes,Two year,No,Bank transfer (automatic),77.38,2134.78,No
Female,0,Yes,Yes,67,Yes,No,No,No internet service,No internet service,No internet service,No internet service,No internet service,No internet service,Month-to-month,Yes,Electronic check,21.72,1460.71,No
Female,0,No,No,37,Yes,No,Fiber optic,No,No,Yes,Yes,No,Yes,Two year,Yes,Electronic check,80.58,2902.79,No
Female,0,No,Yes,2,Yes,No,Fiber optic,Yes,Yes,Yes,No,No,Yes,Month-to-month,No,Bank transfer (automatic),82.24,150.61,Yes
Male,0,Yes,No,56,Yes,No,DSL,Yes,Yes,Yes,Yes,Yes,Yes,One year,No,Bank transfer (automatic),78.07,4533.98,No
Male,0,No,No,67,Yes,Yes,Fiber optic,Yes,No,No,No,No,No,Two year,Yes,Electronic check,77.08,5196.81,No
Male,0,Yes,No,20,Yes,Yes,DSL,No,Yes,No,No,No,Yes,Two year,Yes,Bank transfer (automatic),64.33,1325.54,No
Female,0,Yes,Yes,12,Yes,No,DSL,No,No,Yes,No,Yes,No,Two year,No,Mailed check,59.57,,No
Female,1,No,No,71,Yes,No,No,No internet service,No internet service,No internet service,No internet service,No internet service,No internet service,One year,No,Mailed check,16.78,1102.02,No
Male,0,No,No,52,Yes,Yes,No,No internet service,No internet service,No internet service,No internet service,No internet service,No internet service,One year,No,Electronic check,20.79,1144.76,No
Female,0,No,Yes,0,Yes,No,No,No internet service,No internet service,No internet service,No internet service,No internet service,No internet service,One year,No,Mailed check,18.62,0.0,No
Female,0,Yes,No,40,Yes,No,Fiber optic,Yes,Yes,Yes,No,Yes,Yes,Month-to-month,Yes,Mailed check,95.87,3711.6,Yes
Female,0,No,Yes,71,Yes,No,No,No internet service,No internet service,No internet service,No internet service,No internet service,No internet service,Month-to-month,No,Bank transfer (automatic),21.56,1409.41,No
Female,0,Yes,No,8,Yes,No,DSL,No,No,No,No,No,Yes,Month-to-month,Yes,Electronic check,53.48,433.41,Yes
Female,0,No,No,7,Yes,No,Fiber optic,Yes,Yes,No,No,Yes,No,Two year,Yes,Credit card (automatic),81.39,584.83,No
Female,0,No,No,60,Yes,No,Fiber optic,No,No,Yes,No,No,No,Month-to-month,Yes,Mailed check,69.4,3806.47,Yes
Male,0,Yes,Yes,10,Yes,Yes,Fiber optic,Yes,No,No,Yes,Yes,No,Two year,Yes,Credit card (automatic),87.31,921.27,No
Male,0,No,No,24,No,No phone service,Fiber optic,No,Yes,No,No,Yes,No,Month-to-month,Yes,Credit card (automatic),63.15,1530.33,Yes
Female,0,Yes,No,47,Yes,No,No,No internet service,No internet service,No internet service,No internet service,No internet service,No internet service,Two year,No,Electronic check,21.79,1075.06,No
Female,0,No,No,64,Yes,Yes,Fiber optic,No,Yes,Yes,No,No,No,Month-to-month,Yes,Electronic check,83.03,5288.43,Yes
Female,0,No,No,13,Yes,No,No,No internet service,No internet service,No internet service,No internet service,No internet service,No internet service,Month-to-month,Yes,Electronic check,18.34,249.11,No
Female,0,No,No,55,Yes,Yes,Fiber optic,Yes,No,Yes,Yes,No,No,One year,Yes,Electronic check,91.05,4671.73,No
Female,0,Yes,Yes,46,Yes,No,Fiber optic,Yes,No,Yes,No,No,No,Month-to-month,Yes,Electronic check,76.76,3362.26,Yes
Male,0,Yes,No,45,Yes,Yes,Fiber optic,No,No,No,No,No,Yes,Month-to-month,Yes,Electronic check,74.69,3075.42,Yes
Male,0,No,Yes,50,Yes,Yes,DSL,Yes,No,No,No,No,No,Month-to-month,No,Mailed check,56.79,2739.69,Yes
Female,0,No,No,54,Yes,No,Fiber optic,Yes,Yes,Yes,No,No,No,Two year,Yes,Mailed check,79.67,4392.25,No
Female,0,No,No,52,Yes,No,No,No internet service,No internet service,No internet service,No internet service,No internet service,No internet service,Two year,Yes,Credit card (automatic),21.45,1058.62,No
Female,0,Yes,Yes,21,No,No phone service,DSL,No,No,No,No,No,No,Month-to-month,No,Credit card (automatic),30.73,655.98,No
Male,0,Yes,No,22,Yes,No,Fiber optic,Yes,No,Yes,Yes,Yes,Yes,One year,No,Mailed check,89.55,1887.43,No
Female,1,Yes,No,25,Yes,No,DSL,No,Yes,Yes,No,Yes,Yes,Month-to-month,No,Bank transfer (automatic),64.14,1501.09,No
Female,0,No,No,42,Yes,Yes,DSL,Yes,Yes,No,No,No,No,Month-to-month,No,Electronic check,64.29,2776.66,Yes
Female,0,No,No,26,No,No phone service,DSL,No,No,No,Yes,No,No,Month-to-month,Yes,Credit card (automatic),32.51,878.73,Yes
Female,0,Yes,No,2,Yes,Yes,Fiber optic,No,No,Yes,Yes,Yes,Yes,Month-to-month,Yes,Bank transfer (automatic),96.54,182.35,Yes
Female,0,No,No,44,Yes,Yes,No,No internet service,No internet service,No internet service,No internet service,No internet service,No internet service,Month-to-month,No,Electronic check,23.04,935.54,No
Female,0,Yes,Yes,17,No,No phone service,DSL,No,No,Yes,No,No,No,Two year,No,Electronic check,30.95,482.51,No
Female,0,Yes,Yes,66,No,No phone service,Fiber optic,No,No,Yes,Yes,Yes,Yes,One year,Yes,Credit card (automatic),68.11,4298.5,No
Male,0,Yes,No,57,Yes,Yes,No,No internet service,No internet service,No internet service,No internet service,No internet service,No internet service,Month-to-month,Yes,Mailed check,27.55,1585.12,No
Male,0,No,No,43,Yes,Yes,DSL,Yes,No,Yes,No,Yes,Yes,One year,No,Mailed check,78.04,3102.56,No
Male,0,No,Yes,71,Yes,Yes,No,No internet service,No internet service,No internet service,No internet service,No internet service,No internet service,Month-to-month,No,Electronic check,25.86,1777.94,No
Male,1,No,Yes,55,Yes,Yes,DSL,No,No,Yes,No,Yes,No,Month-to-month,Yes,Credit card (automatic),61.24,3478.07,No
Male,0,Yes,Yes,58,Yes,No,DSL,No,No,Yes,Yes,No,No,Two year,Yes,Credit card (automatic),54.84,3138.92,No
Female,0,Yes,Yes,37,Yes,Yes,DSL,Yes,No,No,No,No,No,Month-to-month,Yes,Credit card (automatic),57.32,2079.04,No
Male,0,Yes,No,16,Yes,No,Fiber optic,Yes,No,No,Yes,No,Yes,One year,Yes,Bank transfer (automatic),79.97,1276.35,Yes
Female,0,No,No,7,No,No phone service,Fiber optic,No,Yes,No,No,Yes,Yes,Month-to-month,No,Electronic check,68.76,440.9,Yes
Male,0,No,No,43,Yes,Yes,DSL,No,No,Yes,Yes,No,No,Month-to-month,Yes,Mailed check,61.44,2418.93,No
Female,0,No,No,55,Yes,No,DSL,Yes,Yes,No,No,No,No,Month-to-month,Yes,Bank transfer (automatic),51.8,2789.05,No
Female,0,No,No,44,Yes,Yes,Fiber optic,No,Yes,No,No,Yes,No,One year,Yes,Electronic check,81.38,3521.9,Yes
Female,1,No,No,20,Yes,No,Fiber optic,No,No,No,Yes,No,No,Month-to-month,Yes,Credit card (automatic),77.51,1522.63,Yes
Female,0,Yes,No,58,Yes,Yes,DSL,No,No,No,No,Yes,No,Month-to-month,No,Credit card (automatic),55.62,3336.15,No
Male,0,No,No,12,Yes,Yes,DSL,No,No,No,No,No,Yes,Month-to-month,Yes,Electronic check,59.44,664.71,Yes
Male,0,Yes,No,55,Yes,Yes,No,No internet service,No internet service,No internet service,No internet service,No internet service,No internet service,One year,No,Electronic check,23.7,1347.94,No
Female,0,Yes,No,69,Yes,No,No,No internet service,No internet service,No internet service,No internet service,No internet service,No internet service,Month-to-month,No,Credit card (automatic),18.93,1262.18,No
Male,0,No,No,36,Yes,Yes,DSL,Yes,No,Yes,No,Yes,Yes,One year,Yes,Electronic check,75.14,2508.37,Yes
Female,0,No,No,61,Yes,No,Fiber optic,Yes,No,Yes,No,No,Yes,Month-to-month,No,Mailed check,79.11,4445.62,No
Female,0,Yes,No,50,Yes,Yes,No,No internet service,No internet service,No internet service,No internet service,No internet service,No internet service,Two year,No,Mailed check,18.75,978.79,No
Female,0,Yes,No,7,Yes,No,Fiber optic,Yes,Yes,No,Yes,Yes,No,Month-to-month,No,Bank transfer (automatic),84.86,546.45,No
Male,1,No,No,40,No,No phone service,Fiber optic,No,No,Yes,Yes,No,Yes,Month-to-month,Yes,Bank transfer (automatic),63.23,2630.05,No
Male,0,No,No,29,No,No phone service,Fiber optic,Yes,No,No,No,Yes,No,Month-to-month,Yes,Bank transfer (automatic),62.41,1736.95,Yes
Female,0,Yes,No,50,No,No phone service,DSL,Yes,No,Yes,No,No,No,One year,Yes,Mailed check,35.41,1818.11,No
Male,0,No,Yes,5,Yes,No,DSL,Yes,Yes,No,Yes,No,No,One year,Yes,Electronic check,63.58,309.16,Yes
Male,0,No,No,1,Yes,No,Fiber optic,No,No,No,Yes,No,No,Month-to-month,Yes,Credit card (automatic),74.76,75.06,Yes
Male,1,No,No,54,Yes,No,Fiber optic,No,Yes,No,No,No,No,Month-to-month,No,Mailed check,73.23,4124.19,Yes
Female,0,No,No,38,Yes,No,DSL,Yes,No,No,Yes,No,Yes,One year,No,Electronic check,61.65,2200.52,No
Female,0,Yes,Yes,58,Yes,Yes,DSL,Yes,No,No,No,Yes,Yes,Month-to-month,No,Mailed check,66.95,3694.05,No
Male,1,No,No,46,Yes,Yes,Fiber optic,No,Yes,No,No,No,No,Month-to-month,No,Credit card (automatic),74.95,3499.84,No
Male,0,Yes,No,63,Yes,Yes,Fiber optic,No,Yes,Yes,Yes,No,No,One year,Yes,Electronic check,84.67,5274.79,No
Male,1,No,No,69,Yes,No,Fiber optic,Yes,No,No,No,Yes,Yes,Two year,Yes,Electronic check,82.4,5749.7,No
Female,1,No,No,55,Yes,Yes,No,No internet service,No internet service,No internet service,No internet service,No internet service,No internet service,One year,No,Mailed check,17.41,963.95,No
Male,0,Yes,No,2,Yes,Yes,Fiber optic,Yes,No,Yes,No,No,Yes,One year,Yes,Mailed check,87.33,168.41,No
Male,0,Yes,No,59,Yes,No,No,No internet service,No internet service,No internet service,No internet service,No internet service,No internet service,One year,No,Bank transfer (automatic),16.7,1030.88,No
Female,0,Yes,No,22,Yes,No,DSL,Yes,Yes,Yes,Yes,No,Yes,One year,No,Electronic check,71.9,1510.6,No
Female,0,No,No,20,Yes,Yes,DSL,No,Yes,No,Yes,No,No,Month-to-month,No,Electronic check,63.38,1170.53,No
Female,1,No,No,45,Yes,Yes,Fiber optic,No,Yes,No,Yes,Yes,No,Month-to-month,No,Bank transfer (automatic),90.99,3749.5,Yes
Male,1,No,Yes,34,Yes,Yes,Fiber optic,Yes,No,No,No,No,No,Month-to-month,Yes,Electronic check,78.48,2432.45,No
Male,0,Yes,No,26,Yes,Yes,DSL,No,No,No,Yes,Yes,Yes,Month-to-month,Yes,Mailed check,64.75,1573.56,No
Male,0,Yes,Yes,28,No,No phone service,No,No internet service,No internet service,No internet service,No internet service,No internet service,No internet service,One year,Yes,Credit card (automatic),10.0,277.07,No
Male,0,No,No,66,Yes,No,No,No internet service,No internet service,No internet service,No internet service,No internet service,No internet service,One year,No,Credit card (automatic),18.13,1157.48,No
Male,0,No,Yes,68,No,No phone service,No,No internet service,No internet service,No internet service,No internet service,No internet service,No internet service,Two year,No,Electronic check,10.0,712.18,No
Male,0,Yes,Yes,34,Yes,No,Fiber optic,No,Yes,No,Yes,Yes,No,Two year,No,Bank transfer (automatic),81.99,2933.92,No
Female,1,Yes,No,17,Yes,Yes,Fiber optic,No,No,Yes,Yes,No,No,Month-to-month,Yes,Bank transfer (automatic),79.8,1349.61,Yes
Female,0,No,No,30,Yes,Yes,No,No internet service,No internet service,No internet service,No internet service,No internet service,No internet service,Month-to-month,Yes,Bank transfer (automatic),23.3,738.11,No
Female,0,No,Yes,37,Yes,Yes,Fiber optic,Yes,No,Yes,No,No,No,One year,Yes,Electronic check,85.6,3148.65,No
Male,1,No,No,58,Yes,Yes,No,No internet service,No internet service,No internet service,No internet service,No internet service,No internet service,One year,Yes,Credit card (automatic),23.24,1427.73,No
Female,0,Yes,No,7,Yes,No,Fiber optic,No,No,No,Yes,No,No,Month-to-month,No,Electronic check,72.9,486.76,Yes
Male,0,Yes,Yes,60,No,No phone service,DSL,No,No,Yes,No,No,No,Month-to-month,Yes,Mailed check,31.48,1971.5,No
Female,1,No,No,39,Yes,No,Fiber optic,Yes,No,No,No,Yes,No,Month-to-month,Yes,Electronic check,74.41,3070.96,Yes
Male,0,No,Yes,53,Yes,No,Fiber optic,No,Yes,No,No,No,Yes,Month-to-month,No,Credit card (automatic),82.5,4626.52,No
Male,1,No,No,20,Yes,Yes,Fiber optic,No,No,Yes,No,Yes,No,Month-to-month,Yes,Credit card (automatic),85.85,1698.91,Yes
Male,1,No,Yes,61,Yes,Yes,Fiber optic,Yes,Yes,No,No,No,No,Two year,No,Bank transfer (automatic),82.72,4915.28,No
Male,0,Yes,No,26,Yes,Yes,DSL,Yes,Yes,No,No,No,Yes,One year,Yes,Bank transfer (automatic),62.55,1556.58,Yes
Male,1,Yes,No,42,No,No phone service,DSL,Yes,Yes,No,No,Yes,No,Month-to-month,Yes,Mailed check,45.04,1973.07,No
Female,1,No,No,39,Yes,No,No,No internet service,No internet service,No internet service,No internet service,No internet service,No internet service,Month-to-month,No,Credit card (automatic),21.48,787.5,No
Female,0,Yes,Yes,57,Yes,No,DSL,Yes,Yes,No,No,Yes,No,Two year,Yes,Electronic check,58.72,,No
Male,0,No,Yes,51,Yes,No,DSL,Yes,Yes,No,No,No,No,Month-to-month,Yes,Bank transfer (automatic),53.8,2580.23,No
Female,0,No,No,59,Yes,No,DSL,No,Yes,Yes,No,No,Yes,Month-to-month,No,Electronic check,66.99,3855.96,Yes
Male,1,Yes,No,33,Yes,No,Fiber optic,Yes,No,No,Yes,Yes,No,Two year,No,Credit card (automatic),81.49,2848.2,Yes
Female,0,Yes,Yes,0,Yes,No,Fiber optic,No,No,Yes,No,No,No,Two year,Yes,Mailed check,77.61,0.0,No
Male,0,No,Yes,0,Yes,No,Fiber optic,Yes,Yes,No,Yes,Yes,Yes,Two year,Yes,Bank transfer (automatic),93.04,0.0,No
Female,0,No,Yes,71,No,No phone service,No,No internet service,No internet service,No internet service,No internet service,No internet service,No internet service,Month-to-month,Yes,Bank transfer (automatic),10.0,646.23,No
Male,0,No,No,27,Yes,No,DSL,No,No,No,No,No,Yes,Month-to-month,No,Electronic check,56.92,1425.21,Yes
Male,0,Yes,No,40,Yes,No,Fiber optic,No,No,No,No,No,No,Month-to-month,Yes,Mailed check,66.2,2728.6,Yes
Male,0,No,No,30,Yes,Yes,Fiber optic,No,Yes,No,No,Yes,No,One year,Yes,Bank transfer (automatic),82.43,2432.49,Yes
Male,0,No,No,4,No,No phone service,DSL,No,No,Yes,No,Yes,No,Month-to-month,Yes,Electronic check,41.07,165.17,Yes
Male,0,Yes,Yes,29,Yes,No,Fiber optic,Yes,No,Yes,Yes,Yes,No,Two year,Yes,Electronic check,89.94,2467.23,No
Female,0,No,No,13,Yes,Yes,Fiber optic,Yes,Yes,No,No,No,No,Two year,No,Electronic check,77.58,1040.1,No
Female,0,No,No,30,Yes,Yes,Fiber optic,No,Yes,No,No,No,No,One year,Yes,Credit card (automatic),84.67,2464.64,Yes
Female,0,Yes,No,21,Yes,No,No,No internet service,No internet service,No internet service,No internet service,No internet service,No internet service,One year,No,Bank transfer (automatic),17.6,340.36,No
Male,0,No,Yes,19,Yes,No,DSL,No,Yes,No,Yes,No,Yes,Two year,No,Bank transfer (automatic),66.47,1215.06,No
Male,0,Yes,No,24,Yes,Yes,DSL,Yes,No,No,Yes,Yes,No,One year,No,Bank transfer (automatic),67.74,1524.77,No
Male,0,No,No,11,Yes,No,DSL,Yes,Yes,No,Yes,Yes,Yes,One year,No,Electronic check,73.13,775.8,Yes
Female,1,No,Yes,25,Yes,No,No,No internet service,No internet service,No internet service,No internet service,No internet service,No internet service,Month-to-month,No,Credit card (automatic),23.19,559.88,No
Female,0,No,No,68,Yes,Yes,Fiber optic,Yes,No,No,No,Yes,No,Month-to-month,Yes,Electronic check,86.01,5383.69,Yes
Male,0,No,No,45,Yes,No,Fiber optic,Yes,Yes,Yes,Yes,Yes,Yes,One year,Yes,Electronic check,98.33,4585.49,No
Female,0,Yes,No,45,Yes,No,Fiber optic,Yes,Yes,Yes,No,No,No,Month-to-month,No,Credit card (automatic),87.77,3838.64,No
Male,0,No,No,17,Yes,Yes,Fiber optic,No,No,No,No,Yes,No,Two year,Yes,Bank transfer (automatic),77.44,1234.1,No
Female,1,No,No,0,Yes,No,DSL,Yes,Yes,Yes,Yes,Yes,No,Two year,Yes,Bank transfer (automatic),67.33,0.0,No
Male,0,Yes,Yes,43,Yes,Yes,Fiber optic,No,No,No,No,No,No,Month-to-month,No,Bank transfer (automatic),72.22,3107.75,Yes
Female,1,No,No,41,Yes,No,DSL,No,No,Yes,No,No,Yes,Two year,Yes,Mailed check,57.19,2422.68,No
Female,0,Yes,No,67,Yes,No,No,No internet service,No internet service,No internet service,No internet service,No internet service,No internet service,Month-to-month,No,Mailed check,25.41,1692.97,No
Male,0,No,No,49,Yes,No,Fiber optic,No,Yes,No,Yes,No,No,Month-to-month,Yes,Credit card (automatic),86.84,4169.63,Yes
Male,0,No,No,72,Yes,No,DSL,Yes,Yes,No,Yes,Yes,No,One year,Yes,Bank transfer (automatic),71.61,5377.58,No
Male,1,Yes,Yes,32,Yes,No,No,No internet service,No internet service,No internet service,No internet service,No internet service,No internet service,Month-to-month,No,Bank transfer (automatic),20.13,627.13,No
Female,0,Yes,Yes,20,Yes,No,DSL,No,Yes,Yes,Yes,Yes,No,Two year,Yes,Electronic check,71.51,1488.88,No
Female,0,Yes,No,42,No,No phone service,Fiber optic,Yes,No,Yes,No,Yes,No,One year,No,Bank transfer (automatic),60.43,2607.54,No
Female,0,Yes,No,43,Yes,No,No,No internet service,No internet service,No internet service,No internet service,No internet service,No internet service,Month-to-month,Yes,Mailed check,18.48,824.29,No
Male,0,No,Yes,48,Yes,Yes,Fiber optic,No,Yes,No,No,No,Yes,Month-to-month,Yes,Mailed check,82.0,4045.51,No
Female,0,Yes,No,50,Yes,No,DSL,Yes,No,No,Yes,No,No,Two year,No,Electronic check,54.7,2492.49,No
Male,0,No,No,16,Yes,Yes,DSL,Yes,Yes,Yes,No,Yes,Yes,One year,No,Credit card (automatic),76.77,1177.61,Yes
Female,0,Yes,Yes,49,Yes,No,Fiber optic,Yes,No,No,Yes,No,No,Month-to-month,Yes,Mailed check,81.49,3932.33,Yes
Female,0,No,No,70,Yes,No,DSL,No,Yes,Yes,Yes,Yes,No,One year,Yes,Bank transfer (automatic),62.55,4142.02,No
Female,0,No,No,49,Yes,Yes,Fiber optic,No,Yes,Yes,Yes,No,Yes,Two year,Yes,Mailed check,92.49,4483.32,Yes
Male,0,No,No,29,Yes,No,Fiber optic,Yes,No,No,Yes,No,No,Month-to-month,Yes,Credit card (automatic),78.98,2293.46,No
Female,0,No,No,26,Yes,Yes,Fiber optic,Yes,No,No,No,No,No,Two year,Yes,Electronic check,81.95,2252.5,No
Male,1,Yes,No,59,Yes,Yes,Fiber optic,No,Yes,Yes,Yes,No,No,One year,Yes,Credit card (automatic),83.82,4733.84,No
Male,0,Yes,Yes,44,Yes,Yes,No,No internet service,No internet service,No internet service,No internet service,No internet service,No internet service,Month-to-month,No,Electronic check,26.62,1076.33,No
Male,0,No,No,55,Yes,No,Fiber optic,No,No,Yes,No,No,Yes,Two year,No,Electronic check,81.06,4210.41,No
Female,0,Yes,No,60,Yes,Yes,Fiber optic,Yes,Yes,No,No,No,No,Month-to-month,No,Bank transfer (automatic),83.57,5307.71,Yes
Male,0,No,No,19,Yes,No,DSL,No,No,Yes,No,No,Yes,Month-to-month,Yes,Electronic check,61.11,1223.45,Yes
Female,0,No,No,32,Yes,No,Fiber optic,No,Yes,Yes,No,Yes,Yes,Two year,Yes,Bank transfer (automatic),88.17,2834.27,No
Male,0,No,No,70,Yes,No,DSL,No,Yes,No,Yes,No,No,Month-to-month,Yes,Mailed check,61.83,4408.96,No
Female,1,Yes,No,72,Yes,No,DSL,Yes,No,No,Yes,Yes,No,Month-to-month,No,Bank transfer (automatic),64.1,4588.95,No
Female,0,No,No,23,Yes,No,No,No internet service,No internet service,No internet service,No internet service,No internet service,No internet service,Month-to-month,No,Electronic check,20.14,427.31,Yes
Male,0,Yes,Yes,21,Yes,No,No,No internet service,No internet service,No internet service,No internet service,No internet service,No internet service,Two year,Yes,Mailed check,17.38,371.68,No
Male,0,Yes,Yes,36,No,No phone service,Fiber optic,No,No,No,No,No,Yes,Two year,No,Credit card (automatic),54.78,1806.04,No
Male,0,No,No,52,Yes,Yes,Fiber optic,Yes,No,No,Yes,Yes,Yes,Two year,Yes,Electronic check,92.2,4656.53,Yes
Male,0,Yes,Yes,70,Yes,Yes,No,No internet service,No internet service,No internet service,No internet service,No internet service,No internet service,Month-to-month,No,Mailed check,25.69,1644.79,No
Male,0,No,No,60,Yes,Yes,DSL,No,Yes,No,No,No,Yes,Month-to-month,No,Mailed check,57.07,3123.61,Yes
Female,0,No,No,11,Yes,No,Fiber optic,Yes,Yes,Yes,Yes,No,No,Two year,Yes,Mailed check,86.09,993.28,No
Male,0,Yes,No,2,Yes,Yes,Fiber optic,No,No,No,No,No,No,Month-to-month,Yes,Bank transfer (automatic),73.08,142.59,Yes
Female,0,Yes,Yes,15,Yes,No,DSL,Yes,Yes,No,Yes,No,Yes,Two year,Yes,Bank transfer (automatic),63.6,986.05,No
Male,0,No,No,12,No,No phone service,DSL,Yes,No,Yes,Yes,No,No,Month-to-month,No,Electronic check,42.88,515.25,Yes
Female,0,Yes,Yes,24,Yes,Yes,DSL,No,Yes,No,No,No,No,Month-to-month,No,Bank transfer (automatic),52.7,1275.27,No
Female,0,No,No,42,Yes,Yes,DSL,No,No,No,No,Yes,No,Month-to-month,No,Mailed check,56.62,2260.07,No
Female,0,No,No,22,Yes,Yes,DSL,Yes,Yes,Yes,No,No,Yes,Month-to-month,Yes,Electronic check,71.2,1459.69,No
Male,0,No,No,26,Yes,Yes,DSL,No,No,No,Yes,Yes,Yes,Month-to-month,No,Electronic check,65.03,1691.18,No
Male,1,Yes,Yes,39,Yes,Yes,Fiber optic,No,No,No,No,No,No,Month-to-month,No,Credit card (automatic),78.24,2801.04,Yes
Female,0,No,No,72,Yes,No,DSL,Yes,No,No,Yes,No,Yes,Month-to-month,No,Electronic check,61.35,4274.41,Yes
Male,0,No,No,1,Yes,No,No,No internet service,No internet service,No internet service,No internet service,No internet service,No internet service,Two year,No,Bank transfer (automatic),15.21,14.29,No
Female,0,No,Yes,49,Yes,No,DSL,Yes,Yes,No,No,No,No,Two year,Yes,Mailed check,59.78,2994.3,No
Male,0,Yes,No,5,Yes,Yes,DSL,No,No,No,No,No,No,Month-to-month,Yes,Mailed check,52.67,249.1,Yes
Male,0,No,No,52,Yes,Yes,Fiber optic,No,Yes,Yes,No,Yes,No,Month-to-month,Yes,Mailed check,88.5,4668.13,Yes
Female,0,No,Yes,63,Yes,No,Fiber optic,Yes,Yes,No,No,Yes,No,Two year,Yes,Bank transfer (automatic),78.38,4788.27,No
Male,1,No,Yes,2,Yes,Yes,DSL,Yes,No,Yes,No,No,Yes,One year,Yes,Bank transfer (automatic),74.52,142.97,Yes
Female,0,No,No,29,Yes,No,Fiber optic,Yes,No,Yes,No,No,Yes,Two year,Yes,Bank transfer (automatic),85.2,2505.99,No
Male,0,No,No,43,Yes,Yes,DSL,No,Yes,No,No,No,No,Month-to-month,No,Electronic check,56.6,2462.87,Yes
Male,0,Yes,No,44,No,No phone service,DSL,Yes,Yes,Yes,Yes,Yes,Yes,One year,Yes,Electronic check,56.54,2424.36,No
Female,1,Yes,No,72,Yes,Yes,DSL,No,Yes,No,No,No,No,Month-to-month,No,Electronic check,56.32,4107.36,No
Male,0,No,No,12,Yes,Yes,DSL,No,No,No,Yes,Yes,No,Month-to-month,No,Credit card (automatic),59.37,727.08,Yes
Male,0,No,No,1,Yes,Yes,Fiber optic,Yes,No,Yes,Yes,No,Yes,Two year,Yes,Electronic check,92.01,92.95,No
Female,1,Yes,No,12,Yes,No,Fiber optic,No,Yes,Yes,Yes,No,No,Two year,Yes,Bank transfer (automatic),83.76,1057.04,No
Male,0,Yes,No,7,Yes,No,No,No internet service,No internet service,No internet service,No internet service,No internet service,No internet service,One year,No,Bank transfer (automatic),19.35,133.63,No
Female,0,Yes,No,66,Yes,No,Fiber optic,Yes,No,Yes,Yes,No,No,One year,No,Mailed check,84.74,5315.16,No
Male,0,No,No,35,Yes,No,DSL,No,No,Yes,Yes,Yes,No,Month-to-month,No,Electronic check,64.26,2324.93,Yes
Male,0,No,Yes,22,Yes,No,DSL,Yes,Yes,No,Yes,Yes,No,One year,No,Credit card (automatic),68.42,1470.47,No
Female,1,Yes,Yes,67,Yes,No,Fiber optic,Yes,No,Yes,Yes,Yes,Yes,Two year,Yes,Credit card (automatic),92.08,5630.29,No
Female,0,No,No,70,Yes,Yes,DSL,No,No,Yes,Yes,Yes,Yes,Month-to-month,No,Mailed check,67.69,4991.12,Yes
Male,1,No,No,17,Yes,No,DSL,No,Yes,No,Yes,No,No,Month-to-month,No,Mailed check,53.16,850.83,Yes
Female,1,No,No,69,Yes,No,Fiber optic,Yes,No,No,No,Yes,No,Month-to-month,No,Bank transfer (automatic),75.95,4984.96,No
Male,0,Yes,No,55,Yes,No,DSL,No,No,Yes,No,Yes,No,Month-to-month,No,Mailed check,55.23,3005.03,No
Female,0,No,No,69,Yes,Yes,DSL,No,No,No,No,No,No,Month-to-month,No,Electronic check,48.01,3413.94,Yes
Female,1,Yes,No,21,Yes,Yes,No,No internet service,No internet service,No internet service,No internet service,No internet service,No internet service,Two year,Yes,Electronic check,23.86,510.19,No
Male,0,Yes,No,23,Yes,No,DSL,No,No,Yes,No,No,Yes,Month-to-month,Yes,Mailed check,59.98,1418.95,No
Male,0,No,No,42,Yes,Yes,Fiber optic,No,No,Yes,Yes,Yes,No,Month-to-month,No,Electronic check,90.97,3673.95,No
Male,1,Yes,No,8,Yes,Yes,Fiber optic,Yes,Yes,No,No,No,No,Month-to-month,Yes,Electronic check,86.59,690.84,Yes
Male,0,Yes,No,66,Yes,Yes,Fiber optic,No,Yes,No,No,Yes,Yes,One year,Yes,Mailed check,86.3,5944.62,No
Female,1,No,No,52,Yes,Yes,Fiber optic,Yes,Yes,No,No,Yes,Yes,One year,No,Electronic check,95.54,,Yes
Female,1,No,Yes,11,Yes,Yes,Fiber optic,Yes,Yes,No,No,Yes,No,Month-to-month,Yes,Bank transfer (automatic),87.74,897.89,Yes
Male,0,Yes,No,23,Yes,Yes,Fiber optic,No,Yes,No,No,No,No,Two year,No,Bank transfer (automatic),78.46,1826.42,No
Male,0,No,No,0,Yes,Yes,Fiber optic,Yes,No,Yes,No,Yes,Yes,One year,No,Electronic check,89.15,,Yes
Male,0,Yes,Yes,28,No,No phone service,No,No internet service,No internet service,No internet service,No internet service,No internet service,No internet service,One year,No,Bank transfer (automatic),10.0,267.55,No
Female,0,No,No,32,Yes,No,Fiber optic,Yes,Yes,No,Yes,Yes,Yes,Two year,Yes,Electronic check,90.24,2979.48,No
Male,0,No,No,44,Yes,No,Fiber optic,No,Yes,Yes,No,No,Yes,Month-to-month,No,Mailed check,86.97,3816.04,No
Female,0,Yes,No,23,Yes,No,DSL,No,Yes,Yes,Yes,Yes,Yes,Two year,Yes,Credit card (automatic),73.89,1559.45,No
Female,0,No,No,40,Yes,Yes,DSL,No,Yes,Yes,Yes,No,Yes,One year,Yes,Electronic check,71.14,2715.38,No
Male,1,Yes,Yes,19,Yes,No,DSL,No,No,Yes,No,No,No,Month-to-month,No,Bank transfer (automatic),53.64,1034.14,No
Female,0,No,No,30,Yes,Yes,Fiber optic,No,Yes,No,No,No,No,Month-to-month,Yes,Mailed check,76.93,,Yes
Male,0,No,No,22,Yes,No,DSL,No,Yes,Yes,No,Yes,No,Month-to-month,No,Credit card (automatic),63.53,1430.19,No
Male,0,No,No,37,Yes,No,DSL,No,Yes,Yes,No,No,Yes,One year,No,Credit card (automatic),63.18,2340.6,No
Male,0,No,Yes,44,Yes,No,DSL,No,Yes,No,No,No,No,Month-to-month,No,Credit card (automatic),53.76,2399.82,No
Female,0,Yes,No,22,Yes,Yes,DSL,Yes,No,No,No,No,No,Month-to-month,No,Electronic check,59.44,1323.19,Yes
Male,0,No,Yes,54,Yes,Yes,No,No internet service,No internet service,No internet service,No internet service,No internet service,No internet service,One year,No,Electronic check,20.26,1066.03,No
Male,0,No,No,38,Yes,No,DSL,No,No,Yes,No,No,No,Month-to-month,No,Electronic check,51.86,1801.9,Yes
Male,1,Yes,No,23,Yes,No,DSL,No,Yes,Yes,No,No,No,Month-to-month,No,Bank transfer (automatic),59.12,1265.24,No
Female,0,Yes,No,33,Yes,No,DSL,No,No,No,No,Yes,Yes,One year,No,Mailed check,60.33,1999.28,Yes
Male,1,No,Yes,46,Yes,No,Fiber optic,Yes,No,Yes,No,Yes,No,Two year,Yes,Bank transfer (automatic),82.97,3597.19,No
Female,0,Yes,No,22,Yes,No,Fiber optic,No,Yes,Yes,No,No,Yes,One year,Yes,Credit card (automatic),84.99,1716.67,No
Female,0,Yes,Yes,28,Yes,No,Fiber optic,No,No,No,Yes,Yes,No,Month-to-month,Yes,Electronic check,80.83,2362.89,Yes
Male,0,Yes,No,57,Yes,No,No,No internet service,No internet service,No internet service,No internet service,No internet service,No internet service,One year,No,Mailed check,20.65,1077.68,No
Male,0,Yes,Yes,54,Yes,Yes,No,No internet service,No internet service,No internet service,No internet service,No internet service,No internet service,Month-to-month,No,Electronic check,26.18,1373.84,No
Female,0,No,No,9,Yes,No,No,No internet service,No internet service,No internet service,No internet service,No internet service,No internet service,Month-to-month,No,Bank transfer (automatic),14.49,122.17,No
Male,0,No,No,46,Yes,No,Fiber optic,No,No,No,No,No,Yes,Month-to-month,No,Electronic check,74.71,3453.89,No
Female,1,No,No,24,Yes,No,No,No internet service,No internet service,No internet service,No internet service,No internet service,No internet service,Month-to-month,Yes,Bank transfer (automatic),17.05,374.16,No
Male,0,No,No,67,Yes,Yes,Fiber optic,Yes,No,No,No,No,No,Month-to-month,Yes,Credit card (automatic),80.16,4963.82,No
Female,0,No,No,3,No,No phone service,DSL,No,Yes,Yes,No,No,No,Month-to-month,No,Electronic check,47.7,140.41,Yes
Female,0,No,No,28,Yes,No,No,No internet service,No internet service,No internet service,No internet service,No internet service,No internet service,Two year,No,Electronic check,16.54,442.25,No
Female,0,No,Yes,48,Yes,No,No,No internet service,No internet service,No internet service,No internet service,No internet service,No internet service,Month-to-month,No,Bank transfer (automatic),19.99,971.11,No
Male,0,No,No,71,Yes,Yes,DSL,No,Yes,Yes,No,Yes,Yes,One year,Yes,Electronic check,76.31,5558.47,No
Male,0,No,No,58,Yes,Yes,DSL,Yes,No,Yes,No,No,No,One year,Yes,Credit card (automatic),64.29,3883.04,No
Female,1,No,No,57,Yes,Yes,DSL,No,No,Yes,Yes,No,Yes,One year,Yes,Electronic check,63.83,3369.42,No
Female,0,No,No,33,No,No phone service,No,No internet service,No internet service,No internet service,No internet service,No internet service,No internet service,Two year,Yes,Credit card (automatic),,331.42,No
Female,0,No,Yes,3,Yes,No,DSL,Yes,No,Yes,Yes,No,No,Month-to-month,Yes,Electronic check,66.5,188.99,Yes
Female,0,Yes,No,23,No,No phone service,No,No internet service,No internet service,No internet service,No internet service,No internet service,No internet service,Month-to-month,Yes,Credit card (automatic),10.0,214.55,No
Male,0,Yes,Yes,67,Yes,No,DSL,No,Yes,Yes,Yes,No,No,Month-to-month,No,Bank transfer (automatic),69.03,4750.71,No
Female,0,No,No,13,Yes,Yes,Fiber optic,Yes,Yes,Yes,No,No,Yes,Month-to-month,Yes,Bank transfer (automatic),90.21,1067.81,Yes
Female,0,No,Yes,19,Yes,Yes,No,No internet service,No internet service,No internet service,No internet service,No internet service,No internet service,One year,Yes,Mailed check,24.26,452.71,No
Female,1,Yes,Yes,45,Yes,No,DSL,Yes,No,No,No,Yes,Yes,Two year,No,Credit card (automatic),63.28,2834.55,No
Female,1,Yes,No,16,Yes,No,Fiber optic,No,Yes,No,Yes,Yes,No,Month-to-month,Yes,Credit card (automatic),79.79,1293.63,Yes
Female,0,No,No,59,Yes,Yes,Fiber optic,Yes,Yes,No,No,No,Yes,One year,Yes,Electronic check,91.32,5551.56,No
Female,0,Yes,No,44,Yes,Yes,Fiber optic,No,No,No,No,No,No,Month-to-month,Yes,Bank transfer (automatic),74.6,3172.48,Yes
Female,0,Yes,No,51,Yes,No,Fiber optic,No,No,No,Yes,Yes,No,Month-to-month,Yes,Electronic check,79.69,4168.12,Yes
Female,0,Yes,No,53,Yes,Yes,Fiber optic,Yes,No,Yes,Yes,Yes,Yes,Two year,Yes,Electronic check,95.98,4761.01,No
Female,0,No,No,4,Yes,Yes,DSL,No,Yes,No,Yes,No,Yes,Month-to-month,No,Mailed check,65.01,245.91,Yes
Female,0,Yes,No,9,Yes,Yes,Fiber optic,No,No,Yes,No,Yes,Yes,One year,Yes,Electronic check,88.11,813.95,No
Female,0,No,No,37,Yes,No,No,No internet service,No internet service,No internet service,No internet service,No internet service,No internet service,Month-to-month,No,Mailed check,23.11,859.14,No
Female,0,Yes,Yes,63,Yes,No,No,No internet service,No internet service,No internet service,No internet service,No internet service,No internet service,One year,No,Credit card (automatic),15.45,937.75,No
Male,0,No,No,21,Yes,No,Fiber optic,No,Yes,Yes,Yes,No,No,One year,Yes,Electronic check,84.66,1748.51,Yes
Female,0,No,No,52,Yes,No,Fiber optic,No,Yes,No,Yes,Yes,Yes,Two year,No,Electronic check,91.97,4582.55,No
Male,0,No,No,55,Yes,Yes,DSL,No,Yes,Yes,Yes,No,No,Month-to-month,No,Bank transfer (automatic),64.93,3539.84,No
Male,1,Yes,Yes,60,Yes,Yes,No,No internet service,No internet service,No internet service,No internet service,No internet service,No internet service,Month-to-month,No,Credit card (automatic),23.41,1473.95,No
Female,1,No,No,50,Yes,No,No,No internet service,No internet service,No internet service,No internet service,No internet service,No internet service,Two year,No,Bank transfer (automatic),12.32,608.65,No
Female,1,Yes,Yes,46,Yes,No,No,No internet service,No internet service,No internet service,No internet service,No internet service,No internet service,One year,Yes,Credit card (automatic),17.59,742.21,No
Female,0,No,No,52,Yes,Yes,No,No internet service,No internet service,No internet service,No internet service,No internet service,No internet service,Month-to-month,Yes,Bank transfer (automatic),20.52,975.99,No
Male,0,No,No,69,No,No phone service,No,No internet service,No internet service,No internet service,No internet service,No internet service,No internet service,Month-to-month,Yes,Electronic check,10.0,714.69,No
Male,0,No,No,50,Yes,No,Fiber optic,No,No,No,No,No,No,Month-to-month,Yes,Electronic check,69.09,3421.2,Yes
Female,0,No,Yes,8,Yes,Yes,No,No internet service,No internet service,No internet service,No internet service,No internet service,No internet service,Two year,Yes,Bank transfer (automatic),19.1,152.75,No
Female,0,No,No,72,Yes,Yes,Fiber optic,Yes,Yes,No,No,No,No,One year,Yes,Mailed check,85.81,5638.62,No
Female,0,No,No,22,Yes,No,Fiber optic,No,No,Yes,No,No,Yes,Month-to-month,Yes,Electronic check,75.78,1544.0,Yes
Male,0,Yes,No,52,Yes,Yes,DSL,Yes,No,No,No,No,No,Two year,No,Credit card (automatic),60.34,2857.08,No
Male,1,Yes,No,47,Yes,Yes,Fiber optic,No,Yes,No,Yes,Yes,No,Month-to-month,Yes,Mailed check,88.23,4196.67,No
Female,0,Yes,No,23,Yes,Yes,No,No internet service,No internet service,No internet service,No internet service,No internet service,No internet service,One year,Yes,Bank transfer (automatic),22.65,477.99,No
Female,0,No,No,69,No,No phone service,DSL,No,No,Yes,No,No,No,Month-to-month,No,Bank transfer (automatic),34.64,2420.74,No
Female,0,No,No,32,Yes,No,DSL,No,Yes,Yes,No,No,No,Month-to-month,Yes,Bank transfer (automatic),57.69,1887.36,Yes
Male,0,Yes,No,69,Yes,Yes,Fiber optic,No,No,Yes,No,No,No,Month-to-month,Yes,Credit card (automatic),84.89,6073.18,No
Female,0,Yes,Yes,57,Yes,Yes,DSL,Yes,Yes,No,Yes,No,No,One year,No,Bank transfer (automatic),68.73,3810.28,No
Male,0,Yes,No,36,Yes,No,Fiber optic,No,Yes,Yes,No,Yes,Yes,One year,Yes,Credit card (automatic),88.89,3229.26,No
Male,0,Yes,Yes,15,Yes,Yes,DSL,No,No,No,Yes,No,No,Month-to-month,No,Credit card (automatic),60.44,828.57,No
Male,0,No,Yes,63,Yes,Yes,No,No internet service,No internet service,No internet service,No internet service,No internet service,No internet service,Month-to-month,No,Credit card (automatic),23.76,1548.21,No
Female,0,No,No,10,Yes,No,DSL,No,No,No,Yes,Yes,No,Month-to-month,No,Bank transfer (automatic),61.83,567.57,No
Female,0,Yes,Yes,33,Yes,Yes,Fiber optic,No,Yes,No,No,Yes,Yes,Month-to-month,Yes,Electronic check,89.99,3010.84,Yes
Male,0,Yes,Yes,28,Yes,Yes,DSL,Yes,Yes,No,Yes,No,No,Month-to-month,Yes,Credit card (automatic),69.64,1959.7,No
Male,0,No,No,9,Yes,Yes,Fiber optic,Yes,No,No,Yes,No,No,Two year,Yes,Electronic check,75.83,718.78,No
Female,1,Yes,No,7,Yes,No,No,No internet service,No internet service,No internet service,No internet service,No internet service,No internet service,Month-to-month,Yes,Mailed check,18.31,128.07,Yes
Male,0,No,No,68,Yes,No,No,No internet service,No internet service,No internet service,No internet service,No internet service,No internet service,Month-to-month,No,Electronic check,21.36,1341.66,No
Female,1,No,Yes,20,Yes,No,Fiber optic,Yes,No,No,No,No,Yes,Month-to-month,No,Mailed check,76.71,1590.22,Yes
Male,0,No,No,57,Yes,Yes,DSL,No,Yes,Yes,No,Yes,Yes,Month-to-month,Yes,Credit card (automatic),75.2,4160.89,Yes
Female,0,No,No,11,Yes,No,Fiber optic,Yes,No,No,No,No,Yes,Month-to-month,Yes,Mailed check,77.82,846.55,No
Female,0,Yes,No,45,No,No phone service,Fiber optic,No,Yes,Yes,Yes,No,No,Month-to-month,Yes,Electronic check,68.02,3095.8,Yes
Female,0,No,No,39,No,No phone service,Fiber optic,No,No,No,Yes,No,No,Month-to-month,No,Credit card (automatic),51.98,2104.98,Yes
Female,0,Yes,No,21,Yes,No,No,No internet service,No internet service,No internet service,No internet service,No internet service,No internet service,Month-to-month,Yes,Credit card (automatic),19.87,434.82,No
Male,0,No,No,1,Yes,No,Fiber optic,No,Yes,No,No,No,No,Month-to-month,Yes,Credit card (automatic),68.84,70.66,Yes
Male,0,Yes,No,34,Yes,No,DSL,Yes,No,No,No,No,No,Month-to-month,No,Electronic check,55.28,1801.96,Yes
Male,0,No,No,36,Yes,Yes,No,No internet service,No internet service,No internet service,No internet service,No internet service,No internet service,Two year,No,Bank transfer (automatic),23.84,888.49,No
Male,1,Yes,No,26,No,No phone service,DSL,No,No,No,Yes,Yes,No,Month-to-month,Yes,Credit card (automatic),39.4,1064.92,Yes
Male,0,Yes,No,54,Yes,Yes,No,No internet service,No internet service,No internet service,No internet service,No internet service,No internet service,Two year,No,Electronic check,29.38,1444.72,No
Male,0,Yes,No,2,Yes,No,Fiber optic,Yes,No,No,No,Yes,No,Month-to-month,Yes,Mailed check,76.76,150.78,No
Male,0,Yes,No,37,Yes,No,Fiber optic,No,No,No,No,No,No,Month-to-month,Yes,Electronic check,68.4,2527.41,Yes
Male,0,Yes,Yes,23,Yes,Yes,DSL,No,Yes,No,Yes,Yes,No,Month-to-month,Yes,Electronic check,67.28,1444.1,Yes
Female,0,No,No,49,Yes,No,Fiber optic,No,No,No,No,Yes,No,Month-to-month,Yes,Bank transfer (automatic),77.97,3824.41,Yes
Female,0,Yes,Yes,62,Yes,Yes,Fiber optic,No,Yes,Yes,No,No,No,Two year,No,Electronic check,84.73,4801.55,No
Male,0,Yes,No,36,Yes,No,No,No internet service,No internet service,No internet service,No internet service,No internet service,No internet service,One year,Yes,Electronic check,18.33,652.9,No
Male,0,No,No,1,Yes,No,Fiber optic,No,No,No,No,No,No,Month-to-month,Yes,Electronic check,73.07,73.91,Yes
Female,0,No,No,14,No,No phone service,DSL,Yes,No,Yes,No,No,No,Month-to-month,No,Electronic check,39.59,554.01,No
Female,1,Yes,No,27,Yes,No,Fiber optic,No,Yes,Yes,No,No,Yes,One year,Yes,Electronic check,83.73,2196.73,No
Male,0,No,No,30,Yes,Yes,Fiber optic,No,Yes,Yes,No,No,Yes,Two year,Yes,Electronic check,85.17,2620.2,Yes
Male,1,No,No,68,Yes,Yes,Fiber optic,No,No,Yes,No,No,Yes,Month-to-month,No,Mailed check,83.44,5743.72,No
Female,1,Yes,No,33,Yes,No,No,No internet service,No internet service,No internet service,No internet service,No internet service,No internet service,Month-to-month,No,Electronic check,18.69,610.02,Yes
Male,0,No,No,13,Yes,Yes,Fiber optic,Yes,No,Yes,No,No,Yes,One year,No,Electronic check,93.38,1250.98,Yes
Male,0,No,No,53,Yes,Yes,Fiber optic,No,Yes,No,Yes,Yes,Yes,Two year,Yes,Credit card (automatic),88.04,4520.61,No
Female,0,No,No,49,Yes,Yes,Fiber optic,No,No,No,Yes,No,No,Two year,Yes,Mailed check,,3325.96,No
Male,0,No,No,70,Yes,No,DSL,Yes,No,No,No,Yes,No,Month-to-month,No,Bank transfer (automatic),53.3,3599.03,No
Female,1,No,No,64,Yes,No,DSL,No,Yes,Yes,No,No,No,Month-to-month,No,Bank transfer (automatic),58.8,3766.23,No
Female,0,No,Yes,31,Yes,No,Fiber optic,Yes,No,Yes,Yes,Yes,Yes,Two year,Yes,Electronic check,95.62,2703.65,No
Male,0,No,No,10,Yes,No,DSL,Yes,No,Yes,No,Yes,No,Month-to-month,No,Credit card (automatic),66.65,654.6,Yes
Male,0,No,No,18,Yes,No,DSL,Yes,Yes,Yes,Yes,No,Yes,One year,No,Mailed check,73.89,1370.55,No
Male,0,No,No,45,Yes,No,DSL,Yes,Yes,No,Yes,No,Yes,One year,Yes,Mailed check,68.19,3209.84,No
Female,0,No,No,61,Yes,No,Fiber optic,No,Yes,No,No,No,No,Month-to-month,No,Bank transfer (automatic),72.95,4414.34,No
Male,0,No,Yes,12,No,No phone service,DSL,No,No,No,No,Yes,No,Month-to-month,Yes,Electronic check,30.66,375.16,Yes
Male,0,Yes,No,65,Yes,No,DSL,Yes,No,No,No,No,No,Month-to-month,No,Mailed check,47.95,3071.23,No
Male,0,No,Yes,1,Yes,No,Fiber optic,No,No,No,Yes,No,No,Month-to-month,Yes,Credit card (automatic),71.97,74.02,Yes
Male,0,No,No,27,Yes,Yes,No,No internet service,No internet service,No internet service,No internet service,No internet service,No internet service,Month-to-month,No,Credit card (automatic),25.81,680.25,No
Female,0,No,No,15,Yes,Yes,No,No internet service,No internet service,No internet service,No internet service,No internet service,No internet service,One year,No,Bank transfer (automatic),18.23,289.25,No
Male,0,No,No,40,Yes,No,Fiber optic,No,Yes,No,No,Yes,Yes,One year,Yes,Mailed check,83.28,3128.91,Yes
Male,0,Yes,No,24,Yes,No,DSL,Yes,No,Yes,No,Yes,Yes,One year,Yes,Electronic check,69.57,1678.53,Yes
Male,1,Yes,Yes,67,Yes,No,No,No internet service,No internet service,No internet service,No internet service,No internet service,No internet service,Two year,Yes,Bank transfer (automatic),18.09,1156.2,No
Female,0,No,No,9,No,No phone service,DSL,No,Yes,No,No,No,No,Month-to-month,No,Bank transfer (automatic),32.55,284.91,Yes
Male,0,Yes,Yes,62,Yes,Yes,No,No internet service,No internet service,No internet service,No internet service,No internet service,No internet service,Month-to-month,No,Bank transfer (automatic),26.32,1538.07,No
Female,0,No,No,25,Yes,No,Fiber optic,No,No,Yes,No,No,No,Month-to-month,Yes,Credit card (automatic),66.71,1706.31,Yes
Male,0,No,No,10,Yes,Yes,No,No internet service,No internet service,No internet service,No internet service,No internet service,No internet service,Month-to-month,Yes,Credit card (automatic),29.92,299.64,No
Female,0,Yes,Yes,6,Yes,No,No,No internet service,No internet service,No internet service,No internet service,No internet service,No internet service,Two year,Yes,Credit card (automatic),17.09,99.22,No
Female,0,No,No,69,Yes,No,DSL,Yes,No,Yes,No,Yes,No,Month-to-month,No,Credit card (automatic),60.13,3787.41,Yes
Male,0,Yes,No,12,Yes,No,DSL,No,Yes,No,Yes,No,No,Month-to-month,Yes,Credit card (automatic),58.2,647.1,No
Male,0,No,Yes,70,Yes,Yes,Fiber optic,Yes,No,No,Yes,No,No,Two year,Yes,Bank transfer (automatic),82.34,5304.04,No
Female,0,Yes,Yes,15,Yes,Yes,No,No internet service,No internet service,No internet service,No internet service,No internet service,No internet service,Two year,Yes,Electronic check,20.75,302.33,No
Female,1,No,No,56,No,No phone service,Fiber optic,No,No,No,Yes,No,Yes,Month-to-month,Yes,Mailed check,58.63,3404.78,No
Female,0,No,No,11,Yes,Yes,No,No internet service,No internet service,No internet service,No internet service,No internet service,No internet service,Month-to-month,No,Electronic check,22.93,259.73,No
Female,0,Yes,Yes,14,No,No phone service,DSL,No,No,No,No,No,Yes,Month-to-month,Yes,Credit card (automatic),32.75,425.97,No
Female,0,Yes,Yes,6,Yes,No,Fiber optic,Yes,No,Yes,Yes,No,No,Month-to-month,Yes,Bank transfer (automatic),80.18,480.52,No
Female,0,No,Yes,12,No,No phone service,DSL,Yes,Yes,No,No,No,Yes,Two year,No,Credit card (automatic),44.91,505.44,No
Male,0,Yes,No,62,Yes,Yes,Fiber optic,Yes,Yes,No,Yes,No,Yes,Two year,No,Credit card (automatic),92.86,5706.44,No
Female,0,Yes,No,64,Yes,No,No,No internet service,No internet service,No internet service,No internet service,No internet service,No internet service,One year,Yes,Bank transfer (automatic),18.09,1209.06,No
Female,0,No,No,14,Yes,Yes,Fiber optic,No,No,No,No,Yes,No,Month-to-month,Yes,Electronic check,77.41,1146.82,Yes
Female,0,Yes,Yes,23,Yes,No,Fiber optic,No,Yes,Yes,No,Yes,Yes,Two year,Yes,Electronic check,87.61,1890.03,Yes
Male,0,No,Yes,35,Yes,No,Fiber optic,No,No,No,No,No,No,Month-to-month,No,Electronic check,67.38,2351.64,No
Male,0,Yes,No,37,No,No phone service,No,No internet service,No internet service,No internet service,No internet service,No internet service,No internet service,Month-to-month,Yes,Electronic check,10.0,389.93,No
Female,0,No,No,42,Yes,Yes,DSL,Yes,No,Yes,No,No,No,Two year,No,Electronic check,62.12,2610.05,No
Female,0,No,No,50,Yes,Yes,Fiber optic,Yes,No,No,No,Yes,Yes,Month-to-month,Yes,Credit card (automatic),89.39,4635.41,Yes
Male,0,No,Yes,50,No,No phone service,Fiber optic,Yes,No,No,Yes,Yes,No,Month-to-month,No,Bank transfer (automatic),64.15,3265.49,Yes
Male,0,No,No,9,Yes,No,DSL,No,Yes,Yes,Yes,No,No,Two year,Yes,Electronic check,58.87,490.49,No
Male,0,Yes,No,20,Yes,No,No,No internet service,No internet service,No internet service,No internet service,No internet service,No internet service,Two year,No,Bank transfer (automatic),20.97,437.38,No
Female,0,Yes,No,56,Yes,No,No,No internet service,No internet service,No internet service,No internet service,No internet service,No internet service,Month-to-month,No,Credit card (automatic),14.49,816.52,No
Female,1,No,No,32,Yes,No,Fiber optic,Yes,No,No,No,No,Yes,Month-to-month,Yes,Electronic check,76.42,2581.01,Yes
Male,0,No,No,5,Yes,Yes,DSL,No,No,No,No,No,No,One year,Yes,Credit card (automatic),49.84,241.77,Yes
Male,0,Yes,No,62,Yes,Yes,Fiber optic,Yes,No,No,Yes,No,No,Month-to-month,Yes,Credit card (automatic),81.11,4875.83,No
Male,0,No,No,72,Yes,Yes,DSL,No,No,No,No,No,No,Month-to-month,No,Mailed check,47.38,3126.3,No
Female,0,No,No,38,Yes,Yes,DSL,No,No,No,No,No,No,Month-to-month,Yes,Credit card (automatic),49.15,1731.79,No
Male,1,No,No,10,Yes,No,DSL,No,Yes,Yes,Yes,No,Yes,One year,Yes,Bank transfer (automatic),62.89,654.68,No
Female,1,Yes,No,71,Yes,Yes,DSL,No,No,Yes,Yes,No,No,Two year,No,Credit card (automatic),60.43,4215.89,No
Female,0,No,Yes,33,Yes,Yes,DSL,No,No,No,Yes,No,No,Month-to-month,Yes,Electronic check,59.48,2063.01,Yes
Female,0,Yes,Yes,54,Yes,No,No,No internet service,No internet service,No internet service,No internet service,No internet service,No internet service,Two year,Yes,Bank transfer (automatic),18.9,1010.21,No
Female,0,No,No,30,Yes,No,Fiber optic,No,No,Yes,No,No,No,Month-to-month,Yes,Credit card (automatic),72.03,2099.69,No
Female,0,Yes,No,27,No,No phone service,No,No internet service,No internet service,No internet service,No internet service,No internet service,No internet service,Month-to-month,No,Credit card (automatic),10.0,280.85,Yes
Female,0,Yes,No,45,Yes,Yes,No,No internet service,No internet service,No internet service,No internet service,No internet service,No internet service,Month-to-month,No,Mailed check,25.8,1166.13,No
Female,0,No,No,67,Yes,Yes,No,No internet service,No internet service,No internet service,No internet service,No internet service,No internet service,Month-to-month,No,Mailed check,21.13,1487.31,No
Male,0,No,No,34,Yes,No,DSL,No,Yes,Yes,No,No,No,Month-to-month,Yes,Mailed check,58.25,1934.64,No
Female,0,No,No,30,Yes,Yes,No,No internet service,No internet service,No internet service,No internet service,No internet service,No internet service,Two year,No,Bank transfer (automatic),21.02,614.13,No
Male,0,No,Yes,49,Yes,No,DSL,No,No,No,No,Yes,No,Month-to-month,Yes,Electronic check,53.85,2601.93,Yes
Male,1,No,No,54,No,No phone service,DSL,Yes,Yes,No,Yes,Yes,No,Two year,Yes,Mailed check,51.21,2626.08,No
Female,0,No,No,10,Yes,No,No,No internet service,No internet service,No internet service,No internet service,No internet service,No internet service,One year,No,Bank transfer (automatic),19.03,173.87,No
Female,0,Yes,No,26,Yes,No,Fiber optic,No,No,No,Yes,Yes,No,Two year,Yes,Credit card (automatic),77.34,2083.2,No
Male,0,No,No,11,No,No phone service,Fiber optic,No,No,No,No,No,No,Month-to-month,Yes,Credit card (automatic),45.47,470.76,Yes
Female,0,No,Yes,50,Yes,No,No,No internet service,No internet service,No internet service,No internet service,No internet service,No internet service,Month-to-month,Yes,Credit card (automatic),17.87,938.44,No
Female,0,Yes,No,60,Yes,No,No,No internet service,No internet service,No internet service,No internet service,No internet service,No internet service,One year,No,Bank transfer (automatic),18.56,1089.38,No
Male,0,No,No,1,Yes,No,Fiber optic,No,Yes,No,Yes,No,No,Month-to-month,No,Electronic check,78.58,77.84,Yes
Female,1,No,No,7,Yes,No,DSL,Yes,No,No,Yes,Yes,No,Two year,No,Bank transfer (automatic),60.89,408.38,No
Male,0,Yes,No,30,Yes,No,Fiber optic,Yes,No,Yes,No,Yes,No,Month-to-month,Yes,Electronic check,81.8,2390.99,Yes
Female,1,Yes,Yes,27,Yes,No,Fiber optic,No,Yes,Yes,Yes,Yes,Yes,Two year,No,Mailed check,88.86,2204.84,No
Female,0,Yes,No,29,Yes,Yes,No,No internet service,No internet service,No internet service,No internet service,No internet service,No internet service,Month-to-month,Yes,Mailed check,27.49,728.73,No
Male,0,Yes,No,51,Yes,No,Fiber optic,Yes,Yes,No,Yes,Yes,Yes,Two year,Yes,Electronic check,91.9,4937.69,No
Female,0,No,No,15,Yes,Yes,DSL,No,No,No,No,No,No,Month-to-month,Yes,Credit card (automatic),49.98,715.41,No
Female,0,No,No,31,Yes,Yes,DSL,Yes,No,No,No,No,No,Month-to-month,No,Mailed check,59.39,1780.73,No
Male,1,Yes,Yes,18,Yes,No,No,No internet service,No internet service,No internet service,No internet service,No internet service,No internet service,Month-to-month,No,Electronic check,15.64,276.04,No
Male,0,Yes,Yes,46,Yes,No,Fiber optic,Yes,No,No,No,No,Yes,Two year,Yes,Mailed check,76.07,3486.85,No
Female,1,No,No,24,Yes,No,DSL,Yes,No,No,Yes,No,Yes,Two year,No,Electronic check,60.07,1457.51,No
Male,0,No,Yes,44,Yes,Yes,Fiber optic,Yes,No,No,No,Yes,Yes,Two year,Yes,Mailed check,86.57,3577.59,No
Female,0,No,No,13,Yes,No,Fiber optic,No,Yes,No,No,No,No,Month-to-month,Yes,Electronic check,70.59,952.52,Yes
Female,1,No,Yes,19,Yes,Yes,DSL,No,No,No,No,No,No,Month-to-month,Yes,Bank transfer (automatic),53.78,934.13,Yes
Female,0,No,No,20,Yes,Yes,DSL,Yes,Yes,Yes,Yes,No,No,Two year,No,Bank transfer (automatic),70.05,1276.72,Yes
Male,0,No,No,4,Yes,Yes,DSL,No,Yes,No,Yes,No,Yes,One year,Yes,Electronic check,63.75,239.16,Yes
Female,0,Yes,Yes,38,Yes,Yes,Fiber optic,Yes,Yes,Yes,No,Yes,No,One year,Yes,Bank transfer (automatic),93.39,3443.93,No
Male,0,Yes,No,20,Yes,No,Fiber optic,No,Yes,Yes,No,No,No,Month-to-month,Yes,Bank transfer (automatic),81.59,1690.65,Yes
Male,0,Yes,Yes,11,Yes,No,No,No internet service,No internet service,No internet service,No internet service,No internet service,No internet service,One year,No,Mailed check,18.21,202.23,No
Female,0,Yes,Yes,12,Yes,No,Fiber optic,No,Yes,No,No,No,No,Month-to-month,Yes,Electronic check,73.33,848.39,Yes
Female,1,No,No,66,Yes,Yes,DSL,No,No,Yes,No,No,Yes,Month-to-month,No,Mailed check,61.38,3977.91,No
Female,0,No,No,40,Yes,Yes,No,No internet service,No internet service,No internet service,No internet service,No internet service,No internet service,Two year,Yes,Credit card (automatic),28.52,1155.24,No
Female,1,No,No,33,Yes,No,DSL,Yes,No,Yes,No,Yes,Yes,Two year,No,Credit card (automatic),66.87,2124.89,No
Female,0,Yes,No,55,Yes,Yes,No,No internet service,No internet service,No internet service,No internet service,No internet service,No internet service,Month-to-month,No,Bank transfer (automatic),21.43,1099.39,No
Male,0,Yes,No,67,Yes,No,No,No internet service,No internet service,No internet service,No internet service,No internet service,No internet service,Two year,No,Bank transfer (automatic),14.95,1031.32,No
Female,1,Yes,No,17,Yes,No,Fiber optic,No,No,No,No,No,Yes,Month-to-month,Yes,Electronic check,75.32,1303.58,Yes
Male,0,Yes,No,20,Yes,Yes,Fiber optic,Yes,No,No,No,Yes,No,Month-to-month,Yes,Bank transfer (automatic),83.63,1689.1,Yes
Male,0,Yes,No,12,Yes,Yes,Fiber optic,No,No,Yes,Yes,Yes,No,One year,Yes,Credit card (automatic),85.77,966.72,No
Female,0,No,No,63,Yes,No,Fiber optic,Yes,Yes,Yes,Yes,Yes,Yes,Two year,Yes,Credit card (automatic),96.41,6329.47,No
Female,1,No,No,52,Yes,Yes,DSL,Yes,No,Yes,Yes,Yes,No,Month-to-month,No,Mailed check,72.11,3774.23,No
Female,1,Yes,No,0,Yes,Yes,Fiber optic,Yes,No,No,No,No,No,Month-to-month,Yes,Electronic check,83.16,0.0,Yes
Male,0,No,No,16,Yes,No,DSL,No,No,No,Yes,No,No,One year,No,Bank transfer (automatic),48.86,773.97,Yes
Male,0,No,No,0,Yes,Yes,Fiber optic,Yes,No,Yes,Yes,No,Yes,One year,No,Credit card (automatic),92.81,0.0,No
Male,0,No,Yes,5,Yes,Yes,Fiber optic,No,Yes,No,No,No,Yes,Month-to-month,Yes,Electronic check,82.13,434.2,Yes
Male,0,Yes,Yes,56,Yes,No,DSL,No,Yes,No,Yes,Yes,No,One year,No,Credit card (automatic),57.87,3140.41,No
Female,1,Yes,Yes,33,Yes,Yes,DSL,No,Yes,No,No,No,No,Month-to-month,No,Credit card (automatic),,1832.48,Yes
Female,1,No,No,26,Yes,Yes,No,No internet service,No internet service,No internet service,No internet service,No internet service,No internet service,Two year,No,Bank transfer (automatic),26.52,678.8,No
Female,0,No,No,46,No,No phone service,DSL,No,Yes,No,Yes,No,No,Month-to-month,Yes,Bank transfer (automatic),33.23,1537.67,No
Male,0,Yes,No,62,Yes,Yes,Fiber optic,Yes,Yes,Yes,Yes,Yes,Yes,One year,Yes,Bank transfer (automatic),106.2,6508.9,No
Female,0,Yes,Yes,0,Yes,No,Fiber optic,No,No,No,No,No,Yes,Month-to-month,Yes,Credit card (automatic),66.05,0.0,Yes
Male,1,Yes,No,19,Yes,No,No,No internet service,No internet service,No internet service,No internet service,No internet service,No internet service,Month-to-month,No,Credit card (automatic),15.98,296.1,No
Female,0,Yes,Yes,52,Yes,No,Fiber optic,Yes,No,No,No,No,No,Month-to-month,Yes,Electronic check,72.49,3702.7,Yes
Male,0,No,No,40,Yes,Yes,No,No internet service,No internet service,No internet service,No internet service,No internet service,No internet service,Month-to-month,No,Bank transfer (automatic),23.67,888.34,No
Male,0,No,No,1,Yes,Yes,DSL,No,No,Yes,No,No,No,Month-to-month,Yes,Electronic check,58.98,57.77,Yes
Female,0,No,No,23,Yes,No,DSL,Yes,No,Yes,Yes,No,No,One year,No,Credit card (automatic),63.33,1325.63,No
Male,0,No,No,17,No,No phone service,Fiber optic,Yes,No,No,No,No,Yes,Month-to-month,Yes,Mailed check,57.41,940.59,Yes
Male,0,No,No,41,No,No phone service,Fiber optic,No,No,Yes,Yes,Yes,Yes,Month-to-month,No,Bank transfer (automatic),68.7,2720.86,No
Male,1,No,Yes,59,Yes,No,Fiber optic,No,No,No,No,No,Yes,Month-to-month,Yes,Mailed check,75.69,4223.94,No
Male,0,Yes,No,33,Yes,No,Fiber optic,No,Yes,No,No,No,No,Month-to-month,No,Electronic check,73.78,2551.97,Yes
Male,0,No,No,25,Yes,Yes,Fiber optic,No,Yes,No,Yes,No,No,Month-to-month,Yes,Credit card (automatic),83.24,2193.85,No
Female,0,No,No,26,Yes,No,Fiber optic,No,No,No,No,No,No,Month-to-month,Yes,Bank transfer (automatic),64.09,1620.22,Yes
Male,0,No,No,49,Yes,Yes,Fiber optic,No,No,No,No,No,No,Two year,Yes,Electronic check,71.51,3616.9,No
Female,0,No,No,33,Yes,Yes,No,No internet service,No internet service,No internet service,No internet service,No internet service,No internet service,Month-to-month,No,Electronic check,26.0,789.12,No
Female,0,Yes,Yes,5,Yes,Yes,DSL,Yes,Yes,Yes,Yes,No,Yes,One year,Yes,Electronic check,75.94,378.73,Yes
Female,0,No,Yes,49,Yes,Yes,DSL,Yes,No,Yes,No,No,No,Month-to-month,Yes,Credit card (automatic),68.55,3103.47,No
Male,0,No,No,12,Yes,Yes,DSL,No,Yes,Yes,Yes,Yes,No,Month-to-month,Yes,Electronic check,75.12,877.2,Yes
Male,0,No,No,55,Yes,No,No,No internet service,No internet service,No internet service,No internet service,No internet service,No internet service,Two year,Yes,Bank transfer (automatic),15.28,879.81,No
Male,0,No,No,53,Yes,Yes,DSL,No,No,Yes,No,No,Yes,Month-to-month,Yes,Electronic check,63.54,3113.49,No
Male,0,Yes,Yes,46,No,No phone service,Fiber optic,Yes,Yes,No,Yes,No,Yes,One year,Yes,Mailed check,68.84,3283.99,No
Male,1,No,No,68,Yes,No,DSL,Yes,Yes,No,No,Yes,No,Month-to-month,No,Mailed check,62.03,4219.69,No
Male,0,Yes,Yes,50,Yes,No,Fiber optic,Yes,No,No,Yes,Yes,Yes,Two year,Yes,Electronic check,85.85,4527.09,No
Female,0,No,No,10,Yes,No,Fiber optic,No,No,No,No,No,No,Month-to-month,No,Electronic check,69.93,683.62,Yes
Female,0,No,No,28,Yes,Yes,Fiber optic,Yes,No,No,No,Yes,Yes,Two year,Yes,Bank transfer (automatic),89.46,2649.39,No
Female,0,Yes,Yes,30,Yes,Yes,Fiber optic,No,Yes,No,No,Yes,No,Month-to-month,Yes,Mailed check,83.33,2595.03,Yes
Male,0,No,No,67,Yes,No,Fiber optic,Yes,Yes,Yes,Yes,Yes,No,One year,Yes,Electronic check,90.36,5636.75,No
Female,0,Yes,No,56,No,No phone service,DSL,No,No,Yes,Yes,No,No,Month-to-month,Yes,Bank transfer (automatic),34.62,1963.95,No
Male,0,No,No,9,Yes,No,DSL,No,No,No,No,Yes,No,Month-to-month,Yes,Mailed check,53.56,502.13,No
Female,0,Yes,Yes,60,Yes,No,Fiber optic,Yes,No,No,Yes,No,No,Month-to-month,Yes,Mailed check,75.1,4615.17,No
Male,0,No,No,13,No,No phone service,DSL,No,Yes,Yes,No,No,No,Month-to-month,No,Electronic check,38.2,477.91,Yes
Female,0,Yes,No,63,Yes,Yes,DSL,No,No,No,No,No,No,Month-to-month,No,Bank transfer (automatic),51.61,3257.13,No
Male,0,No,No,10,Yes,No,No,No internet service,No internet service,No internet service,No internet service,No internet service,No internet service,Month-to-month,Yes,Electronic check,18.23,166.96,Yes
Female,0,No,No,65,Yes,Yes,DSL,No,No,No,No,Yes,No,Two year,No,Credit card (automatic),61.05,3770.99,No
Male,0,No,Yes,2,Yes,Yes,Fiber optic,Yes,No,No,Yes,No,No,Two year,Yes,Bank transfer (automatic),84.0,161.53,Yes
Male,1,No,No,31,No,No phone service,Fiber optic,Yes,No,No,No,Yes,No,Month-to-month,Yes,Bank transfer (automatic),60.66,1891.65,Yes
Female,1,Yes,No,13,Yes,Yes,DSL,No,No,Yes,No,No,No,Month-to-month,Yes,Credit card (automatic),60.69,747.92,Yes
Female,0,No,Yes,25,Yes,Yes,Fiber optic,No,Yes,Yes,No,Yes,Yes,One year,Yes,Bank transfer (automatic),93.16,2208.18,No
Female,1,No,Yes,34,Yes,Yes,No,No internet service,No internet service,No internet service,No internet service,No internet service,No internet service,Month-to-month,No,Credit card (automatic),24.84,814.09,Yes
Male,1,No,No,49,Yes,No,No,No internet service,No internet service,No internet service,No internet service,No internet service,No internet service,One year,Yes,Electronic check,16.23,732.14,No
Female,1,No,No,24,Yes,Yes,DSL,No,No,No,No,No,No,Month-to-month,Yes,Mailed check,54.55,1369.47,Yes
Female,0,No,No,27,Yes,Yes,Fiber optic,No,No,Yes,Yes,No,Yes,Month-to-month,Yes,Mailed check,89.42,2313.6,No
Female,0,No,No,66,Yes,No,Fiber optic,No,No,Yes,No,No,No,Month-to-month,Yes,Bank transfer (automatic),76.75,4904.63,No
Male,0,No,No,27,Yes,No,Fiber optic,No,Yes,Yes,No,Yes,No,Two year,Yes,Electronic check,80.2,2010.55,No
Female,0,No,Yes,48,No,No phone service,DSL,Yes,No,Yes,Yes,No,Yes,One year,Yes,Electronic check,49.28,2280.09,No
Male,1,No,No,57,Yes,No,Fiber optic,Yes,No,Yes,No,Yes,No,One year,Yes,Electronic check,83.07,4903.03,No
Male,0,No,No,33,Yes,Yes,Fiber optic,Yes,Yes,No,Yes,No,No,One year,Yes,Electronic check,88.85,2868.82,Yes
Male,0,Yes,No,4,Yes,Yes,DSL,Yes,Yes,No,Yes,No,Yes,One year,Yes,Electronic check,72.76,306.1,No
Male,0,No,No,4,Yes,Yes,Fiber optic,No,Yes,No,No,No,No,Month-to-month,Yes,Electronic check,81.57,322.32,Yes
Male,0,No,No,34,Yes,No,Fiber optic,Yes,Yes,No,No,No,Yes,Month-to-month,No,Bank transfer (automatic),83.58,2927.62,No
Male,0,Yes,No,64,Yes,Yes,Fiber optic,No,No,Yes,Yes,Yes,Yes,Month-to-month,Yes,Electronic check,94.35,5836.04,No
Female,0,No,No,28,Yes,No,Fiber optic,No,No,Yes,Yes,No,Yes,Month-to-month,Yes,Credit card (automatic),82.88,2228.72,Yes
Female,0,Yes,No,48,Yes,Yes,DSL,No,Yes,Yes,Yes,No,Yes,One year,No,Bank transfer (automatic),69.82,3377.72,No
Male,0,No,No,31,Yes,Yes,Fiber optic,No,No,Yes,No,No,No,Month-to-month,No,Electronic check,75.36,2181.07,Yes
Female,1,Yes,Yes,64,Yes,No,No,No internet service,No internet service,No internet service,No internet service,No internet service,No internet service,Month-to-month,No,Mailed check,20.39,1239.58,No
Male,0,No,Yes,34,Yes,No,No,No internet service,No internet service,No internet service,No internet service,No internet service,No internet service,One year,Yes,Mailed check,23.36,,Yes
Male,0,Yes,No,29,Yes,Yes,No,No internet service,No internet service,No internet service,No internet service,No internet service,No internet service,One year,No,Mailed check,26.6,788.55,No
Female,0,Yes,Yes,59,Yes,Yes,Fiber optic,No,No,No,Yes,Yes,Yes,Month-to-month,No,Electronic check,90.08,4848.82,Yes
Female,0,No,No,51,No,No phone service,DSL,Yes,No,No,No,No,No,One year,No,Mailed check,40.45,1975.84,No
Female,0,Yes,No,53,Yes,No,DSL,No,No,Yes,Yes,Yes,No,Month-to-month,Yes,Bank transfer (automatic),62.2,3242.83,No
Female,0,Yes,Yes,11,Yes,No,No,No internet service,No internet service,No internet service,No internet service,No internet service,No internet service,Month-to-month,Yes,Electronic check,20.86,224.76,No
Male,1,No,No,24,Yes,Yes,DSL,No,Yes,Yes,Yes,No,No,Two year,No,Mailed check,64.13,1611.74,No
Male,0,No,No,71,Yes,No,DSL,No,Yes,Yes,Yes,No,Yes,One year,Yes,Bank transfer (automatic),65.79,4498.56,No
Female,0,Yes,No,19,Yes,Yes,DSL,No,No,No,No,Yes,Yes,Month-to-month,No,Electronic check,60.59,1048.31,Yes
Female,1,Yes,No,14,Yes,Yes,Fiber optic,Yes,Yes,No,Yes,Yes,No,One year,Yes,Electronic check,93.09,1341.86,Yes
Male,0,No,No,43,Yes,Yes,DSL,Yes,No,No,No,No,No,Month-to-month,Yes,Bank transfer (automatic),59.11,2377.4,Yes
Female,0,No,Yes,26,Yes,Yes,Fiber optic,No,Yes,No,Yes,Yes,No,Month-to-month,Yes,Credit card (automatic),89.55,2119.27,Yes
Female,0,Yes,No,35,Yes,Yes,DSL,No,No,No,No,No,Yes,Month-to-month,Yes,Credit card (automatic),57.41,2004.47,No
Male,0,No,No,14,Yes,No,Fiber optic,Yes,No,No,No,No,No,Month-to-month,Yes,Credit card (automatic),75.63,987.85,Yes
Female,0,No,No,26,Yes,Yes,Fiber optic,Yes,Yes,No,No,Yes,No,Month-to-month,Yes,Electronic check,90.15,2265.68,No
Male,0,Yes,No,22,Yes,No,Fiber optic,No,Yes,Yes,Yes,No,No,One year,Yes,Electronic check,83.47,1902.87,No
Male,0,No,No,36,Yes,No,Fiber optic,No,No,Yes,Yes,No,Yes,Month-to-month,Yes,Electronic check,86.87,3197.26,Yes
Female,0,Yes,Yes,58,No,No phone service,Fiber optic,Yes,Yes,No,No,No,No,Month-to-month,Yes,Bank transfer (automatic),62.51,3562.48,No
Female,0,No,Yes,30,Yes,No,DSL,No,Yes,No,Yes,No,No,Two year,Yes,Credit card (automatic),55.1,1705.92,No
Male,0,No,No,10,Yes,Yes,Fiber optic,Yes,Yes,No,Yes,Yes,Yes,One year,No,Electronic check,99.72,952.78,No
Female,0,Yes,No,49,Yes,No,No,No internet service,No internet service,No internet service,No internet service,No internet service,No internet service,Two year,Yes,Credit card (automatic),19.08,887.58,No
Female,0,Yes,No,59,Yes,Yes,DSL,No,No,No,No,Yes,Yes,Month-to-month,No,Mailed check,64.41,3945.82,No
Female,1,No,Yes,28,No,No phone service,DSL,Yes,No,Yes,Yes,No,Yes,One year,Yes,Electronic check,54.01,1381.66,No
Female,0,No,No,22,Yes,No,DSL,No,Yes,Yes,No,Yes,No,One year,No,Electronic check,60.38,1253.29,No
Female,1,Yes,No,0,Yes,No,No,No internet service,No internet service,No internet service,No internet service,No internet service,No internet service,One year,Yes,Electronic check,18.71,0.0,No
Male,0,No,No,43,Yes,Yes,No,No internet service,No internet service,No internet service,No internet service,No internet service,No internet service,Month-to-month,No,Electronic check,22.58,994.46,No
Female,0,Yes,No,23,Yes,Yes,Fiber optic,Yes,No,No,No,Yes,Yes,Month-to-month,No,Electronic check,89.91,2170.95,Yes
Female,0,Yes,No,48,Yes,Yes,DSL,Yes,No,Yes,No,No,No,Month-to-month,Yes,Electronic check,64.85,2945.16,No
Female,0,Yes,Yes,60,Yes,No,Fiber optic,Yes,No,Yes,No,No,Yes,Month-to-month,Yes,Credit card (automatic),85.31,4705.23,No
Female,0,Yes,Yes,58,Yes,Yes,Fiber optic,Yes,Yes,No,No,No,No,Two year,Yes,Bank transfer (automatic),81.53,4504.11,Yes
Male,0,Yes,No,7,Yes,Yes,No,No internet service,No internet service,No internet service,No internet service,No internet service,No internet service,Month-to-month,No,Electronic check,24.61,174.09,No
Female,0,Yes,Yes,63,Yes,No,No,No internet service,No internet service,No internet service,No internet service,No internet service,No internet service,Month-to-month,No,Credit card (automatic),25.01,1489.85,No
Male,1,Yes,No,34,Yes,No,DSL,No,No,No,No,No,Yes,Month-to-month,Yes,Electronic check,51.16,1605.6,Yes
Female,0,No,No,3,Yes,Yes,Fiber optic,Yes,Yes,Yes,No,No,No,Month-to-month,No,Bank transfer (automatic),89.81,268.12,Yes
Female,0,No,No,18,Yes,Yes,Fiber optic,No,No,No,Yes,No,Yes,One year,Yes,Credit card (automatic),84.19,1513.4,No
Male,0,No,No,60,Yes,No,DSL,Yes,Yes,No,Yes,Yes,No,Month-to-month,Yes,Bank transfer (automatic),70.68,4270.37,Yes
Female,0,No,No,72,Yes,No,DSL,No,No,Yes,No,Yes,Yes,Month-to-month,Yes,Bank transfer (automatic),63.96,4358.6,No
Male,0,No,No,30,Yes,No,No,No internet service,No internet service,No internet service,No internet service,No internet service,No internet service,One year,No,Credit card (automatic),18.91,537.93,No
Male,1,No,No,4,Yes,Yes,DSL,No,Yes,No,No,Yes,No,Month-to-month,No,Bank transfer (automatic),58.05,228.95,Yes
Male,0,No,Yes,36,Yes,No,DSL,No,No,No,Yes,No,No,Two year,Yes,Electronic check,53.68,1792.74,No
Female,1,Yes,No,58,Yes,No,DSL,Yes,Yes,Yes,No,Yes,Yes,Two year,Yes,Credit card (automatic),75.39,4062.27,No
Female,0,Yes,No,43,Yes,Yes,Fiber optic,Yes,Yes,No,Yes,Yes,Yes,One year,Yes,Electronic check,98.27,4321.15,No
Female,0,Yes,Yes,8,Yes,No,DSL,No,No,No,No,No,No,Month-to-month,No,Electronic check,51.82,395.29,Yes
Male,0,No,No,64,Yes,No,Fiber optic,Yes,Yes,Yes,Yes,Yes,No,Two year,No,Mailed check,90.56,5351.93,No
Male,0,No,No,67,Yes,No,DSL,No,No,No,Yes,Yes,No,Month-to-month,No,Credit card (automatic),56.4,3905.27,No
Male,1,Yes,No,62,Yes,No,DSL,No,Yes,No,Yes,No,No,One year,No,Electronic check,56.44,3479.96,No
Male,0,Yes,Yes,66,Yes,No,No,No internet service,No internet service,No internet service,No internet service,No internet service,No internet service,Month-to-month,No,Electronic check,27.12,1651.37,No
Female,0,Yes,Yes,34,Yes,Yes,Fiber optic,No,No,No,No,No,Yes,Month-to-month,Yes,Electronic check,75.9,2534.73,Yes
Female,0,No,No,49,Yes,No,Fiber optic,Yes,No,No,No,Yes,Yes,Two year,Yes,Credit card (automatic),83.57,3970.42,No
Female,0,No,No,6,Yes,Yes,No,No internet service,No internet service,No internet service,No internet service,No internet service,No internet service,Month-to-month,Yes,Electronic check,19.85,116.26,No
Female,0,No,Yes,53,Yes,No,DSL,No,No,Yes,Yes,No,Yes,One year,Yes,Electronic check,61.89,3101.19,No
Male,0,No,No,1,Yes,No,Fiber optic,Yes,Yes,No,Yes,Yes,No,Month-to-month,Yes,Electronic check,87.51,81.38,Yes
Female,1,Yes,Yes,69,Yes,Yes,No,No internet service,No internet service,No internet service,No internet service,No internet service,No internet service,Month-to-month,No,Mailed check,23.03,1635.99,No
Male,1,No,No,36,Yes,No,Fiber optic,Yes,No,Yes,Yes,No,Yes,Month-to-month,No,Electronic check,89.21,3395.03,Yes
Male,0,Yes,Yes,19,Yes,Yes,DSL,No,Yes,No,Yes,No,No,One year,Yes,Bank transfer (automatic),61.83,1217.21,Yes
Female,0,No,No,12,Yes,No,No,No internet service,No internet service,No internet service,No internet service,No internet service,No internet service,Month-to-month,No,Bank transfer (automatic),17.25,210.85,No
Female,0,No,No,23,Yes,No,Fiber optic,Yes,Yes,No,Yes,Yes,No,Two year,Yes,Credit card (automatic),90.26,2016.6,No
Female,0,Yes,Yes,11,Yes,Yes,No,No internet service,No internet service,No internet service,No internet service,No internet service,No internet service,One year,Yes,Electronic check,21.16,232.7,No
Female,0,Yes,No,52,Yes,No,Fiber optic,Yes,Yes,No,Yes,No,No,One year,Yes,Bank transfer (automatic),83.58,4427.69,No
Female,0,Yes,No,71,Yes,No,No,No internet service,No internet service,No internet service,No internet service,No internet service,No internet service,Two year,No,Electronic check,20.25,1493.23,No
Female,0,No,Yes,60,Yes,Yes,Fiber optic,Yes,Yes,No,No,Yes,No,Two year,Yes,Electronic check,89.94,5000.48,No
Male,0,No,Yes,24,Yes,Yes,DSL,No,Yes,No,Yes,Yes,Yes,One year,Yes,Credit card (automatic),76.01,1860.47,No
Male,0,No,Yes,39,Yes,Yes,No,No internet service,No internet service,No internet service,No internet service,No internet service,No internet service,Month-to-month,No,Credit card (automatic),27.21,989.57,No
Male,1,Yes,No,5,Yes,Yes,No,No internet service,No internet service,No internet service,No internet service,No internet service,No internet service,Month-to-month,No,Electronic check,22.73,108.29,Yes
Female,0,Yes,Yes,13,Yes,No,DSL,No,No,No,No,No,Yes,Month-to-month,No,Mailed check,61.36,749.56,Yes
Female,0,No,No,23,Yes,Yes,Fiber optic,Yes,No,Yes,No,Yes,Yes,One year,No,Electronic check,97.39,2150.79,No
Female,0,Yes,Yes,9,Yes,Yes,Fiber optic,Yes,Yes,No,Yes,Yes,No,Month-to-month,No,Electronic check,93.4,869.91,Yes
Female,0,Yes,No,63,Yes,No,Fiber optic,No,No,Yes,No,No,No,Month-to-month,Yes,Electronic check,79.15,4821.78,Yes
Female,0,Yes,No,67,Yes,Yes,DSL,Yes,Yes,No,No,Yes,No,One year,Yes,Electronic check,68.33,4225.86,No
Female,0,No,No,35,Yes,Yes,No,No internet service,No internet service,No internet service,No internet service,No internet service,No internet service,Month-to-month,Yes,Bank transfer (automatic),24.92,817.04,No
Male,1,No,No,58,Yes,Yes,DSL,Yes,No,Yes,No,Yes,Yes,Two year,Yes,Bank transfer (automatic),72.44,3854.95,No
Female,0,Yes,Yes,27,Yes,Yes,DSL,No,Yes,No,No,Yes,No,One year,Yes,Electronic check,63.49,1588.03,No
Male,0,No,No,0,No,No phone service,No,No internet service,No internet service,No internet service,No internet service,No internet service,No internet service,Month-to-month,No,Bank transfer (automatic),10.0,0.0,Yes
Male,0,Yes,Yes,36,Yes,Yes,DSL,No,No,Yes,No,No,Yes,Month-to-month,No,Credit card (automatic),60.99,2125.32,No
Male,0,Yes,No,51,No,No phone service,DSL,Yes,Yes,No,No,Yes,No,One year,No,Electronic check,42.12,2063.65,No
Male,0,Yes,Yes,37,Yes,Yes,Fiber optic,Yes,Yes,Yes,Yes,No,Yes,Two year,Yes,Credit card (automatic),98.61,3842.44,No
Female,0,No,No,53,Yes,No,DSL,Yes,No,No,Yes,Yes,No,Month-to-month,Yes,Electronic check,61.08,3177.26,No
Male,0,Yes,No,64,Yes,Yes,No,No internet service,No internet service,No internet service,No internet service,No internet service,No internet service,One year,No,Electronic check,26.43,1713.99,No
Male,0,No,No,49,Yes,No,DSL,No,No,No,Yes,No,No,Month-to-month,Yes,Electronic check,53.22,2375.49,Yes
Male,0,Yes,Yes,25,Yes,Yes,DSL,Yes,No,Yes,Yes,No,Yes,Month-to-month,Yes,Bank transfer (automatic),72.42,1740.25,No
Female,0,Yes,No,38,Yes,No,No,No internet service,No internet service,No internet service,No internet service,No internet service,No internet service,Month-to-month,No,Credit card (automatic),19.95,800.37,No
Male,0,No,No,56,Yes,No,Fiber optic,No,No,Yes,Yes,No,No,Month-to-month,No,Mailed check,78.8,4672.84,No
Male,0,Yes,Yes,22,Yes,No,DSL,Yes,Yes,No,No,No,No,One year,Yes,Mailed check,57.54,1170.51,No
Male,0,No,No,19,Yes,No,Fiber optic,No,No,No,No,No,Yes,Month-to-month,Yes,Credit card (automatic),73.53,1474.53,Yes
Female,0,Yes,Yes,59,Yes,Yes,Fiber optic,No,No,No,Yes,No,No,Month-to-month,No,Electronic check,78.59,4647.77,Yes
Female,1,No,No,52,No,No phone service,Fiber optic,No,No,Yes,Yes,Yes,No,Month-to-month,Yes,Electronic check,61.3,2987.14,No
Female,0,No,No,1,Yes,No,DSL,Yes,Yes,No,No,No,No,Month-to-month,Yes,Electronic check,58.62,56.73,No
Female,0,Yes,Yes,58,No,No phone service,DSL,Yes,Yes,No,No,Yes,Yes,Month-to-month,No,Electronic check,56.55,3468.74,No
Male,0,No,No,44,No,No phone service,DSL,Yes,No,No,No,No,Yes,Two year,No,Electronic check,40.31,1654.01,No
Female,0,No,No,57,No,No phone service,DSL,Yes,Yes,No,Yes,Yes,Yes,Two year,Yes,Mailed check,55.89,3347.57,No
Female,0,No,No,22,Yes,Yes,Fiber optic,No,No,No,No,No,Yes,Two year,Yes,Credit card (automatic),79.2,1640.36,No
Male,0,No,No,46,Yes,No,No,No internet service,No internet service,No internet service,No internet service,No internet service,No internet service,One year,No,Mailed check,18.2,781.43,No
Male,0,Yes,Yes,45,Yes,No,Fiber optic,No,No,No,No,Yes,Yes,Month-to-month,Yes,Credit card (automatic),78.28,3433.46,Yes
Male,0,Yes,No,42,No,No phone service,Fiber optic,No,Yes,No,No,No,No,Month-to-month,Yes,Bank transfer (automatic),57.05,2488.67,Yes
Male,0,Yes,Yes,60,Yes,Yes,DSL,No,Yes,No,Yes,Yes,No,Two year,Yes,Mailed check,72.29,4246.19,No
Male,0,Yes,Yes,4,Yes,Yes,Fiber optic,No,No,No,No,No,Yes,Month-to-month,Yes,Mailed check,76.04,286.73,Yes
Female,0,No,Yes,27,Yes,Yes,Fiber optic,No,No,No,No,No,No,Two year,Yes,Electronic check,73.25,1942.99,No
Female,0,Yes,No,49,Yes,No,Fiber optic,No,No,No,No,No,No,Month-to-month,Yes,Mailed check,69.83,3563.44,No
Male,0,Yes,No,60,Yes,No,Fiber optic,Yes,No,No,Yes,No,No,Month-to-month,Yes,Mailed check,75.49,4316.28,No
Female,1,No,Yes,25,Yes,No,DSL,Yes,No,No,Yes,Yes,Yes,Two year,Yes,Electronic check,70.89,1623.89,No
Female,0,No,No,38,Yes,Yes,No,No internet service,No internet service,No internet service,No internet service,No internet service,No internet service,One year,No,Bank transfer (automatic),23.98,869.51,No
Male,0,Yes,Yes,11,Yes,Yes,Fiber optic,Yes,Yes,No,No,Yes,Yes,Month-to-month,Yes,Credit card (automatic),91.58,920.43,No
Female,0,No,No,30,Yes,No,Fiber optic,No,No,No,No,No,No,Month-to-month,Yes,Electronic check,68.01,1989.42,Yes
Female,0,Yes,No,2,Yes,Yes,Fiber optic,No,No,Yes,Yes,Yes,No,Two year,Yes,Electronic check,86.81,172.48,Yes
Male,0,Yes,Yes,50,Yes,Yes,DSL,Yes,Yes,Yes,No,Yes,No,One year,Yes,Bank transfer (automatic),73.59,3451.53,No
Female,0,Yes,Yes,19,Yes,Yes,Fiber optic,No,No,No,Yes,Yes,No,Month-to-month,Yes,Bank transfer (automatic),78.91,1433.1,Yes
Male,0,No,No,8,Yes,Yes,DSL,Yes,No,No,No,No,No,Month-to-month,Yes,Electronic check,59.4,466.87,Yes
Male,0,Yes,No,62,Yes,Yes,DSL,Yes,Yes,No,No,No,No,Two year,No,Bank transfer (automatic),59.49,3374.15,No
Female,0,Yes,No,25,No,No phone service,Fiber optic,No,No,No,No,No,No,Month-to-month,No,Mailed check,44.58,1014.72,Yes
Female,0,Yes,No,28,Yes,No,DSL,No,No,No,Yes,Yes,Yes,One year,Yes,Electronic check,61.97,1714.85,Yes
Male,0,Yes,No,62,Yes,No,Fiber optic,Yes,Yes,No,No,Yes,No,Month-to-month,No,Mailed check,82.57,5247.21,No
Male,0,No,No,12,Yes,Yes,No,No internet service,No internet service,No internet service,No internet service,No internet service,No internet service,Two year,No,Mailed check,,265.07,No
Male,0,Yes,Yes,7,Yes,Yes,Fiber optic,Yes,No,No,Yes,No,Yes,Two year,Yes,Bank transfer (automatic),92.06,623.92,No
Male,0,Yes,No,36,Yes,No,Fiber optic,Yes,Yes,Yes,No,No,Yes,One year,No,Electronic check,86.89,3191.06,Yes
Female,0,Yes,No,9,Yes,No,Fiber optic,Yes,Yes,No,No,No,No,Month-to-month,No,Bank transfer (automatic),77.25,655.65,Yes
Male,1,Yes,Yes,3,Yes,No,Fiber optic,No,No,No,Yes,No,Yes,Month-to-month,Yes,Electronic check,85.35,256.63,Yes
Male,1,No,No,33,No,No phone service,DSL,No,Yes,No,Yes,No,Yes,Two year,Yes,Electronic check,40.8,1386.83,Yes
Female,0,No,No,28,Yes,Yes,Fiber optic,No,No,No,No,Yes,No,One year,Yes,Credit card (automatic),76.31,2216.24,No
Female,0,Yes,Yes,17,Yes,Yes,Fiber optic,No,Yes,Yes,No,Yes,No,Two year,No,Credit card (automatic),89.29,1383.5,No
Female,0,No,Yes,48,Yes,No,Fiber optic,No,No,Yes,Yes,Yes,No,Two year,Yes,Bank transfer (automatic),81.94,3986.45,No
Female,0,No,No,23,Yes,No,Fiber optic,No,Yes,No,Yes,Yes,No,Month-to-month,Yes,Mailed check,87.6,2115.21,Yes
Female,1,No,Yes,46,Yes,No,Fiber optic,No,No,Yes,Yes,No,No,One year,Yes,Electronic check,77.59,3468.73,No
Female,0,No,Yes,18,Yes,Yes,No,No internet service,No internet service,No internet service,No internet service,No internet service,No internet service,Month-to-month,No,Bank transfer (automatic),27.94,460.97,No
Female,1,No,No,57,Yes,No,DSL,No,No,No,No,Yes,No,Month-to-month,No,Electronic check,51.64,2732.79,Yes
Female,0,No,No,50,Yes,Yes,DSL,Yes,Yes,No,Yes,No,Yes,One year,No,Bank transfer (automatic),76.89,3740.75,No
Female,1,Yes,No,48,Yes,Yes,DSL,No,No,Yes,No,No,No,Month-to-month,Yes,Electronic check,63.42,3058.35,Yes
Female,0,Yes,Yes,50,Yes,No,DSL,Yes,Yes,No,No,No,Yes,One year,No,Mailed check,64.29,3067.17,No
Female,0,Yes,Yes,64,Yes,Yes,Fiber optic,Yes,No,Yes,No,No,No,Month-to-month,Yes,Credit card (automatic),80.94,5417.7,No
Male,0,No,No,50,No,No phone service,DSL,No,Yes,No,Yes,Yes,No,One year,No,Electronic check,46.79,2297.78,No
Male,0,No,No,47,Yes,No,Fiber optic,Yes,No,No,No,No,No,Month-to-month,No,Mailed check,69.42,3198.98,No
Male,1,No,No,57,Yes,Yes,DSL,No,Yes,No,No,No,Yes,Month-to-month,Yes,Electronic check,61.15,3341.7,No
Female,0,No,Yes,55,No,No phone service,No,No internet service,No internet service,No internet service,No internet service,No internet service,No internet service,Month-to-month,No,Credit card (automatic),10.0,525.46,No
Female,0,No,No,24,Yes,No,DSL,No,No,Yes,No,No,Yes,Month-to-month,No,Mailed check,61.87,1543.08,Yes
Female,0,Yes,No,26,Yes,Yes,No,No internet service,No internet service,No internet service,No internet service,No internet service,No internet service,One year,No,Electronic check,27.44,675.7,No
Female,1,No,No,52,Yes,Yes,DSL,No,Yes,No,Yes,Yes,No,Month-to-month,No,Electronic check,69.34,3522.07,No
Female,0,Yes,No,56,Yes,No,DSL,Yes,No,Yes,No,No,No,Month-to-month,Yes,Credit card (automatic),54.8,3222.81,No
Female,0,Yes,No,34,Yes,No,DSL,Yes,No,Yes,No,No,Yes,Month-to-month,No,Credit card (automatic),62.95,1988.0,Yes
Female,0,No,No,53,Yes,Yes,DSL,No,No,No,No,Yes,Yes,Month-to-month,No,Electronic check,,3294.38,No
Male,0,No,No,21,Yes,No,No,No internet service,No internet service,No internet service,No internet service,No internet service,No internet service,Two year,No,Bank transfer (automatic),21.6,427.87,No
Female,0,No,No,69,Yes,Yes,Fiber optic,Yes,Yes,No,Yes,No,Yes,One year,Yes,Electronic check,94.69,6689.35,No
Female,0,No,Yes,45,Yes,No,Fiber optic,No,Yes,No,No,Yes,No,Two year,Yes,Credit card (automatic),78.86,3547.51,No
Female,0,Yes,No,17,No,No phone service,No,No internet service,No internet service,No internet service,No internet service,No internet service,No internet service,Two year,Yes,Electronic check,10.0,159.66,No
Male,0,Yes,Yes,50,Yes,No,DSL,No,No,No,No,No,No,Month-to-month,Yes,Electronic check,48.85,2337.7,Yes
Female,0,No,No,68,Yes,No,DSL,No,No,No,No,No,No,Month-to-month,No,Credit card (automatic),52.16,3686.0,No
Female,0,No,No,1,Yes,No,Fiber optic,No,Yes,No,Yes,No,No,Month-to-month,Yes,Credit card (automatic),76.43,71.24,Yes
Male,1,Yes,No,10,Yes,Yes,Fiber optic,Yes,Yes,No,Yes,Yes,No,Month-to-month,Yes,Bank transfer (automatic),91.57,910.18,No
Female,1,Yes,Yes,66,Yes,No,Fiber optic,Yes,Yes,Yes,No,Yes,No,Month-to-month,No,Mailed check,86.21,5851.45,Yes
Female,0,No,No,67,No,No phone service,Fiber optic,No,Yes,Yes,Yes,No,No,One year,Yes,Credit card (automatic),61.93,4175.4,No
Female,1,Yes,Yes,40,Yes,No,DSL,No,Yes,No,No,No,No,Month-to-month,Yes,Credit card (automatic),50.65,1972.26,Yes
Female,0,No,Yes,26,Yes,No,Fiber optic,Yes,No,No,No,No,No,Month-to-month,Yes,Bank transfer (automatic),77.4,2109.73,No
Male,0,No,No,71,No,No phone service,Fiber optic,No,No,No,No,Yes,No,Two year,Yes,Bank transfer (automatic),53.98,3853.42,No
Male,0,Yes,Yes,8,Yes,Yes,Fiber optic,No,No,Yes,No,Yes,Yes,Month-to-month,Yes,Credit card (automatic),82.9,655.01,Yes
Female,0,No,No,68,Yes,Yes,Fiber optic,No,Yes,Yes,No,No,Yes,One year,No,Credit card (automatic),91.65,6303.39,Yes
Female,0,No,No,26,Yes,Yes,No,No internet service,No internet service,No internet service,No internet service,No internet service,No internet service,Month-to-month,Yes,Credit card (automatic),21.92,536.09,No
Female,0,Yes,No,17,Yes,No,Fiber optic,No,Yes,No,Yes,No,Yes,Month-to-month,Yes,Bank transfer (automatic),89.75,1514.66,Yes
Male,0,No,No,30,Yes,Yes,No,No internet service,No internet service,No internet service,No internet service,No internet service,No internet service,One year,No,Electronic check,26.38,753.02,Yes
Male,0,No,No,0,Yes,No,DSL,No,No,No,Yes,No,No,Month-to-month,No,Credit card (automatic),51.71,0.0,No
Male,0,Yes,No,57,Yes,No,Fiber optic,No,No,No,No,Yes,Yes,Month-to-month,Yes,Electronic check,74.51,4309.88,Yes
Male,0,No,Yes,71,Yes,No,DSL,Yes,No,No,Yes,Yes,Yes,Two year,No,Credit card (automatic),68.96,4680.18,No
Male,0,Yes,No,2,No,No phone service,Fiber optic,No,No,No,Yes,Yes,Yes,Month-to-month,No,Mailed check,66.55,125.76,No
Female,1,Yes,Yes,4,Yes,Yes,DSL,No,No,No,No,Yes,Yes,Month-to-month,No,Credit card (automatic),63.86,264.22,Yes
Female,0,No,No,31,Yes,Yes,No,No internet service,No internet service,No internet service,No internet service,No internet service,No internet service,Month-to-month,No,Mailed check,29.25,961.14,No
Male,0,Yes,No,34,Yes,No,DSL,No,Yes,Yes,Yes,Yes,No,Two year,Yes,Mailed check,71.16,2473.12,No
Male,0,Yes,Yes,23,Yes,Yes,No,No internet service,No internet service,No internet service,No internet service,No internet service,No internet service,Two year,No,Electronic check,25.74,558.86,No
Female,0,Yes,No,50,No,No phone service,Fiber optic,No,No,No,Yes,No,No,Month-to-month,Yes,Credit card (automatic),54.67,2628.53,No
Female,0,No,No,32,Yes,No,Fiber optic,No,Yes,Yes,Yes,No,Yes,Two year,Yes,Mailed check,89.63,2864.04,No
Female,1,No,Yes,19,Yes,No,Fiber optic,No,Yes,Yes,Yes,No,No,One year,Yes,Credit card (automatic),86.06,1661.12,Yes
Male,1,No,No,5,No,No phone service,Fiber optic,Yes,No,Yes,No,No,Yes,One year,Yes,Credit card (automatic),63.43,335.01,Yes
Male,0,No,Yes,8,Yes,No,Fiber optic,Yes,No,Yes,No,No,No,Month-to-month,No,Credit card (automatic),80.34,677.96,Yes
Male,0,No,No,59,Yes,No,DSL,Yes,No,Yes,Yes,No,Yes,One year,Yes,Credit card (automatic),68.89,4180.01,No
Male,1,No,No,41,Yes,Yes,Fiber optic,No,No,No,No,Yes,No,Two year,Yes,Credit card (automatic),79.92,3271.18,No
Female,0,Yes,Yes,56,Yes,Yes,DSL,Yes,No,No,No,No,No,Month-to-month,Yes,Mailed check,59.14,3030.24,Yes
Female,0,Yes,No,14,Yes,No,Fiber optic,No,No,Yes,Yes,No,Yes,One year,Yes,Electronic check,83.43,1142.9,Yes
Female,1,Yes,No,3,Yes,Yes,Fiber optic,Yes,Yes,Yes,No,Yes,No,One year,Yes,Electronic check,95.75,272.34,No
Female,1,Yes,Yes,25,Yes,Yes,Fiber optic,Yes,Yes,Yes,Yes,No,No,One year,No,Electronic check,92.14,2233.31,No
Female,1,Yes,No,26,Yes,Yes,DSL,Yes,No,No,No,No,No,Month-to-month,Yes,Electronic check,60.29,1546.17,No
Male,0,No,No,40,Yes,Yes,Fiber optic,No,No,Yes,Yes,Yes,No,Month-to-month,Yes,Mailed check,90.99,3447.44,Yes
Male,0,Yes,Yes,54,Yes,No,Fiber optic,No,Yes,No,No,Yes,Yes,Two year,Yes,Bank transfer (automatic),81.12,4100.98,No
Male,0,No,No,53,Yes,No,No,No internet service,No internet service,No internet service,No internet service,No internet service,No internet service,Month-to-month,Yes,Electronic check,17.74,883.82,No
Male,0,Yes,No,69,Yes,Yes,Fiber optic,No,No,No,No,Yes,Yes,Month-to-month,No,Bank transfer (automatic),85.85,,No
Male,0,No,No,57,Yes,Yes,DSL,No,No,Yes,No,Yes,No,Month-to-month,Yes,Mailed check,61.28,3585.17,No
Female,0,No,No,43,Yes,Yes,Fiber optic,Yes,Yes,No,No,No,No,Two year,Yes,Mailed check,76.19,3314.18,No
Female,1,Yes,No,14,Yes,Yes,DSL,No,Yes,Yes,Yes,No,No,One year,No,Electronic check,65.48,958.28,No
Male,0,Yes,Yes,5,Yes,Yes,No,No internet service,No internet service,No internet service,No internet service,No internet service,No internet service,Month-to-month,Yes,Electronic check,18.4,92.92,Yes
Female,0,No,No,12,Yes,Yes,Fiber optic,No,No,No,No,No,No,Month-to-month,Yes,Credit card (automatic),76.18,905.73,Yes
Male,0,Yes,No,48,No,No phone service,Fiber optic,No,Yes,No,No,No,No,Month-to-month,Yes,Mailed check,55.88,2722.84,Yes
Male,0,Yes,Yes,18,Yes,Yes,Fiber optic,No,No,No,Yes,No,No,One year,No,Electronic check,81.13,1498.22,No
Female,0,No,No,36,Yes,Yes,No,No internet service,No internet service,No internet service,No internet service,No internet service,No internet service,Month-to-month,No,Credit card (automatic),26.4,911.82,No
Female,0,Yes,Yes,37,Yes,No,DSL,No,Yes,No,No,No,No,Month-to-month,No,Bank transfer (automatic),51.44,1828.74,Yes
Male,0,Yes,No,6,Yes,Yes,DSL,Yes,No,No,Yes,Yes,No,Two year,No,Mailed check,65.14,399.02,No
Female,0,No,No,63,Yes,Yes,DSL,Yes,No,No,No,No,Yes,One year,No,Credit card (automatic),62.03,3602.54,No
Female,0,No,No,15,No,No phone service,Fiber optic,Yes,No,Yes,Yes,Yes,No,One year,Yes,Credit card (automatic),63.79,895.67,No
Female,0,Yes,Yes,48,Yes,Yes,DSL,No,Yes,No,Yes,Yes,No,Month-to-month,No,Credit card (automatic),70.05,3144.05,No
Male,0,Yes,No,45,Yes,No,Fiber optic,No,Yes,No,No,Yes,Yes,Month-to-month,Yes,Bank transfer (automatic),81.5,3596.91,No
Female,0,No,Yes,24,Yes,Yes,Fiber optic,Yes,Yes,Yes,Yes,No,No,One year,No,Electronic check,90.67,2211.51,No
Female,0,No,No,29,Yes,Yes,DSL,Yes,Yes,Yes,Yes,No,Yes,One year,Yes,Electronic check,72.96,2154.08,Yes
Male,0,Yes,Yes,40,Yes,Yes,Fiber optic,Yes,No,No,No,No,No,Month-to-month,Yes,Bank transfer (automatic),74.01,3023.5,Yes
Male,0,No,No,16,Yes,Yes,No,No internet service,No internet service,No internet service,No internet service,No internet service,No internet service,One year,Yes,Bank transfer (automatic),24.88,417.51,No
Female,0,Yes,Yes,42,Yes,Yes,DSL,No,No,Yes,Yes,No,No,Month-to-month,Yes,Electronic check,63.43,2749.01,Yes
Female,0,No,No,46,Yes,Yes,DSL,No,No,No,No,Yes,No,Month-to-month,No,Electronic check,58.81,2464.09,Yes
Male,0,Yes,No,22,No,No phone service,No,No internet service,No internet service,No internet service,No internet service,No internet service,No internet service,Month-to-month,No,Credit card (automatic),10.0,227.72,No
Male,0,No,No,66,Yes,No,Fiber optic,No,No,Yes,No,No,Yes,Two year,Yes,Mailed check,81.94,5499.38,No
Male,0,No,No,42,Yes,No,No,No internet service,No internet service,No internet service,No internet service,No internet service,No internet service,Two year,Yes,Credit card (automatic),19.91,820.2,No
Male,0,Yes,No,65,Yes,Yes,DSL,No,No,No,No,Yes,Yes,One year,No,Credit card (automatic),66.8,4457.28,No
Male,0,Yes,No,32,Yes,No,Fiber optic,Yes,No,No,No,Yes,No,Month-to-month,No,Bank transfer (automatic),78.94,2315.71,Yes
Female,0,No,Yes,63,Yes,Yes,Fiber optic,Yes,Yes,Yes,Yes,No,Yes,Two year,Yes,Bank transfer (automatic),101.14,6697.66,No
Female,1,Yes,Yes,51,Yes,Yes,Fiber optic,Yes,Yes,Yes,Yes,No,No,Two year,No,Mailed check,91.79,4665.47,No
Female,0,Yes,No,29,Yes,Yes,DSL,Yes,No,Yes,Yes,Yes,No,One year,No,Bank transfer (automatic),73.07,2142.37,No
Male,0,No,No,11,Yes,Yes,No,No internet service,No internet service,No internet service,No internet service,No internet service,No internet service,Two year,Yes,Bank transfer (automatic),17.64,204.81,No
Female,1,No,Yes,37,Yes,Yes,Fiber optic,No,Yes,No,No,No,Yes,Month-to-month,Yes,Mailed check,83.24,2938.43,No
Male,0,Yes,Yes,53,No,No phone service,DSL,Yes,No,No,Yes,Yes,Yes,One year,Yes,Mailed check,53.3,2909.82,No
Female,0,No,No,42,Yes,No,Fiber optic,Yes,Yes,No,No,No,Yes,One year,Yes,Credit card (automatic),80.24,3083.59,No
Male,0,No,Yes,63,Yes,Yes,No,No internet service,No internet service,No internet service,No internet service,No internet service,No internet service,Month-to-month,No,Bank transfer (automatic),26.32,1561.68,No
Female,0,No,Yes,6,Yes,Yes,No,No internet service,No internet service,No internet service,No internet service,No internet service,No internet service,Month-to-month,Yes,Credit card (automatic),21.53,129.24,Yes
Male,0,Yes,No,52,Yes,No,DSL,No,No,Yes,No,No,Yes,One year,Yes,Electronic check,55.61,2737.43,No
Male,0,Yes,Yes,20,Yes,No,Fiber optic,No,No,Yes,No,No,Yes,Month-to-month,No,Bank transfer (automatic),80.32,1596.83,Yes
Male,0,Yes,No,45,No,No phone service,No,No internet service,No internet service,No internet service,No internet service,No internet service,No internet service,Month-to-month,No,Mailed check,10.0,458.37,No
Male,1,Yes,Yes,39,Yes,Yes,DSL,No,Yes,No,Yes,Yes,No,Month-to-month,Yes,Electronic check,68.22,2638.93,Yes
Female,0,No,No,9,Yes,Yes,No,No internet service,No internet service,No internet service,No internet service,No internet service,No internet service,Month-to-month,No,Electronic check,18.39,158.52,Yes
Female,0,Yes,No,56,Yes,No,No,No internet service,No internet service,No internet service,No internet service,No internet service,No internet service,Month-to-month,No,Credit card (automatic),18.09,1067.25,No
Male,0,Yes,No,50,Yes,No,Fiber optic,No,Yes,No,Yes,Yes,No,Two year,Yes,Electronic check,82.24,4317.67,No
Female,0,Yes,No,44,Yes,Yes,Fiber optic,Yes,Yes,No,Yes,Yes,No,Two year,Yes,Credit card (automatic),94.55,4011.78,No
Male,0,No,No,23,Yes,Yes,No,No internet service,No internet service,No internet service,No internet service,No internet service,No internet service,Month-to-month,No,Electronic check,27.35,654.7,No
Female,0,Yes,No,62,Yes,No,Fiber optic,No,Yes,No,No,No,Yes,Month-to-month,No,Credit card (automatic),76.91,4896.06,Yes
Male,0,Yes,No,26,Yes,No,Fiber optic,No,Yes,No,No,No,No,Month-to-month,No,Electronic check,72.17,1917.86,Yes
Female,0,Yes,Yes,44,Yes,Yes,No,No internet service,No internet service,No internet service,No internet service,No internet service,No internet service,Two year,Yes,Credit card (automatic),22.48,920.79,No
Male,0,Yes,Yes,55,Yes,No,No,No internet service,No internet service,No internet service,No internet service,No internet service,No internet service,Month-to-month,No,Credit card (automatic),21.6,1129.01,No
Female,1,Yes,No,36,Yes,No,DSL,No,Yes,No,Yes,No,Yes,Month-to-month,Yes,Credit card (automatic),59.86,2018.84,No
Male,0,Yes,No,12,Yes,Yes,Fiber optic,No,Yes,No,Yes,Yes,No,Two year,Yes,Credit card (automatic),86.58,1056.07,No
Female,0,Yes,Yes,22,Yes,No,DSL,Yes,No,No,No,No,No,One year,Yes,Mailed check,54.99,1152.06,Yes
Male,0,No,No,0,Yes,No,No,No internet service,No internet service,No internet service,No internet service,No internet service,No internet service,Two year,No,Electronic check,16.32,0.0,No
Male,0,No,No,64,No,No phone service,Fiber optic,No,Yes,Yes,No,Yes,Yes,Two year,Yes,Credit card (automatic),68.31,4020.4,No
Female,0,Yes,No,13,Yes,Yes,Fiber optic,No,Yes,Yes,Yes,No,Yes,One year,Yes,Credit card (automatic),93.66,1184.93,No
Female,0,No,No,28,Yes,Yes,DSL,No,No,No,No,No,No,Month-to-month,Yes,Electronic check,54.28,1428.86,Yes
Male,0,Yes,No,58,Yes,Yes,Fiber optic,No,No,No,No,No,No,Month-to-month,Yes,Mailed check,71.49,3809.41,Yes
Female,0,No,Yes,29,Yes,Yes,Fiber optic,No,No,Yes,Yes,Yes,No,Month-to-month,Yes,Electronic check,89.04,2414.34,Yes
Female,0,Yes,No,26,Yes,Yes,DSL,Yes,Yes,Yes,No,No,Yes,Two year,No,Bank transfer (automatic),72.51,1742.15,No
Female,0,Yes,Yes,33,No,No phone service,DSL,No,Yes,Yes,No,No,Yes,Month-to-month,Yes,Electronic check,46.76,1556.78,No
Male,0,No,No,16,Yes,No,No,No internet service,No internet service,No internet service,No internet service,No internet service,No internet service,Month-to-month,No,Mailed check,21.22,350.63,No
Male,0,Yes,Yes,3,Yes,Yes,No,No internet service,No internet service,No internet service,No internet service,No internet service,No internet service,Month-to-month,No,Electronic check,23.97,72.79,No
Female,0,Yes,Yes,18,Yes,No,Fiber optic,No,No,No,Yes,Yes,No,Two year,Yes,Bank transfer (automatic),75.98,1347.2,No
Female,0,No,No,3,Yes,No,Fiber optic,Yes,Yes,No,Yes,No,No,One year,No,Electronic check,82.17,256.52,Yes
Male,1,Yes,No,42,Yes,Yes,Fiber optic,No,No,Yes,Yes,No,No,Month-to-month,Yes,Mailed check,81.48,3348.44,Yes
Female,0,No,No,7,Yes,Yes,No,No internet service,No internet service,No internet service,No internet service,No internet service,No internet service,Two year,No,Credit card (automatic),24.23,167.84,No
Male,0,No,No,45,No,No phone service,No,No internet service,No internet service,No internet service,No internet service,No internet service,No internet service,Month-to-month,No,Bank transfer (automatic),10.0,441.33,No
Male,0,Yes,No,68,Yes,Yes,Fiber optic,No,Yes,No,No,Yes,Yes,Two year,No,Bank transfer (automatic),91.02,6042.77,No
Female,0,Yes,Yes,63,Yes,No,Fiber optic,No,No,No,Yes,No,Yes,Month-to-month,Yes,Electronic check,78.93,5093.08,Yes
Female,0,Yes,No,52,Yes,Yes,Fiber optic,Yes,No,Yes,Yes,No,Yes,One year,Yes,Credit card (automatic),91.11,4852.97,No
Female,0,Yes,Yes,52,Yes,Yes,Fiber optic,No,Yes,Yes,No,No,No,Month-to-month,No,Credit card (automatic),80.1,3864.17,No
Male,0,No,No,15,Yes,Yes,DSL,No,Yes,No,No,Yes,Yes,Month-to-month,No,Electronic check,66.13,963.34,Yes
Female,0,No,No,19,Yes,No,Fiber optic,No,No,Yes,Yes,Yes,No,Two year,Yes,Credit card (automatic),81.97,1490.7,No
Female,0,Yes,No,10,Yes,No,No,No internet service,No internet service,No internet service,No internet service,No internet service,No internet service,Two year,Yes,Electronic check,19.75,190.81,No
Male,1,Yes,No,8,Yes,No,Fiber optic,No,No,Yes,No,No,Yes,Month-to-month,Yes,Electronic check,77.59,656.86,Yes
Male,0,Yes,No,30,Yes,Yes,DSL,Yes,Yes,No,Yes,Yes,No,Month-to-month,No,Credit card (automatic),71.57,2215.62,Yes
Female,0,Yes,No,6,Yes,No,No,No internet service,No internet service,No internet service,No internet service,No internet service,No internet service,Month-to-month,Yes,Electronic check,22.91,138.26,Yes
Male,0,No,No,4,Yes,Yes,Fiber optic,Yes,Yes,Yes,Yes,No,Yes,One year,Yes,Credit card (automatic),96.85,409.01,Yes
Male,1,No,No,48,Yes,No,Fiber optic,No,Yes,No,No,No,No,Month-to-month,Yes,Mailed check,72.82,3617.65,No
Female,1,No,No,42,No,No phone service,Fiber optic,Yes,Yes,No,No,Yes,No,Month-to-month,Yes,Electronic check,64.75,2868.14,Yes
Male,0,No,No,24,Yes,Yes,No,No internet service,No internet service,No internet service,No internet service,No internet service,No internet service,Month-to-month,No,Bank transfer (automatic),21.92,538.21,No
Female,0,Yes,No,23,Yes,Yes,DSL,Yes,No,Yes,Yes,No,No,Month-to-month,No,Mailed check,66.05,1474.01,Yes
Male,0,No,No,35,Yes,No,Fiber optic,No,Yes,Yes,No,Yes,Yes,Two year,Yes,Bank transfer (automatic),88.32,3097.98,No
Male,0,No,No,41,Yes,No,Fiber optic,No,No,No,Yes,No,No,Month-to-month,Yes,Credit card (automatic),70.96,2942.79,No
Female,0,No,No,30,Yes,No,Fiber optic,Yes,No,No,Yes,No,Yes,Month-to-month,Yes,Credit card (automatic),86.19,2536.3,Yes
Female,0,No,No,5,Yes,Yes,Fiber optic,No,No,Yes,Yes,No,Yes,One year,Yes,Electronic check,83.63,409.51,Yes
Female,0,Yes,Yes,17,Yes,No,No,No internet service,No internet service,No internet service,No internet service,No internet service,No internet service,Two year,Yes,Bank transfer (automatic),18.31,291.27,No
Female,0,No,No,39,No,No phone service,DSL,Yes,Yes,Yes,No,Yes,Yes,Two year,No,Electronic check,55.26,2147.42,No
Female,0,No,No,46,Yes,No,No,No internet service,No internet service,No internet service,No internet service,No internet service,No internet service,Month-to-month,Yes,Credit card (automatic),20.32,896.63,No
Female,0,Yes,No,41,Yes,Yes,No,No internet service,No internet service,No internet service,No internet service,No internet service,No internet service,One year,No,Electronic check,23.75,896.12,No
Male,0,Yes,No,22,Yes,No,Fiber optic,Yes,Yes,Yes,Yes,No,No,One year,Yes,Credit card (automatic),90.05,2087.64,No
Female,0,No,Yes,6,Yes,Yes,DSL,No,No,No,No,No,No,Month-to-month,Yes,Bank transfer (automatic),50.77,322.64,Yes
Female,0,No,No,53,No,No phone service,No,No internet service,No internet service,No internet service,No internet service,No internet service,No internet service,Month-to-month,No,Bank transfer (automatic),10.0,496.02,No
Male,0,No,No,57,Yes,No,DSL,Yes,No,No,No,No,Yes,Month-to-month,No,Mailed check,61.0,3483.09,No
Male,0,No,No,48,Yes,No,DSL,Yes,Yes,No,Yes,No,Yes,Two year,Yes,Mailed check,70.44,3515.18,No
Male,0,Yes,No,47,Yes,Yes,DSL,No,Yes,Yes,No,Yes,No,One year,No,Mailed check,62.89,3064.3,No
Female,0,Yes,Yes,1,No,No phone service,DSL,Yes,No,Yes,No,Yes,No,Month-to-month,No,Credit card (automatic),41.94,39.75,Yes
Male,0,No,No,12,Yes,Yes,DSL,No,Yes,No,No,Yes,Yes,One year,Yes,Electronic check,66.84,781.69,Yes
Male,0,Yes,No,58,Yes,Yes,DSL,No,No,No,Yes,No,No,One year,No,Bank transfer (automatic),54.59,3146.55,No
Male,0,No,No,67,Yes,Yes,Fiber optic,Yes,No,No,Yes,Yes,No,Month-to-month,Yes,Credit card (automatic),84.98,5504.98,No
Male,0,No,No,42,Yes,No,DSL,Yes,No,No,No,Yes,No,Month-to-month,Yes,Credit card (automatic),56.42,2303.26,No
Male,0,No,No,7,Yes,No,DSL,No,No,Yes,No,No,Yes,Month-to-month,No,Electronic check,55.48,354.48,No
Male,0,No,No,61,Yes,No,Fiber optic,Yes,No,Yes,Yes,Yes,No,Month-to-month,No,Mailed check,87.42,5608.64,No
Female,0,No,No,36,Yes,No,DSL,No,No,No,No,No,No,Month-to-month,Yes,Bank transfer (automatic),46.71,1556.59,Yes
Male,0,No,No,18,No,No phone service,DSL,No,Yes,No,No,Yes,No,Month-to-month,No,Electronic check,34.55,595.2,Yes
Male,0,No,No,32,Yes,Yes,DSL,Yes,No,No,No,Yes,Yes,Month-to-month,No,Mailed check,67.56,1972.19,Yes
Female,0,Yes,Yes,12,Yes,No,DSL,Yes,No,No,No,Yes,Yes,One year,No,Electronic check,66.1,833.91,No
Male,0,No,Yes,7,Yes,Yes,Fiber optic,No,Yes,Yes,No,No,Yes,Two year,Yes,Electronic check,86.75,573.94,No
Female,0,Yes,No,64,Yes,No,No,No internet service,No internet service,No internet service,No internet service,No internet service,No internet service,Month-to-month,Yes,Electronic check,20.98,1304.11,No
Male,0,No,No,58,Yes,Yes,Fiber optic,Yes,No,No,No,No,Yes,Month-to-month,Yes,Credit card (automatic),83.39,4832.66,No
Female,0,No,No,27,Yes,Yes,Fiber optic,No,Yes,No,Yes,Yes,Yes,One year,Yes,Bank transfer (automatic),95.57,2529.17,Yes
Female,0,Yes,No,48,Yes,Yes,No,No internet service,No internet service,No internet service,No internet service,No internet service,No internet service,One year,No,Credit card (automatic),29.11,1278.19,No
Female,1,Yes,Yes,16,Yes,No,DSL,No,No,Yes,No,No,No,Month-to-month,Yes,Credit card (automatic),55.88,877.83,Yes
Male,0,Yes,No,44,No,No phone service,Fiber optic,Yes,Yes,Yes,Yes,No,Yes,One year,Yes,Electronic check,70.46,2996.18,No
Male,1,Yes,No,26,Yes,No,Fiber optic,Yes,No,No,No,No,No,Month-to-month,Yes,Mailed check,71.19,1867.98,Yes
Female,0,Yes,No,0,Yes,Yes,No,No internet service,No internet service,No internet service,No internet service,No internet service,No internet service,Two year,Yes,Credit card (automatic),21.58,0.0,No
Male,1,Yes,No,16,Yes,Yes,Fiber optic,No,Yes,Yes,Yes,No,No,One year,Yes,Mailed check,90.9,1480.8,No
Male,0,No,No,21,Yes,No,No,No internet service,No internet service,No internet service,No internet service,No internet service,No internet service,Month-to-month,Yes,Mailed check,20.64,447.24,No
Male,0,No,No,9,Yes,Yes,DSL,No,Yes,Yes,Yes,Yes,Yes,Two year,Yes,Bank transfer (automatic),78.94,695.01,No
Male,0,No,No,6,Yes,Yes,DSL,No,Yes,No,No,No,Yes,Two year,Yes,Bank transfer (automatic),62.68,343.53,No
Female,1,No,No,23,Yes,No,DSL,Yes,Yes,No,No,Yes,No,Two year,Yes,Electronic check,60.17,1443.28,No
Female,0,No,No,13,Yes,Yes,DSL,Yes,No,No,Yes,Yes,No,One year,No,Mailed check,68.69,832.2,No
Male,0,Yes,No,31,Yes,Yes,DSL,No,No,Yes,No,Yes,Yes,Month-to-month,No,Electronic check,71.3,2162.47,Yes
Male,1,No,No,45,Yes,No,No,No internet service,No internet service,No internet service,No internet service,No internet service,No internet service,Two year,No,Electronic check,14.71,641.48,No
Male,0,Yes,No,36,Yes,No,DSL,No,Yes,Yes,No,No,No,Two year,Yes,Bank transfer (automatic),56.82,2054.34,No
Male,0,No,Yes,20,Yes,No,Fiber optic,Yes,No,No,No,No,No,Month-to-month,Yes,Electronic check,68.27,1347.32,Yes
Female,0,Yes,No,47,No,No phone service,Fiber optic,Yes,Yes,Yes,No,Yes,Yes,Two year,No,Electronic check,67.82,2916.95,No
Female,0,Yes,Yes,8,Yes,No,DSL,No,No,No,No,No,No,Month-to-month,No,Bank transfer (automatic),50.14,403.38,No
Female,0,No,Yes,54,Yes,Yes,No,No internet service,No internet service,No internet service,No internet service,No internet service,No internet service,Month-to-month,Yes,Bank transfer (automatic),25.99,1447.69,No
Male,1,No,No,61,No,No phone service,DSL,Yes,No,No,No,No,No,Two year,Yes,Credit card (automatic),35.47,2007.17,No
Male,0,Yes,Yes,67,Yes,No,Fiber optic,No,No,Yes,No,No,No,Month-to-month,No,Credit card (automatic),70.01,4440.52,Yes
Male,1,No,No,9,Yes,Yes,No,No internet service,No internet service,No internet service,No internet service,No internet service,No internet service,Two year,No,Bank transfer (automatic),20.49,195.25,No
Male,0,Yes,Yes,65,No,No phone service,DSL,Yes,Yes,Yes,Yes,No,No,Two year,Yes,Electronic check,51.31,3427.17,No
Male,1,No,Yes,35,Yes,No,DSL,No,Yes,Yes,No,Yes,Yes,Month-to-month,No,Bank transfer (automatic),66.02,2322.09,No
Male,0,Yes,No,20,Yes,No,Fiber optic,No,Yes,No,No,Yes,Yes,Month-to-month,Yes,Electronic check,80.82,1576.18,Yes
Female,0,No,No,1,Yes,No,Fiber optic,Yes,Yes,No,No,No,Yes,Month-to-month,Yes,Credit card (automatic),84.44,85.75,Yes
Female,0,No,No,7,Yes,Yes,DSL,No,No,No,No,No,No,Month-to-month,No,Electronic check,49.52,352.04,Yes
Female,0,No,No,24,Yes,No,DSL,No,No,No,No,No,No,Month-to-month,No,Electronic check,44.45,1037.15,Yes
Female,0,No,No,23,Yes,No,Fiber optic,No,No,No,Yes,Yes,Yes,Month-to-month,No,Bank transfer (automatic),83.42,2014.64,No
Male,1,No,No,56,Yes,No,Fiber optic,No,No,Yes,No,Yes,No,Month-to-month,Yes,Electronic check,76.46,4413.38,Yes
Female,0,Yes,No,46,No,No phone service,No,No internet service,No internet service,No internet service,No internet service,No internet service,No internet service,One year,No,Credit card (automatic),10.0,450.07,No
Male,0,Yes,Yes,23,Yes,No,DSL,No,No,No,No,No,Yes,Month-to-month,No,Electronic check,56.78,1240.91,No
Female,0,Yes,No,60,No,No phone service,No,No internet service,No internet service,No internet service,No internet service,No internet service,No internet service,Month-to-month,No,Mailed check,10.0,618.64,No
Female,0,Yes,Yes,52,Yes,No,No,No internet service,No internet service,No internet service,No internet service,No internet service,No internet service,Month-to-month,Yes,Electronic check,,1282.33,No
Female,0,Yes,No,55,No,No phone service,Fiber optic,No,Yes,Yes,Yes,Yes,No,One year,No,Electronic check,70.49,3910.76,No
Male,0,No,No,47,Yes,Yes,Fiber optic,No,Yes,No,No,Yes,Yes,Month-to-month,Yes,Electronic check,85.96,4001.94,No
Female,0,No,No,25,Yes,Yes,Fiber optic,Yes,No,Yes,No,Yes,Yes,Month-to-month,Yes,Credit card (automatic),90.81,2332.18,No
Female,0,No,Yes,6,Yes,No,No,No internet service,No internet service,No internet service,No internet service,No internet service,No internet service,Two year,Yes,Mailed check,18.97,113.83,No
Male,0,No,No,42,No,No phone service,Fiber optic,No,No,No,No,No,No,Month-to-month,Yes,Electronic check,52.45,2059.5,No
Male,0,Yes,No,61,Yes,No,No,No internet service,No internet service,No internet service,No internet service,No internet service,No internet service,Two year,No,Credit card (automatic),22.05,1325.11,No
Female,0,No,No,63,Yes,No,Fiber optic,Yes,No,No,Yes,Yes,No,Month-to-month,No,Bank transfer (automatic),78.7,5008.63,Yes
Male,0,No,No,8,Yes,No,DSL,No,Yes,Yes,Yes,No,No,Month-to-month,Yes,Bank transfer (automatic),60.86,443.6,Yes
Male,0,No,No,10,Yes,Yes,No,No internet service,No internet service,No internet service,No internet service,No internet service,No internet service,Month-to-month,Yes,Mailed check,18.41,177.1,Yes
Female,0,No,No,30,Yes,No,Fiber optic,No,No,Yes,No,No,No,Month-to-month,Yes,Electronic check,70.51,2037.5,Yes
Female,0,No,No,55,Yes,No,DSL,No,No,No,No,No,No,Month-to-month,No,Bank transfer (automatic),48.69,2697.52,No
Female,0,Yes,Yes,22,Yes,No,Fiber optic,Yes,Yes,Yes,Yes,Yes,No,Month-to-month,No,Credit card (automatic),87.81,1989.3,Yes
Male,0,No,No,39,Yes,Yes,Fiber optic,No,No,No,No,Yes,No,Two year,Yes,Credit card (automatic),79.74,2889.52,No
Male,0,Yes,No,50,Yes,No,No,No internet service,No internet service,No internet service,No internet service,No internet service,No internet service,One year,No,Electronic check,15.49,780.36,No
Male,0,Yes,Yes,35,Yes,No,DSL,No,No,Yes,Yes,No,Yes,Two year,No,Mailed check,60.78,2238.43,No
Male,0,Yes,No,2,Yes,No,DSL,No,Yes,No,No,Yes,No,Two year,Yes,Credit card (automatic),62.22,118.86,Yes
Male,0,No,No,5,Yes,Yes,Fiber optic,No,No,Yes,No,No,No,Month-to-month,Yes,Mailed check,81.53,385.5,Yes
Female,0,No,No,29,Yes,No,Fiber optic,Yes,No,No,No,Yes,Yes,Month-to-month,Yes,Mailed check,86.35,2370.57,Yes
Male,1,No,No,42,Yes,Yes,No,No internet service,No internet service,No internet service,No internet service,No internet service,No internet service,Month-to-month,No,Mailed check,27.28,1183.11,No
Female,0,Yes,No,20,Yes,No,No,No internet service,No internet service,No internet service,No internet service,No internet service,No internet service,Month-to-month,No,Electronic check,20.12,405.0,No
Female,0,No,No,24,Yes,Yes,DSL,Yes,Yes,Yes,Yes,Yes,No,Month-to-month,Yes,Bank transfer (automatic),76.33,1892.18,Yes
Male,0,Yes,No,24,Yes,No,DSL,No,No,No,No,No,Yes,Month-to-month,Yes,Bank transfer (automatic),54.53,1326.06,No
Male,1,Yes,Yes,31,Yes,No,DSL,No,No,No,No,No,No,Month-to-month,Yes,Mailed check,51.78,1562.34,Yes
Male,0,Yes,Yes,5,Yes,No,Fiber optic,Yes,Yes,No,Yes,No,Yes,One year,No,Bank transfer (automatic),87.26,445.13,No
Male,1,No,No,1,Yes,No,Fiber optic,Yes,No,No,No,No,Yes,Month-to-month,Yes,Credit card (automatic),76.29,78.57,Yes
Male,1,Yes,No,3,Yes,Yes,No,No internet service,No internet service,No internet service,No internet service,No internet service,No internet service,One year,No,Electronic check,26.21,71.68,No
Female,0,No,No,49,Yes,No,DSL,No,Yes,Yes,Yes,Yes,No,Month-to-month,Yes,Mailed check,69.55,3355.91,Yes
Female,0,Yes,Yes,14,Yes,No,Fiber optic,Yes,No,No,Yes,No,No,Month-to-month,Yes,Electronic check,76.45,1032.57,Yes
Male,0,No,No,47,Yes,No,No,No internet service,No internet service,No internet service,No internet service,No internet service,No internet service,Month-to-month,No,Bank transfer (automatic),17.78,803.96,No
Female,0,Yes,No,14,Yes,No,Fiber optic,Yes,No,No,Yes,Yes,No,Month-to-month,No,Bank transfer (automatic),83.3,1175.58,Yes
Female,0,No,No,34,No,No phone service,DSL,No,Yes,Yes,No,Yes,Yes,Two year,No,Credit card (automatic),43.94,1533.43,No
Male,0,Yes,No,66,Yes,No,DSL,No,No,No,No,Yes,No,Month-to-month,No,Electronic check,53.41,3314.66,No
Male,1,Yes,No,28,Yes,No,DSL,Yes,Yes,Yes,Yes,No,Yes,Two year,Yes,Electronic check,68.41,1935.06,No
Male,0,Yes,Yes,25,Yes,Yes,Fiber optic,No,No,Yes,No,No,No,Month-to-month,Yes,Bank transfer (automatic),76.09,1847.12,Yes
Male,0,Yes,Yes,57,Yes,Yes,Fiber optic,Yes,No,Yes,No,Yes,Yes,One year,No,Credit card (automatic),89.62,4766.19,No
Female,0,No,No,52,No,No phone service,No,No internet service,No internet service,No internet service,No internet service,No internet service,No internet service,Two year,No,Electronic check,10.0,517.03,No
Female,0,Yes,No,62,Yes,Yes,Fiber optic,Yes,No,No,No,No,No,One year,No,Bank transfer (automatic),78.77,4848.32,No
Female,1,Yes,No,6,Yes,No,DSL,Yes,Yes,Yes,Yes,Yes,Yes,One year,No,Credit card (automatic),81.22,491.31,No
Male,0,No,No,25,Yes,Yes,DSL,Yes,No,No,Yes,Yes,Yes,One year,Yes,Electronic check,76.88,1943.64,No
Female,0,No,No,67,Yes,Yes,No,No internet service,No internet service,No internet service,No internet service,No internet service,No internet service,Two year,No,Mailed check,25.22,1782.87,No
Male,0,No,No,14,Yes,No,Fiber optic,No,No,Yes,Yes,Yes,Yes,One year,Yes,Electronic check,85.31,1228.8,Yes
Male,0,Yes,No,3,Yes,Yes,Fiber optic,No,Yes,No,No,No,Yes,One year,Yes,Bank transfer (automatic),82.43,225.61,No
Male,0,Yes,No,7,Yes,Yes,DSL,No,Yes,No,No,Yes,No,Two year,Yes,Credit card (automatic),63.36,434.51,No
Female,0,No,No,59,Yes,Yes,DSL,No,Yes,No,No,No,No,Month-to-month,Yes,Electronic check,56.85,,No
Female,1,No,No,62,Yes,Yes,DSL,No,No,No,Yes,No,Yes,Month-to-month,No,Electronic check,65.81,3827.91,No
Male,0,No,Yes,58,Yes,Yes,Fiber optic,No,No,Yes,No,Yes,Yes,Month-to-month,No,Electronic check,90.73,5367.24,No
Male,0,No,No,22,Yes,No,DSL,Yes,No,No,No,No,No,Month-to-month,Yes,Mailed check,54.82,1237.37,No
Male,0,No,No,16,Yes,No,DSL,No,No,Yes,No,No,Yes,Month-to-month,Yes,Mailed check,57.17,861.98,Yes
Male,0,Yes,No,24,Yes,No,Fiber optic,No,Yes,No,No,Yes,Yes,Month-to-month,Yes,Bank transfer (automatic),84.11,2110.11,No
Female,0,No,No,50,Yes,No,No,No internet service,No internet service,No internet service,No internet service,No internet service,No internet service,Two year,Yes,Mailed check,23.59,1188.76,No
Female,1,Yes,No,33,Yes,No,DSL,No,No,Yes,Yes,No,No,Month-to-month,Yes,Electronic check,59.24,1978.38,Yes
Female,1,Yes,Yes,41,Yes,Yes,Fiber optic,Yes,Yes,Yes,No,Yes,No,One year,No,Mailed check,95.15,3895.56,No
Female,0,Yes,No,61,Yes,No,DSL,Yes,No,No,No,Yes,No,Month-to-month,No,Credit card (automatic),53.33,3262.48,No
Male,0,Yes,Yes,23,Yes,Yes,No,No internet service,No internet service,No internet service,No internet service,No internet service,No internet service,Month-to-month,No,Electronic check,22.98,513.48,No
Male,1,Yes,No,55,Yes,Yes,No,No internet service,No internet service,No internet service,No internet service,No internet service,No internet service,One year,No,Bank transfer (automatic),21.03,1116.28,No
Male,0,Yes,Yes,12,Yes,No,DSL,No,No,No,No,No,No,Month-to-month,No,Mailed check,51.79,596.34,No
Female,0,Yes,Yes,71,Yes,Yes,Fiber optic,No,No,No,No,No,No,Month-to-month,Yes,Electronic check,70.71,5064.05,No
Female,0,No,Yes,59,Yes,No,DSL,No,Yes,No,No,No,No,Month-to-month,No,Mailed check,50.02,2719.23,Yes
Male,0,No,No,52,Yes,No,No,No internet service,No internet service,No internet service,No internet service,No internet service,No internet service,Month-to-month,No,Mailed check,19.27,1032.5,No
Male,0,Yes,No,68,Yes,No,Fiber optic,No,No,Yes,Yes,Yes,No,Two year,Yes,Electronic check,85.76,5975.52,No
Male,0,No,No,10,Yes,Yes,DSL,No,Yes,Yes,No,No,Yes,Two year,No,Electronic check,67.47,652.0,No
Male,0,Yes,No,22,Yes,Yes,DSL,Yes,No,No,Yes,No,No,Month-to-month,No,Electronic check,63.87,1420.19,Yes
Female,0,Yes,Yes,49,No,No phone service,Fiber optic,Yes,Yes,Yes,No,No,No,Month-to-month,No,Credit card (automatic),65.85,2993.25,No
Male,0,Yes,No,16,No,No phone service,Fiber optic,Yes,No,No,Yes,No,No,One year,Yes,Mailed check,59.09,989.89,No
Male,0,No,No,32,Yes,No,DSL,Yes,Yes,Yes,No,Yes,No,Two year,No,Bank transfer (automatic),63.09,1958.5,No
Female,0,No,Yes,71,Yes,Yes,Fiber optic,No,No,No,Yes,Yes,No,Month-to-month,No,Mailed check,85.04,5804.79,No
Male,0,No,Yes,47,No,No phone service,Fiber optic,No,No,Yes,Yes,Yes,No,One year,Yes,Electronic check,69.87,3160.24,No
Female,0,Yes,Yes,19,No,No phone service,Fiber optic,Yes,No,No,Yes,No,No,Month-to-month,Yes,Bank transfer (automatic),61.11,1114.74,No
Male,0,Yes,No,36,Yes,Yes,DSL,Yes,No,No,No,Yes,No,Month-to-month,Yes,Mailed check,65.4,2175.03,Yes
Female,0,Yes,Yes,51,No,No phone service,DSL,No,Yes,Yes,Yes,No,No,Month-to-month,No,Mailed check,44.07,2120.59,No
Female,0,Yes,Yes,27,No,No phone service,DSL,Yes,No,Yes,No,Yes,No,One year,No,Electronic check,42.31,1043.18,No
Male,0,No,No,51,No,No phone service,Fiber optic,Yes,No,Yes,Yes,No,No,Two year,No,Bank transfer (automatic),66.14,3362.73,No
Male,0,No,No,67,Yes,Yes,Fiber optic,No,No,No,No,No,No,Month-to-month,No,Credit card (automatic),71.77,4725.94,No
Female,1,No,No,40,Yes,Yes,Fiber optic,Yes,Yes,No,No,No,No,Two year,No,Credit card (automatic),86.0,3172.68,No
Male,0,Yes,Yes,16,Yes,Yes,Fiber optic,No,No,No,No,Yes,No,Month-to-month,Yes,Electronic check,79.46,1270.1,Yes
Male,0,Yes,Yes,54,Yes,Yes,Fiber optic,No,No,No,No,No,No,Month-to-month,Yes,Electronic check,72.13,3986.65,Yes
Female,0,No,No,21,Yes,Yes,No,No internet service,No internet service,No internet service,No internet service,No internet service,No internet service,Month-to-month,No,Credit card (automatic),25.39,547.23,No
Male,0,Yes,No,2,Yes,Yes,Fiber optic,No,No,No,Yes,Yes,Yes,Month-to-month,Yes,Electronic check,86.82,167.45,Yes
Male,0,Yes,No,26,Yes,No,No,No internet service,No internet service,No internet service,No internet service,No internet service,No internet service,Month-to-month,Yes,Credit card (automatic),14.56,381.61,Yes
Female,0,Yes,No,28,Yes,No,Fiber optic,No,Yes,Yes,Yes,Yes,No,Two year,No,Bank transfer (automatic),87.22,2351.31,No
Female,0,No,No,58,No,No phone service,DSL,Yes,Yes,No,Yes,No,No,One year,No,Credit card (automatic),49.75,2698.65,No
Male,0,Yes,No,38,Yes,Yes,DSL,Yes,Yes,Yes,Yes,Yes,Yes,One year,No,Bank transfer (automatic),82.34,3185.84,No
Male,0,No,No,63,Yes,Yes,DSL,Yes,Yes,Yes,Yes,Yes,No,One year,No,Mailed check,80.06,5235.32,No
Male,0,No,No,59,Yes,No,Fiber optic,Yes,No,Yes,Yes,Yes,No,One year,Yes,Credit card (automatic),89.38,5253.54,No
Female,0,Yes,Yes,29,No,No phone service,DSL,No,No,No,Yes,Yes,Yes,One year,No,Bank transfer (automatic),42.65,1136.92,No
Female,1,Yes,No,63,No,No phone service,Fiber optic,No,No,Yes,No,No,Yes,Month-to-month,Yes,Credit card (automatic),58.34,3467.58,No
Female,0,Yes,No,53,Yes,Yes,Fiber optic,No,No,Yes,No,No,Yes,Month-to-month,Yes,Credit card (automatic),,4532.56,Yes
Male,0,Yes,Yes,60,Yes,Yes,Fiber optic,No,No,No,No,No,No,Month-to-month,Yes,Bank transfer (automatic),71.66,4458.63,No
Male,0,No,No,40,Yes,Yes,DSL,Yes,No,Yes,No,No,No,Two year,Yes,Credit card (automatic),63.72,2520.38,No
Male,0,No,No,70,Yes,Yes,No,No internet service,No internet service,No internet service,No internet service,No internet service,No internet service,Month-to-month,Yes,Electronic check,20.1,1304.83,No
Male,1,No,No,72,Yes,Yes,Fiber optic,Yes,Yes,Yes,Yes,No,Yes,Two year,Yes,Bank transfer (automatic),96.86,6794.26,No
Female,0,Yes,No,61,Yes,Yes,Fiber optic,No,Yes,Yes,No,Yes,Yes,Month-to-month,Yes,Electronic check,96.28,5886.99,Yes
Female,0,No,No,36,Yes,No,Fiber optic,No,No,No,No,Yes,No,Month-to-month,Yes,Electronic check,78.48,2866.17,Yes
Female,0,Yes,Yes,72,Yes,No,DSL,No,No,Yes,Yes,Yes,Yes,Two year,Yes,Bank transfer (automatic),74.48,4962.6,No
Male,0,Yes,No,58,Yes,No,Fiber optic,No,Yes,Yes,Yes,Yes,Yes,Two year,Yes,Credit card (automatic),94.4,5069.12,No
Male,0,Yes,Yes,28,Yes,No,No,No internet service,No internet service,No internet service,No internet service,No internet service,No internet service,One year,No,Bank transfer (automatic),16.43,423.93,No
Male,0,Yes,Yes,32,Yes,Yes,Fiber optic,No,Yes,No,No,Yes,Yes,Two year,Yes,Mailed check,82.95,2563.98,No
Female,0,Yes,No,46,No,No phone service,Fiber optic,Yes,Yes,No,No,No,No,One year,No,Bank transfer (automatic),58.61,2762.46,No
Female,0,No,No,47,Yes,No,Fiber optic,Yes,No,Yes,Yes,No,Yes,Two year,Yes,Mailed check,90.67,3934.88,No
Male,0,Yes,Yes,64,Yes,No,No,No internet service,No internet service,No internet service,No internet service,No internet service,No internet service,Month-to-month,No,Credit card (automatic),17.88,1140.41,No
Female,0,Yes,No,51,Yes,No,DSL,No,No,No,No,No,No,Month-to-month,No,Electronic check,46.5,2235.75,No
Male,0,Yes,Yes,63,Yes,No,Fiber optic,No,Yes,No,No,Yes,No,One year,No,Electronic check,74.36,4529.68,No
Female,1,No,No,48,Yes,Yes,DSL,No,Yes,No,No,No,Yes,Month-to-month,Yes,Credit card (automatic),65.43,3265.94,No
Female,0,Yes,No,21,Yes,No,Fiber optic,No,Yes,No,No,No,Yes,One year,Yes,Electronic check,78.2,1662.99,No
Female,1,Yes,Yes,11,Yes,Yes,Fiber optic,Yes,No,Yes,No,Yes,Yes,One year,Yes,Credit card (automatic),89.71,979.53,No
Female,0,No,No,9,Yes,No,Fiber optic,No,No,No,No,Yes,No,Month-to-month,Yes,Bank transfer (automatic),69.61,573.59,Yes
Female,0,No,Yes,45,No,No phone service,Fiber optic,No,No,Yes,No,No,No,Month-to-month,Yes,Electronic check,53.72,2419.59,Yes
Male,0,Yes,Yes,24,Yes,Yes,No,No internet service,No internet service,No internet service,No internet service,No internet service,No internet service,Two year,No,Bank transfer (automatic),25.96,603.77,No
Female,1,No,Yes,15,No,No phone service,DSL,No,No,No,Yes,No,Yes,Two year,No,Electronic check,41.1,633.08,No
Male,0,No,No,23,Yes,No,No,No internet service,No internet service,No internet service,No internet service,No internet service,No internet service,One year,Yes,Bank transfer (automatic),20.22,441.46,No
Male,0,Yes,No,9,Yes,Yes,Fiber optic,Yes,No,Yes,No,Yes,No,Month-to-month,Yes,Credit card (automatic),93.58,832.86,Yes
Male,0,No,No,34,Yes,Yes,No,No internet service,No internet service,No internet service,No internet service,No internet service,No internet service,Month-to-month,No,Bank transfer (automatic),29.22,919.59,No
Female,1,Yes,No,10,Yes,Yes,No,No internet service,No internet service,No internet service,No internet service,No internet service,No internet service,Month-to-month,No,Bank transfer (automatic),26.24,246.56,Yes
Female,0,No,No,47,Yes,No,Fiber optic,No,No,Yes,No,No,No,Month-to-month,Yes,Mailed check,72.82,,Yes
Female,1,No,No,39,Yes,Yes,No,No internet service,No internet service,No internet service,No internet service,No internet service,No internet service,Month-to-month,No,Electronic check,23.91,982.8,Yes
Male,0,Yes,No,63,Yes,Yes,DSL,No,Yes,Yes,No,Yes,No,Month-to-month,Yes,Electronic check,70.45,4587.06,No
Female,0,No,Yes,4,Yes,Yes,Fiber optic,No,No,No,No,Yes,No,Month-to-month,Yes,Electronic check,80.02,319.13,Yes
Male,0,No,No,35,Yes,Yes,DSL,No,No,Yes,Yes,No,No,Month-to-month,Yes,Credit card (automatic),58.44,1928.55,No
Male,1,No,No,31,Yes,Yes,Fiber optic,No,Yes,No,No,Yes,No,Month-to-month,Yes,Mailed check,84.71,2401.0,Yes
Male,1,Yes,Yes,59,Yes,Yes,DSL,No,No,No,No,Yes,No,Month-to-month,No,Mailed check,61.07,3626.59,No
Female,1,Yes,Yes,30,Yes,Yes,No,No internet service,No internet service,No internet service,No internet service,No internet service,No internet service,Month-to-month,No,Bank transfer (automatic),26.66,814.26,No
Female,0,Yes,No,71,No,No phone service,DSL,No,Yes,Yes,No,Yes,No,Month-to-month,Yes,Electronic check,47.7,3121.56,No
Female,1,Yes,No,13,Yes,No,No,No internet service,No internet service,No internet service,No internet service,No internet service,No internet service,Month-to-month,No,Electronic check,16.45,208.03,Yes
Male,1,Yes,No,54,Yes,No,DSL,Yes,No,No,No,No,No,Month-to-month,No,Credit card (automatic),50.76,2904.41,No
Female,0,No,No,0,Yes,Yes,No,No internet service,No internet service,No internet service,No internet service,No internet service,No internet service,One year,Yes,Credit card (automatic),24.26,0.0,No
Female,1,Yes,No,19,Yes,Yes,No,No internet service,No internet service,No internet service,No internet service,No internet service,No internet service,One year,No,Credit card (automatic),23.93,446.35,No
Female,0,No,No,46,Yes,No,Fiber optic,No,No,No,No,No,No,Month-to-month,No,Bank transfer (automatic),65.13,2798.04,Yes
Male,0,No,Yes,7,Yes,Yes,DSL,Yes,No,No,Yes,No,Yes,Month-to-month,No,Electronic check,66.11,476.77,No
Female,0,No,No,51,Yes,Yes,Fiber optic,No,No,Yes,No,No,No,Month-to-month,No,Electronic check,77.99,3664.53,No
Male,0,No,No,39,Yes,No,No,No internet service,No internet service,No internet service,No internet service,No internet service,No internet service,One year,Yes,Electronic check,16.58,668.74,No
Male,0,No,No,64,Yes,Yes,DSL,No,No,Yes,Yes,Yes,Yes,One year,Yes,Credit card (automatic),72.11,4852.62,No
Female,0,No,No,16,Yes,No,DSL,Yes,Yes,Yes,Yes,No,No,Month-to-month,Yes,Bank transfer (automatic),67.42,1080.39,No
Female,0,Yes,No,37,No,No phone service,DSL,Yes,Yes,Yes,Yes,Yes,Yes,One year,Yes,Credit card (automatic),55.77,2119.17,No
Female,0,Yes,Yes,66,Yes,Yes,Fiber optic,Yes,No,No,No,No,Yes,Month-to-month,Yes,Credit card (automatic),79.61,5542.38,No
Male,0,Yes,No,19,Yes,No,No,No internet service,No internet service,No internet service,No internet service,No internet service,No internet service,Month-to-month,No,Bank transfer (automatic),19.93,369.75,No
Male,0,No,No,19,Yes,No,Fiber optic,Yes,No,No,No,No,No,Month-to-month,Yes,Electronic check,69.11,1228.93,Yes
Female,0,Yes,No,59,Yes,Yes,DSL,No,No,Yes,No,No,No,Two year,Yes,Credit card (automatic),59.5,3580.5,No
Male,0,No,No,51,Yes,No,DSL,No,No,Yes,Yes,Yes,Yes,Month-to-month,No,Electronic check,69.79,3376.93,Yes
Male,0,No,No,58,Yes,No,DSL,No,No,No,Yes,No,No,Month-to-month,No,Bank transfer (automatic),52.95,3051.55,No
Female,0,Yes,No,11,Yes,No,DSL,No,No,No,Yes,Yes,No,Month-to-month,No,Credit card (automatic),58.19,614.09,No
Female,0,Yes,No,32,Yes,Yes,Fiber optic,No,No,No,No,Yes,Yes,Month-to-month,No,Credit card (automatic),81.54,2549.44,Yes
Male,1,Yes,Yes,5,Yes,Yes,No,No internet service,No internet service,No internet service,No internet service,No internet service,No internet service,Month-to-month,No,Mailed check,24.2,122.56,No
Female,0,Yes,No,70,Yes,Yes,Fiber optic,Yes,No,Yes,Yes,No,Yes,Two year,Yes,Credit card (automatic),89.01,5807.22,No
Female,0,Yes,No,9,Yes,No,DSL,No,Yes,Yes,Yes,Yes,No,Month-to-month,Yes,Credit card (automatic),66.0,552.43,Yes
Male,0,Yes,Yes,6,Yes,Yes,DSL,Yes,No,Yes,No,No,No,One year,Yes,Credit card (automatic),61.98,357.62,No
Male,0,No,No,7,Yes,Yes,No,No internet service,No internet service,No internet service,No internet service,No internet service,No internet service,Two year,Yes,Electronic check,27.24,182.44,No
Male,0,Yes,No,12,Yes,Yes,Fiber optic,Yes,Yes,No,No,No,No,One year,No,Bank transfer (automatic),85.85,1045.55,Yes
Male,0,Yes,Yes,19,Yes,No,No,No internet service,No internet service,No internet service,No internet service,No internet service,No internet service,Month-to-month,No,Bank transfer (automatic),22.3,417.26,No
Male,0,No,No,27,Yes,No,DSL,No,No,No,No,No,No,Month-to-month,No,Electronic check,49.21,1342.0,Yes
Male,1,No,Yes,14,Yes,No,No,No internet service,No internet service,No internet service,No internet service,No internet service,No internet service,Two year,Yes,Bank transfer (automatic),21.17,302.69,No
Female,0,Yes,No,60,Yes,Yes,DSL,Yes,No,Yes,No,Yes,No,One year,No,Credit card (automatic),70.95,4405.92,No
Male,0,No,Yes,60,Yes,Yes,DSL,Yes,Yes,Yes,No,No,No,Two year,Yes,Electronic check,,3929.82,No
Male,0,Yes,No,15,No,No phone service,Fiber optic,No,Yes,No,No,Yes,Yes,Month-to-month,Yes,Credit card (automatic),63.16,988.07,Yes
Male,0,Yes,Yes,28,Yes,No,DSL,No,No,No,Yes,Yes,No,One year,No,Electronic check,62.35,1805.93,No
Male,1,Yes,No,67,Yes,No,Fiber optic,Yes,No,Yes,Yes,Yes,No,Month-to-month,Yes,Electronic check,88.19,5869.53,Yes
Female,0,No,No,6,Yes,No,Fiber optic,No,Yes,No,No,No,Yes,Month-to-month,Yes,Credit card (automatic),77.9,493.58,Yes
Female,0,No,Yes,54,Yes,No,Fiber optic,Yes,No,No,No,No,No,Month-to-month,Yes,Electronic check,79.26,4265.8,Yes
Male,1,Yes,Yes,71,No,No phone service,DSL,No,No,No,No,No,Yes,Month-to-month,No,Bank transfer (automatic),34.36,2290.47,No
Female,0,Yes,Yes,18,Yes,Yes,Fiber optic,Yes,Yes,Yes,Yes,Yes,Yes,Two year,No,Credit card (automatic),103.14,1905.17,No
Female,0,Yes,No,0,Yes,Yes,DSL,Yes,Yes,No,No,No,No,Month-to-month,No,Electronic check,62.16,0.0,Yes
Male,0,Yes,Yes,30,Yes,Yes,DSL,No,No,No,Yes,No,No,Month-to-month,No,Credit card (automatic),51.86,1546.09,No
Female,0,No,No,59,Yes,Yes,No,No internet service,No internet service,No internet service,No internet service,No internet service,No internet service,Two year,Yes,Electronic check,21.71,1224.19,No
Female,0,Yes,No,50,Yes,Yes,Fiber optic,No,Yes,Yes,Yes,Yes,Yes,One year,No,Electronic check,100.38,4990.48,No
Male,0,No,No,53,Yes,No,DSL,No,No,Yes,Yes,No,Yes,One year,No,Bank transfer (automatic),65.32,3189.42,No
Male,0,No,No,31,Yes,Yes,No,No internet service,No internet service,No internet service,No internet service,No internet service,No internet service,Month-to-month,Yes,Electronic check,25.64,812.9,Yes
Female,0,Yes,Yes,8,Yes,Yes,Fiber optic,Yes,No,No,No,Yes,No,Month-to-month,No,Credit card (automatic),78.39,645.32,No
Male,0,Yes,Yes,41,No,No phone service,Fiber optic,Yes,No,Yes,Yes,No,No,One year,No,Credit card (automatic),60.63,2616.37,No
Male,1,Yes,Yes,37,Yes,No,DSL,Yes,Yes,Yes,No,No,No,Month-to-month,Yes,Electronic check,60.75,2376.89,Yes
Male,0,Yes,No,42,Yes,No,Fiber optic,Yes,No,Yes,Yes,No,No,Month-to-month,Yes,Mailed check,86.32,3497.39,Yes
Female,1,No,No,11,No,No phone service,DSL,Yes,Yes,No,No,Yes,No,Two year,No,Electronic check,44.94,452.44,No
Male,0,Yes,No,13,Yes,Yes,No,No internet service,No internet service,No internet service,No internet service,No internet service,No internet service,Month-to-month,Yes,Electronic check,25.3,325.13,No
Female,0,Yes,No,0,Yes,Yes,No,No internet service,No internet service,No internet service,No internet service,No internet service,No internet service,Two year,No,Bank transfer (automatic),27.83,0.0,No
Male,0,Yes,Yes,47,Yes,Yes,DSL,No,No,No,No,Yes,No,Month-to-month,Yes,Electronic check,59.67,2952.63,No
Male,0,No,No,17,Yes,Yes,No,No internet service,No internet service,No internet service,No internet service,No internet service,No internet service,One year,Yes,Bank transfer (automatic),14.54,246.46,No
Female,1,No,Yes,12,Yes,No,Fiber optic,No,Yes,Yes,No,Yes,Yes,Two year,Yes,Credit card (automatic),83.7,991.54,No
Male,0,No,No,30,No,No phone service,DSL,Yes,No,Yes,Yes,Yes,Yes,One year,Yes,Bank transfer (automatic),55.45,1639.02,No
Female,0,No,No,33,No,No phone service,Fiber optic,No,No,Yes,No,Yes,No,Month-to-month,No,Bank transfer (automatic),59.24,1964.21,Yes
Male,0,No,No,10,Yes,No,DSL,Yes,No,Yes,Yes,No,Yes,One year,Yes,Bank transfer (automatic),62.03,630.71,No
Male,0,No,No,37,Yes,Yes,No,No internet service,No internet service,No internet service,No internet service,No internet service,No internet service,Month-to-month,Yes,Electronic check,19.47,695.27,No
Female,0,No,No,27,Yes,No,Fiber optic,Yes,No,Yes,No,No,No,Month-to-month,No,Mailed check,80.31,2156.27,No
Female,0,No,No,30,Yes,Yes,Fiber optic,Yes,Yes,Yes,Yes,Yes,No,Two year,No,Mailed check,98.18,3038.58,No
Male,0,No,No,48,Yes,No,DSL,No,No,Yes,No,No,No,Month-to-month,No,Credit card (automatic),54.89,2538.31,No
Male,0,No,Yes,21,Yes,Yes,DSL,No,No,No,No,No,No,Month-to-month,No,Credit card (automatic),54.21,1191.95,Yes
Male,0,Yes,Yes,39,Yes,Yes,DSL,Yes,Yes,No,Yes,Yes,Yes,One year,Yes,Bank transfer (automatic),77.75,3096.48,No
Female,0,No,No,18,No,No phone service,Fiber optic,No,No,No,No,No,No,Month-to-month,Yes,Credit card (automatic),47.6,799.68,Yes
Female,0,No,Yes,36,Yes,Yes,Fiber optic,No,Yes,No,No,No,No,Month-to-month,No,Electronic check,78.82,2862.46,Yes
Male,0,No,No,65,Yes,Yes,Fiber optic,No,No,No,No,No,Yes,Month-to-month,Yes,Electronic check,82.28,5195.67,Yes
Female,1,No,Yes,24,No,No phone service,DSL,Yes,Yes,No,No,Yes,Yes,Month-to-month,No,Credit card (automatic),46.78,1125.08,Yes
Male,0,No,No,53,Yes,Yes,Fiber optic,No,No,Yes,No,No,No,Month-to-month,No,Credit card (automatic),74.96,4038.23,No
Male,0,Yes,No,72,Yes,Yes,DSL,No,No,Yes,Yes,No,No,One year,No,Credit card (automatic),61.79,4643.25,No
Male,0,No,No,3,Yes,Yes,No,No internet service,No internet service,No internet service,No internet service,No internet service,No internet service,Month-to-month,No,Mailed check,17.21,47.92,Yes
Female,1,Yes,No,47,Yes,Yes,No,No internet service,No internet service,No internet service,No internet service,No internet service,No internet service,Month-to-month,Yes,Electronic check,23.89,1047.83,No
Male,0,No,Yes,43,Yes,Yes,Fiber optic,Yes,No,No,Yes,No,No,Month-to-month,Yes,Electronic check,84.6,3761.54,Yes
Male,0,No,No,9,Yes,Yes,Fiber optic,Yes,No,No,No,No,Yes,Month-to-month,No,Electronic check,75.59,639.98,Yes
Female,0,No,No,45,Yes,Yes,Fiber optic,Yes,No,No,No,No,No,Month-to-month,Yes,Mailed check,77.77,3672.52,Yes
Female,1,No,No,44,Yes,Yes,Fiber optic,No,No,Yes,No,Yes,No,Month-to-month,Yes,Electronic check,82.43,3728.67,Yes
Female,0,Yes,No,62,Yes,Yes,DSL,Yes,No,No,No,No,Yes,Month-to-month,No,Bank transfer (automatic),60.17,3477.94,No
Female,0,No,No,0,Yes,No,DSL,Yes,No,Yes,No,No,Yes,Month-to-month,No,Credit card (automatic),66.21,0.0,No
Male,0,Yes,Yes,35,Yes,No,DSL,Yes,Yes,No,Yes,Yes,Yes,One year,No,Mailed check,72.8,2329.04,No
Female,0,Yes,Yes,49,Yes,Yes,No,No internet service,No internet service,No internet service,No internet service,No internet service,No internet service,Month-to-month,No,Bank transfer (automatic),23.2,1156.77,No
Female,0,Yes,Yes,13,Yes,No,Fiber optic,Yes,No,No,Yes,No,No,Month-to-month,No,Bank transfer (automatic),78.45,988.81,No
Male,0,Yes,Yes,23,Yes,Yes,Fiber optic,No,Yes,No,Yes,Yes,No,Month-to-month,Yes,Electronic check,86.83,1871.55,Yes
Female,0,Yes,No,19,Yes,No,DSL,Yes,Yes,No,Yes,No,No,Month-to-month,No,Bank transfer (automatic),61.5,1064.19,Yes
Male,0,Yes,Yes,66,Yes,Yes,DSL,No,Yes,Yes,Yes,No,No,Month-to-month,Yes,Credit card (automatic),69.77,4804.21,No
Female,1,Yes,Yes,30,Yes,No,Fiber optic,Yes,No,No,No,No,No,Month-to-month,Yes,Electronic check,66.69,2000.0,No
Female,0,No,No,72,Yes,No,No,No internet service,No internet service,No internet service,No internet service,No internet service,No internet service,Two year,No,Credit card (automatic),20.67,1393.81,No
Female,0,No,No,25,Yes,Yes,Fiber optic,No,No,No,No,No,Yes,Month-to-month,Yes,Bank transfer (automatic),81.54,2023.41,Yes
Female,0,Yes,Yes,38,No,No phone service,Fiber optic,Yes,Yes,Yes,No,Yes,Yes,Month-to-month,No,Mailed check,71.89,2650.67,No
Female,0,Yes,No,62,Yes,No,DSL,No,No,Yes,No,No,Yes,Month-to-month,Yes,Credit card (automatic),57.17,3548.94,No
Male,0,Yes,Yes,10,Yes,No,DSL,Yes,No,No,No,No,Yes,Month-to-month,No,Bank transfer (automatic),54.66,578.37,Yes
Female,0,Yes,No,16,Yes,No,No,No internet service,No internet service,No internet service,No internet service,No internet service,No internet service,Two year,Yes,Credit card (automatic),21.53,317.15,No
Female,0,No,No,32,No,No phone service,DSL,No,No,Yes,No,No,No,Month-to-month,No,Bank transfer (automatic),30.25,1009.02,Yes
Male,0,Yes,Yes,39,Yes,No,DSL,No,No,No,No,No,Yes,Two year,Yes,Electronic check,51.8,1922.41,Yes
Male,0,No,No,59,Yes,No,DSL,No,No,No,No,No,No,Month-to-month,Yes,Electronic check,48.74,2778.69,No
Female,0,No,No,16,Yes,Yes,Fiber optic,No,No,Yes,Yes,No,No,Month-to-month,Yes,Credit card (automatic),84.94,1240.43,Yes
Male,0,No,Yes,21,Yes,No,Fiber optic,Yes,No,Yes,No,No,No,Month-to-month,Yes,Credit card (automatic),81.67,1634.91,No
Female,0,Yes,No,25,Yes,No,No,No internet service,No internet service,No internet service,No internet service,No internet service,No internet service,Month-to-month,Yes,Bank transfer (automatic),16.75,422.36,No
Male,0,No,No,8,Yes,No,No,No internet service,No internet service,No internet service,No internet service,No internet service,No internet service,One year,No,Credit card (automatic),18.03,135.58,No
Female,0,Yes,Yes,67,Yes,No,Fiber optic,Yes,No,No,Yes,Yes,Yes,Month-to-month,Yes,Mailed check,86.39,5905.16,No
Male,0,Yes,No,2,Yes,Yes,Fiber optic,Yes,Yes,No,Yes,No,Yes,Two year,Yes,Electronic check,97.31,182.75,Yes
Female,1,Yes,No,27,Yes,Yes,Fiber optic,No,No,No,No,Yes,No,Month-to-month,Yes,Mailed check,82.64,2288.69,Yes
Female,0,Yes,Yes,11,Yes,Yes,Fiber optic,No,No,No,No,Yes,Yes,Month-to-month,Yes,Electronic check,90.96,957.95,Yes
Male,1,No,No,65,Yes,Yes,DSL,No,Yes,No,Yes,Yes,No,Two year,Yes,Electronic check,69.51,4718.52,No
Female,0,No,Yes,35,Yes,No,No,No internet service,No internet service,No internet service,No internet service,No internet service,No internet service,Month-to-month,No,Credit card (automatic),22.15,757.95,No
Female,0,Yes,Yes,13,Yes,Yes,Fiber optic,No,No,No,Yes,No,Yes,One year,No,Electronic check,83.73,1035.93,No
Male,0,Yes,No,54,Yes,No,Fiber optic,Yes,No,Yes,No,No,No,Month-to-month,Yes,Bank transfer (automatic),76.62,3892.22,Yes
Male,0,No,No,67,Yes,Yes,Fiber optic,No,Yes,No,No,No,No,Two year,Yes,Bank transfer (automatic),77.28,4844.2,No
Male,1,Yes,Yes,68,Yes,No,Fiber optic,Yes,No,Yes,No,No,No,Month-to-month,Yes,Bank transfer (automatic),79.98,4949.28,Yes
Female,0,No,No,11,Yes,No,Fiber optic,No,No,Yes,Yes,No,Yes,Month-to-month,Yes,Mailed check,87.23,894.77,Yes
Female,0,Yes,No,56,Yes,No,DSL,No,No,No,Yes,No,Yes,Two year,No,Electronic check,53.75,3155.94,No
Male,0,Yes,No,29,Yes,Yes,DSL,No,Yes,Yes,No,No,Yes,Two year,No,Bank transfer (automatic),67.34,1830.47,No
Male,0,No,No,53,No,No phone service,Fiber optic,Yes,Yes,Yes,No,Yes,Yes,One year,Yes,Electronic check,69.27,3813.16,No
Female,0,No,Yes,28,Yes,Yes,DSL,Yes,No,No,Yes,No,Yes,Two year,No,Bank transfer (automatic),66.7,1776.38,No
Male,1,Yes,No,16,Yes,No,Fiber optic,Yes,No,No,No,Yes,No,One year,No,Mailed check,78.29,1284.35,No
Male,1,No,No,54,No,No phone service,DSL,Yes,No,Yes,Yes,Yes,No,One year,No,Bank transfer (automatic),,2832.83,No
Male,0,Yes,Yes,58,Yes,No,Fiber optic,No,No,Yes,No,No,Yes,Month-to-month,Yes,Electronic check,76.18,4668.42,Yes
Male,0,No,No,16,Yes,No,No,No internet service,No internet service,No internet service,No internet service,No internet service,No internet service,One year,Yes,Mailed check,23.01,350.94,No
Female,0,Yes,No,30,Yes,No,DSL,No,No,No,No,No,No,Month-to-month,No,Bank transfer (automatic),50.22,1474.12,No
Male,0,Yes,Yes,63,Yes,No,No,No internet service,No internet service,No internet service,No internet service,No internet service,No internet service,Month-to-month,Yes,Mailed check,18.89,1114.15,No
Female,0,Yes,No,3,Yes,Yes,Fiber optic,No,Yes,Yes,No,Yes,No,Month-to-month,No,Electronic check,90.71,256.94,Yes
Female,1,Yes,No,10,Yes,Yes,No,No internet service,No internet service,No internet service,No internet service,No internet service,No internet service,Month-to-month,Yes,Bank transfer (automatic),21.82,207.61,Yes
Male,1,No,No,26,Yes,No,DSL,Yes,No,No,Yes,No,Yes,One year,No,Bank transfer (automatic),64.04,1594.75,No
Male,1,No,Yes,42,No,No phone service,DSL,Yes,Yes,No,No,Yes,Yes,One year,No,Electronic check,52.56,2062.1,No
Male,0,No,No,15,Yes,No,Fiber optic,No,No,Yes,No,No,No,Month-to-month,Yes,Electronic check,72.11,1107.97,Yes
Male,0,No,No,63,Yes,Yes,Fiber optic,No,No,No,No,No,Yes,Month-to-month,Yes,Credit card (automatic),80.62,5284.65,No
Male,0,No,No,1,Yes,Yes,DSL,Yes,No,Yes,No,Yes,Yes,One year,Yes,Bank transfer (automatic),76.79,77.47,Yes
Female,0,No,No,0,No,No phone service,Fiber optic,No,No,No,No,Yes,No,Month-to-month,Yes,Credit card (automatic),50.37,0.0,Yes
Male,0,Yes,No,56,Yes,No,Fiber optic,No,No,Yes,No,No,No,Month-to-month,Yes,Credit card (automatic),73.33,3929.67,Yes
Female,0,Yes,No,66,Yes,No,Fiber optic,Yes,No,No,No,Yes,Yes,Month-to-month,Yes,Electronic check,83.87,5397.9,Yes
Female,1,Yes,No,45,Yes,Yes,DSL,No,Yes,No,No,No,No,Month-to-month,Yes,Bank transfer (automatic),62.56,2570.97,Yes
Female,0,Yes,No,21,Yes,Yes,Fiber optic,Yes,No,Yes,No,Yes,Yes,Two year,Yes,Mailed check,91.55,1864.23,No
Male,0,No,No,37,Yes,Yes,Fiber optic,Yes,No,Yes,No,Yes,Yes,Two year,Yes,Mailed check,94.28,3373.95,No
Female,0,Yes,No,71,Yes,Yes,Fiber optic,Yes,Yes,Yes,Yes,No,Yes,Month-to-month,No,Electronic check,90.48,6654.87,Yes
Male,0,Yes,No,18,Yes,Yes,DSL,Yes,Yes,No,No,Yes,No,Month-to-month,Yes,Credit card (automatic),68.39,1246.02,No
Male,0,Yes,No,3,Yes,No,Fiber optic,Yes,No,Yes,Yes,Yes,No,Month-to-month,Yes,Bank transfer (automatic),94.49,293.29,Yes
Male,0,Yes,No,40,Yes,No,DSL,No,No,No,Yes,Yes,No,Two year,No,Electronic check,57.41,2257.37,No
Male,0,No,Yes,38,Yes,Yes,DSL,No,Yes,No,No,No,Yes,Month-to-month,No,Electronic check,68.75,2727.11,No
Female,0,No,No,62,Yes,No,DSL,No,Yes,Yes,No,Yes,Yes,Month-to-month,Yes,Mailed check,72.12,4275.69,Yes
Female,0,Yes,Yes,19,Yes,Yes,Fiber optic,Yes,No,Yes,No,Yes,No,Month-to-month,Yes,Bank transfer (automatic),86.32,1623.53,No
Male,0,No,No,34,Yes,No,Fiber optic,Yes,No,No,Yes,No,Yes,Month-to-month,Yes,Bank transfer (automatic),80.99,2754.89,No
Male,0,Yes,Yes,36,Yes,No,DSL,Yes,No,Yes,Yes,No,No,Month-to-month,Yes,Electronic check,62.63,2384.34,No
Male,0,Yes,No,8,Yes,No,Fiber optic,No,Yes,No,No,No,No,Month-to-month,No,Mailed check,73.93,618.9,Yes
Male,0,No,No,26,Yes,No,No,No internet service,No internet service,No internet service,No internet service,No internet service,No internet service,One year,No,Mailed check,18.17,496.33,No
Male,1,No,No,1,Yes,No,DSL,Yes,Yes,No,Yes,Yes,Yes,Two year,No,Mailed check,75.49,70.92,Yes
Male,0,No,No,5,Yes,No,Fiber optic,No,Yes,No,No,No,No,Month-to-month,No,Bank transfer (automatic),74.85,365.83,Yes
Male,1,Yes,Yes,39,Yes,No,DSL,No,No,No,Yes,Yes,No,Two year,Yes,Electronic check,60.13,2292.17,No
Female,0,No,No,28,Yes,Yes,No,No internet service,No internet service,No internet service,No internet service,No internet service,No internet service,Month-to-month,No,Credit card (automatic),27.4,791.29,No
Female,0,No,No,45,Yes,No,Fiber optic,Yes,Yes,Yes,No,Yes,Yes,Two year,Yes,Mailed check,91.49,4299.97,No
Male,0,No,No,9,Yes,Yes,Fiber optic,No,No,Yes,Yes,Yes,No,Month-to-month,Yes,Credit card (automatic),86.81,793.11,Yes
Male,0,No,No,53,Yes,No,DSL,Yes,Yes,No,Yes,Yes,Yes,Two year,Yes,Credit card (automatic),70.51,3535.41,No
Male,0,Yes,No,62,Yes,No,DSL,Yes,Yes,Yes,No,No,Yes,One year,Yes,Credit card (automatic),70.96,4413.85,No
Female,0,No,Yes,38,Yes,Yes,Fiber optic,No,Yes,Yes,No,No,No,Month-to-month,Yes,Electronic check,82.13,3249.18,Yes
Female,0,Yes,Yes,53,Yes,No,No,No internet service,No internet service,No internet service,No internet service,No internet service,No internet service,Two year,No,Bank transfer (automatic),16.0,873.54,No
Female,0,Yes,Yes,13,Yes,No,Fiber optic,Yes,Yes,No,No,Yes,No,Month-to-month,Yes,Mailed check,83.26,1002.4,Yes
Female,0,No,No,24,Yes,Yes,No,No internet service,No internet service,No internet service,No internet service,No internet service,No internet service,One year,Yes,Mailed check,18.96,479.75,No
Female,0,No,No,34,Yes,Yes,Fiber optic,Yes,No,No,Yes,No,No,Two year,No,Electronic check,80.37,2653.67,No
Female,0,No,No,30,Yes,No,No,No internet service,No internet service,No internet service,No internet service,No internet service,No internet service,Two year,No,Electronic check,15.6,445.46,No
Female,0,No,No,1,Yes,Yes,No,No internet service,No internet service,No internet service,No internet service,No internet service,No internet service,Two year,No,Bank transfer (automatic),24.73,25.84,No
Male,1,Yes,No,15,Yes,Yes,Fiber optic,Yes,Yes,Yes,Yes,Yes,No,Two year,Yes,Credit card (automatic),97.85,1411.16,No
Male,0,No,No,25,No,No phone service,DSL,Yes,Yes,Yes,No,No,No,One year,Yes,Bank transfer (automatic),44.78,1097.37,Yes
Female,0,Yes,Yes,51,Yes,Yes,DSL,Yes,Yes,Yes,No,No,No,Month-to-month,Yes,Electronic check,69.16,3371.17,Yes
Female,0,Yes,No,18,Yes,Yes,DSL,No,Yes,Yes,No,Yes,No,Month-to-month,No,Mailed check,64.29,1096.9,Yes
Female,0,No,Yes,33,Yes,No,No,No internet service,No internet service,No internet service,No internet service,No internet service,No internet service,Month-to-month,No,Bank transfer (automatic),19.52,619.65,No
Male,0,Yes,Yes,55,Yes,No,DSL,No,No,No,No,No,No,Month-to-month,No,Credit card (automatic),48.26,2610.63,No
Male,0,Yes,No,6,Yes,Yes,Fiber optic,No,Yes,No,Yes,No,No,Month-to-month,Yes,Credit card (automatic),82.46,487.21,Yes
Male,1,Yes,No,13,Yes,No,No,No internet service,No internet service,No internet service,No internet service,No internet service,No internet service,One year,No,Bank transfer (automatic),20.11,276.37,Yes
Female,1,Yes,No,55,Yes,No,Fiber optic,No,No,Yes,No,No,No,Month-to-month,No,Credit card (automatic),74.23,3806.58,No
Female,0,Yes,Yes,55,Yes,Yes,No,No internet service,No internet service,No internet service,No internet service,No internet service,No internet service,Month-to-month,No,Electronic check,21.59,1164.6,No
Female,0,No,No,13,Yes,No,Fiber optic,Yes,Yes,Yes,No,Yes,No,One year,No,Bank transfer (automatic),94.55,1144.03,No
Female,0,No,No,28,Yes,Yes,DSL,No,No,No,No,No,No,Month-to-month,Yes,Electronic check,58.99,1612.61,No
Male,0,Yes,No,38,Yes,No,Fiber optic,Yes,No,No,Yes,Yes,No,Two year,No,Credit card (automatic),81.32,3138.18,No
Female,1,No,No,1,Yes,No,Fiber optic,No,No,No,No,No,Yes,Month-to-month,No,Electronic check,72.79,73.22,Yes
Male,0,Yes,No,53,Yes,No,DSL,No,Yes,No,Yes,No,Yes,Two year,No,Electronic check,60.32,3002.26,No
Female,0,Yes,No,10,Yes,Yes,Fiber optic,Yes,No,No,No,Yes,Yes,Two year,Yes,Electronic check,89.99,832.32,No
Male,1,Yes,No,60,No,No phone service,No,No internet service,No internet service,No internet service,No internet service,No internet service,No internet service,Month-to-month,No,Electronic check,10.0,568.27,Yes
Female,0,No,No,6,Yes,Yes,No,No internet service,No internet service,No internet service,No internet service,No internet service,No internet service,Two year,No,Bank transfer (automatic),18.62,113.16,No
Male,0,No,Yes,4,Yes,Yes,Fiber optic,Yes,No,Yes,Yes,Yes,No,One year,Yes,Credit card (automatic),94.64,370.09,Yes
Female,0,Yes,No,68,Yes,No,Fiber optic,Yes,Yes,Yes,No,No,Yes,Month-to-month,Yes,Bank transfer (automatic),88.36,5550.45,No
Female,0,No,Yes,5,Yes,No,Fiber optic,No,No,No,Yes,No,Yes,Month-to-month,Yes,Credit card (automatic),79.43,420.02,Yes
Female,0,No,No,56,Yes,No,Fiber optic,Yes,No,No,No,No,Yes,Month-to-month,Yes,Bank transfer (automatic),74.39,4088.6,Yes
Female,0,Yes,No,12,No,No phone service,DSL,No,Yes,Yes,No,No,No,Month-to-month,No,Mailed check,41.1,489.29,Yes
Female,0,No,No,62,Yes,No,Fiber optic,Yes,No,No,No,No,Yes,Month-to-month,Yes,Credit card (automatic),81.46,4965.79,No
Male,1,Yes,Yes,52,Yes,Yes,DSL,No,Yes,No,Yes,Yes,Yes,Month-to-month,No,Credit card (automatic),69.52,3649.19,No
Male,0,Yes,No,44,Yes,Yes,Fiber optic,No,No,Yes,Yes,Yes,No,Two year,No,Mailed check,88.17,3970.33,No
Male,0,Yes,No,7,Yes,Yes,Fiber optic,No,No,No,No,Yes,Yes,Month-to-month,Yes,Credit card (automatic),84.54,545.0,Yes
Female,1,No,No,72,Yes,Yes,DSL,No,No,Yes,Yes,Yes,No,One year,No,Electronic check,71.99,5187.39,No
Male,1,Yes,No,69,Yes,No,DSL,Yes,No,No,No,No,No,One year,Yes,Electronic check,52.67,3642.18,No
Male,0,No,No,25,Yes,No,Fiber optic,Yes,Yes,No,No,No,No,Month-to-month,No,Electronic check,81.97,2003.71,Yes
Male,1,No,Yes,42,Yes,No,No,No internet service,No internet service,No internet service,No internet service,No internet service,No internet service,Month-to-month,No,Mailed check,13.6,541.3,No
Female,0,Yes,No,6,Yes,No,Fiber optic,Yes,No,No,Yes,No,No,Month-to-month,Yes,Mailed check,76.45,442.42,Yes
Male,0,Yes,No,23,Yes,Yes,DSL,Yes,Yes,No,No,Yes,No,One year,No,Bank transfer (automatic),64.68,1371.14,No
Male,0,No,No,35,Yes,Yes,DSL,Yes,No,Yes,Yes,Yes,No,One year,No,Credit card (automatic),78.69,2885.9,No
Female,0,No,No,58,Yes,No,DSL,Yes,No,No,No,No,No,Month-to-month,No,Electronic check,48.07,2858.53,Yes
Female,0,No,No,9,Yes,No,Fiber optic,No,Yes,Yes,Yes,No,No,Month-to-month,Yes,Electronic check,86.55,742.57,Yes
Female,0,Yes,No,22,No,No phone service,DSL,Yes,No,No,No,No,No,Month-to-month,Yes,Electronic check,32.91,691.73,Yes
Male,1,No,Yes,1,No,No phone service,DSL,Yes,No,No,Yes,No,Yes,Month-to-month,Yes,Bank transfer (automatic),44.91,46.81,Yes
Male,0,No,No,49,Yes,No,Fiber optic,Yes,No,Yes,Yes,Yes,Yes,One year,Yes,Electronic check,89.05,4234.73,No
Male,0,Yes,Yes,66,Yes,Yes,DSL,No,No,Yes,No,Yes,No,Month-to-month,No,Bank transfer (automatic),66.96,4526.93,Yes
Male,1,Yes,Yes,57,Yes,Yes,DSL,Yes,No,No,Yes,No,No,Month-to-month,No,Credit card (automatic),,3706.12,No
Male,0,Yes,Yes,3,Yes,Yes,DSL,Yes,No,No,No,No,Yes,Month-to-month,No,Bank transfer (automatic),59.92,166.47,Yes
Female,0,No,No,12,Yes,Yes,No,No internet service,No internet service,No internet service,No internet service,No internet service,No internet service,One year,No,Electronic check,23.5,278.02,No
Female,0,No,No,27,Yes,No,No,No internet service,No internet service,No internet service,No internet service,No internet service,No internet service,Month-to-month,No,Mailed check,21.55,565.7,No
Male,0,No,Yes,42,Yes,No,DSL,Yes,Yes,Yes,Yes,No,No,Two year,Yes,Mailed check,64.03,2598.31,No
Female,0,No,No,38,Yes,Yes,DSL,Yes,Yes,No,Yes,No,Yes,One year,Yes,Electronic check,73.75,2581.45,No
Female,1,No,No,63,Yes,Yes,No,No internet service,No internet service,No internet service,No internet service,No internet service,No internet service,One year,Yes,Electronic check,25.21,1680.33,No
Female,0,No,No,8,Yes,Yes,DSL,No,No,No,No,No,No,Month-to-month,Yes,Electronic check,51.33,433.4,No
Female,0,Yes,Yes,67,Yes,Yes,No,No internet service,No internet service,No internet service,No internet service,No internet service,No internet service,Month-to-month,No,Credit card (automatic),18.76,1290.04,No
Female,0,No,No,11,Yes,Yes,Fiber optic,Yes,Yes,No,Yes,Yes,Yes,Two year,Yes,Electronic check,100.15,1101.9,No
Male,0,No,Yes,9,Yes,No,Fiber optic,No,No,Yes,No,No,Yes,Month-to-month,Yes,Credit card (automatic),81.03,729.18,Yes
Male,0,No,No,58,Yes,Yes,DSL,No,No,Yes,Yes,No,No,Month-to-month,Yes,Credit card (automatic),59.58,,Yes
Male,0,Yes,No,71,Yes,Yes,No,No internet service,No internet service,No internet service,No internet service,No internet service,No internet service,Two year,No,Electronic check,25.15,1656.3,No
Male,0,No,No,16,Yes,Yes,No,No internet service,No internet service,No internet service,No internet service,No internet service,No internet service,Month-to-month,Yes,Bank transfer (automatic),27.27,424.03,No
Female,0,No,No,37,Yes,No,Fiber optic,Yes,Yes,No,No,Yes,No,One year,Yes,Credit card (automatic),83.68,3244.25,No
Male,1,Yes,Yes,43,Yes,Yes,Fiber optic,No,No,No,No,Yes,No,Month-to-month,No,Bank transfer (automatic),75.99,3034.87,No
Female,0,Yes,No,51,Yes,No,No,No internet service,No internet service,No internet service,No internet service,No internet service,No internet service,Month-to-month,No,Electronic check,17.67,931.94,No
Female,0,No,No,25,Yes,No,DSL,Yes,No,No,No,Yes,Yes,Month-to-month,No,Mailed check,58.41,1375.97,Yes
Male,0,Yes,Yes,13,Yes,Yes,No,No internet service,No internet service,No internet service,No internet service,No internet service,No internet service,Two year,No,Mailed check,19.83,269.01,No
Male,0,No,Yes,25,Yes,Yes,Fiber optic,Yes,No,Yes,Yes,No,No,Month-to-month,Yes,Credit card (automatic),89.28,2116.15,Yes
Male,0,Yes,Yes,69,Yes,No,No,No internet service,No internet service,No internet service,No internet service,No internet service,No internet service,Month-to-month,No,Bank transfer (automatic),18.05,1150.18,No
Male,0,No,No,9,Yes,Yes,Fiber optic,Yes,Yes,Yes,Yes,No,Yes,Two year,Yes,Bank transfer (automatic),95.97,871.99,No
Female,0,No,No,42,Yes,No,DSL,No,No,No,Yes,No,No,Month-to-month,Yes,Electronic check,50.76,1964.42,No
Male,1,No,Yes,23,Yes,No,No,No internet service,No internet service,No internet service,No internet service,No internet service,No internet service,One year,Yes,Credit card (automatic),14.27,341.21,No
Male,0,No,No,10,Yes,Yes,DSL,Yes,No,Yes,No,No,No,Month-to-month,Yes,Electronic check,63.85,650.59,No
Female,1,Yes,No,68,Yes,Yes,Fiber optic,No,No,Yes,No,No,No,Month-to-month,Yes,Bank transfer (automatic),82.71,5628.93,Yes
Female,0,No,No,38,Yes,No,No,No internet service,No internet service,No internet service,No internet service,No internet service,No internet service,Two year,No,Mailed check,15.67,570.9,No
Female,0,No,No,60,Yes,No,DSL,No,No,No,No,Yes,No,Month-to-month,Yes,Electronic check,57.22,3531.59,No
Female,0,Yes,No,70,No,No phone service,Fiber optic,No,Yes,No,No,Yes,No,Two year,Yes,Bank transfer (automatic),59.67,4114.51,No
Male,0,Yes,Yes,35,Yes,No,No,No internet service,No internet service,No internet service,No internet service,No internet service,No internet service,Month-to-month,No,Electronic check,18.19,644.48,No
Male,0,No,No,17,Yes,Yes,Fiber optic,No,Yes,Yes,No,Yes,No,One year,No,Mailed check,90.8,1615.33,No
Female,0,No,No,13,Yes,Yes,No,No internet service,No internet service,No internet service,No internet service,No internet service,No internet service,Month-to-month,No,Electronic check,22.11,275.57,No
Male,0,Yes,No,66,Yes,Yes,No,No internet service,No internet service,No internet service,No internet service,No internet service,No internet service,One year,No,Bank transfer (automatic),27.26,1752.95,No
Male,0,Yes,Yes,3,Yes,No,Fiber optic,Yes,No,No,Yes,No,No,Month-to-month,Yes,Credit card (automatic),71.9,214.36,Yes
Male,1,Yes,Yes,71,Yes,No,DSL,Yes,No,Yes,Yes,No,No,One year,No,Credit card (automatic),56.62,3775.97,No
Male,0,No,No,53,Yes,Yes,Fiber optic,Yes,Yes,Yes,Yes,Yes,No,One year,No,Bank transfer (automatic),98.35,5060.77,No
Male,1,No,No,22,Yes,No,DSL,No,Yes,No,No,No,No,Two year,No,Credit card (automatic),48.38,1098.53,No
Male,1,Yes,Yes,50,Yes,Yes,No,No internet service,No internet service,No internet service,No internet service,No internet service,No internet service,Month-to-month,No,Bank transfer (automatic),26.53,1360.18,No
Male,1,Yes,Yes,8,Yes,No,DSL,No,Yes,Yes,No,No,No,Two year,Yes,Bank transfer (automatic),60.58,476.55,No
Male,0,No,No,1,Yes,Yes,Fiber optic,Yes,No,Yes,Yes,Yes,No,Month-to-month,Yes,Credit card (automatic),89.2,82.63,Yes
Female,0,Yes,Yes,67,Yes,Yes,Fiber optic,Yes,Yes,No,No,Yes,Yes,Two year,No,Mailed check,89.2,5742.64,No
Male,0,No,No,60,Yes,Yes,Fiber optic,Yes,Yes,Yes,Yes,Yes,Yes,One year,Yes,Electronic check,106.01,6736.42,No
Female,0,Yes,No,0,Yes,Yes,Fiber optic,Yes,No,Yes,No,Yes,Yes,Two year,No,Electronic check,96.13,0.0,Yes
Male,1,Yes,No,60,Yes,No,DSL,No,No,Yes,No,No,No,Month-to-month,Yes,Credit card (automatic),53.59,3350.63,Yes
Male,0,No,No,5,Yes,No,Fiber optic,Yes,Yes,No,Yes,Yes,Yes,Two year,Yes,Bank transfer (automatic),93.63,461.86,Yes
Male,0,No,No,48,Yes,Yes,DSL,Yes,No,Yes,No,No,No,Month-to-month,No,Mailed check,62.97,3160.72,No
Male,0,No,No,36,Yes,No,Fiber optic,No,Yes,Yes,No,No,Yes,Two year,Yes,Credit card (automatic),83.94,3028.77,No
Male,0,No,Yes,63,Yes,No,Fiber optic,No,Yes,No,No,No,No,Month-to-month,Yes,Mailed check,68.57,4025.91,No
Female,0,No,No,6,Yes,No,DSL,No,No,Yes,No,No,Yes,Month-to-month,No,Credit card (automatic),58.73,330.59,No
Male,1,No,Yes,72,Yes,No,No,No internet service,No internet service,No internet service,No internet service,No internet service,No internet service,Month-to-month,No,Electronic check,16.98,1176.4,No
Male,0,No,No,19,Yes,Yes,No,No internet service,No internet service,No internet service,No internet service,No internet service,No internet service,Month-to-month,Yes,Bank transfer (automatic),28.69,570.35,No
Male,0,No,Yes,20,Yes,Yes,DSL,No,Yes,No,Yes,Yes,No,Two year,No,Credit card (automatic),65.14,1304.51,No
Male,0,Yes,Yes,0,Yes,No,DSL,Yes,No,No,No,No,No,Month-to-month,No,Electronic check,54.27,0.0,Yes
Female,1,No,No,54,Yes,No,Fiber optic,No,No,No,No,Yes,Yes,Month-to-month,Yes,Bank transfer (automatic),77.58,3898.12,No
Female,0,Yes,No,42,Yes,No,Fiber optic,Yes,No,No,No,No,Yes,Month-to-month,Yes,Electronic check,74.81,3297.11,Yes
Male,0,Yes,Yes,56,Yes,Yes,DSL,No,No,No,Yes,Yes,No,Two year,No,Mailed check,64.48,3406.41,No
Female,0,No,No,13,Yes,Yes,Fiber optic,No,Yes,No,No,No,No,Month-to-month,No,Electronic check,72.68,880.71,Yes
Male,0,No,Yes,5,Yes,Yes,Fiber optic,No,Yes,No,Yes,No,No,Month-to-month,Yes,Credit card (automatic),81.59,373.07,Yes
Female,0,No,No,0,Yes,No,DSL,Yes,No,No,No,No,Yes,Two year,Yes,Mailed check,62.37,0.0,No
Male,0,No,No,40,Yes,No,Fiber optic,No,No,No,No,No,No,Month-to-month,No,Credit card (automatic),71.85,2938.48,Yes
Male,1,Yes,No,16,Yes,Yes,No,No internet service,No internet service,No internet service,No internet service,No internet service,No internet service,One year,Yes,Credit card (automatic),21.42,363.11,No
Male,1,No,Yes,46,Yes,Yes,Fiber optic,Yes,No,Yes,Yes,Yes,Yes,One year,Yes,Electronic check,100.38,4264.06,No
Female,0,No,No,14,Yes,Yes,Fiber optic,Yes,No,Yes,No,Yes,Yes,Two year,No,Bank transfer (automatic),94.36,1238.16,Yes
Female,0,No,Yes,67,Yes,Yes,No,No internet service,No internet service,No internet service,No internet service,No internet service,No internet service,Month-to-month,Yes,Electronic check,22.96,1544.52,No
Male,0,Yes,No,16,Yes,Yes,Fiber optic,No,No,No,No,No,Yes,Month-to-month,Yes,Bank transfer (automatic),77.35,1298.13,Yes
Male,0,No,No,50,Yes,Yes,DSL,Yes,No,No,Yes,No,Yes,One year,Yes,Credit card (automatic),70.93,3267.76,No
Male,0,No,No,38,No,No phone service,No,No internet service,No internet service,No internet service,No internet service,No internet service,No internet service,Month-to-month,No,Credit card (automatic),10.0,366.34,No
Female,0,No,No,20,Yes,No,No,No internet service,No internet service,No internet service,No internet service,No internet service,No internet service,Two year,Yes,Electronic check,23.31,427.64,No
Female,0,Yes,No,31,Yes,No,Fiber optic,Yes,No,No,Yes,No,Yes,Two year,Yes,Bank transfer (automatic),85.8,2544.06,No
Female,0,Yes,No,8,Yes,Yes,Fiber optic,No,No,No,No,No,No,Month-to-month,Yes,Electronic check,73.88,563.88,Yes
Female,1,No,No,55,No,No phone service,Fiber optic,Yes,No,Yes,Yes,No,Yes,One year,Yes,Electronic check,69.62,3740.55,No
Female,0,No,Yes,6,Yes,Yes,Fiber optic,Yes,Yes,Yes,Yes,No,No,Month-to-month,Yes,Mailed check,99.32,597.64,Yes
Female,0,No,No,27,Yes,No,Fiber optic,No,Yes,No,Yes,Yes,No,One year,Yes,Credit card (automatic),84.43,2319.16,Yes
Male,0,No,No,53,No,No phone service,No,No internet service,No internet service,No internet service,No internet service,No internet service,No internet service,Month-to-month,No,Mailed check,10.0,504.43,No
Female,0,No,Yes,71,Yes,No,Fiber optic,No,No,No,No,Yes,Yes,Two year,No,Electronic check,77.02,5611.25,No
Male,0,No,No,32,Yes,No,Fiber optic,No,No,No,No,No,No,Month-to-month,No,Electronic check,65.28,2040.78,Yes
Male,0,No,No,19,Yes,Yes,DSL,No,No,No,No,Yes,No,Month-to-month,Yes,Electronic check,55.8,1069.92,Yes
Male,0,Yes,No,6,Yes,No,No,No internet service,No internet service,No internet service,No internet service,No internet service,No internet service,Month-to-month,No,Credit card (automatic),20.16,111.91,No
Male,0,Yes,No,18,Yes,No,No,No internet service,No internet service,No internet service,No internet service,No internet service,No internet service,Month-to-month,No,Credit card (automatic),20.65,393.66,Yes
Female,0,Yes,Yes,48,No,No phone service,DSL,No,No,No,No,Yes,Yes,Month-to-month,No,Electronic check,35.04,1774.98,No
Male,1,No,No,59,Yes,No,Fiber optic,No,No,Yes,Yes,No,No,Month-to-month,Yes,Credit card (automatic),74.98,4032.16,Yes
Male,0,No,No,16,Yes,No,DSL,Yes,Yes,No,No,No,No,Month-to-month,No,Bank transfer (automatic),55.39,830.31,Yes
Male,0,Yes,No,32,Yes,No,No,No internet service,No internet service,No internet service,No internet service,No internet service,No internet service,Month-to-month,Yes,Credit card (automatic),15.42,522.7,No
Female,0,Yes,No,8,Yes,No,DSL,No,No,No,No,No,No,Month-to-month,No,Electronic check,52.4,443.32,No
Female,0,No,No,53,Yes,Yes,No,No internet service,No internet service,No internet service,No internet service,No internet service,No internet service,Two year,No,Electronic check,23.2,1301.93,No
Male,0,No,No,38,Yes,Yes,DSL,No,Yes,Yes,Yes,No,No,Two year,No,Bank transfer (automatic),68.23,2744.35,No
Female,0,Yes,Yes,2,No,No phone service,DSL,Yes,No,Yes,Yes,No,Yes,Two year,Yes,Credit card (automatic),49.09,89.76,No
Male,0,No,No,11,Yes,No,Fiber optic,Yes,Yes,No,Yes,No,No,One year,Yes,Bank transfer (automatic),81.2,819.63,No
Female,0,Yes,No,3,Yes,Yes,DSL,Yes,Yes,No,Yes,Yes,No,Month-to-month,Yes,Mailed check,78.86,245.26,Yes
Male,0,No,No,70,Yes,No,DSL,No,No,Yes,No,Yes,Yes,One year,No,Mailed check,60.31,4275.3,No
Male,0,Yes,No,45,Yes,Yes,Fiber optic,No,No,Yes,No,No,No,Month-to-month,Yes,Mailed check,78.99,3488.35,Yes
Female,0,No,No,37,Yes,No,No,No internet service,No internet service,No internet service,No internet service,No internet service,No internet service,Two year,No,Mailed check,14.36,520.69,No
Male,0,No,Yes,15,Yes,Yes,DSL,No,No,No,No,No,Yes,Month-to-month,Yes,Electronic check,51.14,713.89,Yes
Male,1,No,No,28,Yes,No,Fiber optic,No,Yes,No,No,Yes,Yes,One year,Yes,Bank transfer (automatic),83.54,2200.67,Yes
Female,0,No,No,32,Yes,No,DSL,No,No,Yes,No,Yes,Yes,One year,No,Credit card (automatic),60.77,1929.71,No
Female,1,Yes,No,39,Yes,No,No,No internet service,No internet service,No internet service,No internet service,No internet service,No internet service,Two year,No,Bank transfer (automatic),15.99,591.58,No
Female,0,Yes,Yes,53,Yes,Yes,No,No internet service,No internet service,No internet service,No internet service,No internet service,No internet service,One year,Yes,Electronic check,20.05,1058.22,No
Male,0,Yes,No,30,Yes,No,No,No internet service,No internet service,No internet service,No internet service,No internet service,No internet service,One year,Yes,Bank transfer (automatic),24.0,738.31,No
Female,0,Yes,No,0,Yes,Yes,Fiber optic,No,Yes,No,No,Yes,Yes,Month-to-month,Yes,Electronic check,87.97,0.0,Yes
Male,0,No,No,32,Yes,No,No,No internet service,No internet service,No internet service,No internet service,No internet service,No internet service,Two year,No,Credit card (automatic),22.55,720.33,No
Male,0,No,Yes,66,No,No phone service,No,No internet service,No internet service,No internet service,No internet service,No internet service,No internet service,One year,No,Bank transfer (automatic),10.0,663.05,No
Male,1,No,No,67,Yes,Yes,DSL,Yes,No,No,No,No,No,Month-to-month,Yes,Electronic check,62.46,4184.11,No
Female,0,Yes,Yes,64,Yes,Yes,Fiber optic,No,No,Yes,No,No,No,Month-to-month,Yes,Electronic check,76.95,5016.47,No
Female,0,No,No,59,Yes,No,No,No internet service,No internet service,No internet service,No internet service,No internet service,No internet service,Month-to-month,Yes,Electronic check,21.9,1303.76,Yes
Female,0,No,No,35,No,No phone service,DSL,No,No,No,No,No,No,Month-to-month,No,Credit card (automatic),28.57,1002.53,No
Female,0,No,Yes,22,Yes,No,Fiber optic,Yes,Yes,No,Yes,No,No,Two year,No,Electronic check,83.38,1766.6,No
Female,0,Yes,Yes,42,Yes,No,DSL,No,No,No,No,No,Yes,Month-to-month,Yes,Electronic check,50.73,2190.64,Yes
Male,0,Yes,Yes,29,Yes,Yes,No,No internet service,No internet service,No internet service,No internet service,No internet service,No internet service,Two year,No,Electronic check,23.59,684.19,No
Female,0,No,No,10,Yes,Yes,Fiber optic,Yes,Yes,No,Yes,No,Yes,Two year,Yes,Credit card (automatic),91.67,908.61,No
Male,0,Yes,Yes,49,Yes,Yes,DSL,Yes,Yes,No,No,Yes,No,Month-to-month,No,Electronic check,66.44,2970.47,Yes
Male,0,No,No,48,Yes,Yes,DSL,Yes,Yes,No,Yes,Yes,No,Month-to-month,No,Bank transfer (automatic),72.17,3213.11,No
Female,0,Yes,Yes,70,Yes,No,Fiber optic,Yes,No,No,No,No,No,Month-to-month,Yes,Credit card (automatic),74.38,4888.27,No
Male,0,No,No,61,Yes,No,No,No internet service,No internet service,No internet service,No internet service,No internet service,No internet service,Two year,No,Bank transfer (automatic),18.79,1044.74,No
Male,0,No,No,2,Yes,No,Fiber optic,No,No,Yes,No,No,No,Month-to-month,Yes,Bank transfer (automatic),69.27,145.02,Yes
Female,1,No,No,25,Yes,No,No,No internet service,No internet service,No internet service,No internet service,No internet service,No internet service,One year,Yes,Electronic check,19.68,452.06,Yes
Female,0,No,No,2,Yes,Yes,Fiber optic,No,No,No,Yes,No,No,Month-to-month,Yes,Mailed check,81.69,166.07,Yes
Female,0,Yes,No,26,Yes,Yes,Fiber optic,No,No,No,No,No,No,Month-to-month,No,Bank transfer (automatic),70.76,1741.52,Yes
Female,0,Yes,No,29,Yes,Yes,DSL,Yes,Yes,No,No,No,Yes,Two year,No,Mailed check,,1800.98,No
Male,1,No,No,25,Yes,No,No,No internet service,No internet service,No internet service,No internet service,No internet service,No internet service,One year,No,Electronic check,15.95,408.35,No
Male,0,No,No,36,Yes,Yes,Fiber optic,No,No,Yes,No,Yes,Yes,Month-to-month,Yes,Bank transfer (automatic),83.89,3168.37,Yes
Male,1,Yes,No,48,Yes,Yes,DSL,Yes,No,Yes,Yes,Yes,No,Two year,Yes,Electronic check,74.5,3516.07,No
Male,0,No,No,54,Yes,Yes,No,No internet service,No internet service,No internet service,No internet service,No internet service,No internet service,Month-to-month,Yes,Credit card (automatic),26.24,1439.36,No
Male,0,Yes,Yes,12,Yes,Yes,DSL,No,Yes,Yes,Yes,No,No,Two year,Yes,Electronic check,66.85,817.48,Yes
Female,0,No,No,18,Yes,No,DSL,Yes,No,Yes,No,Yes,Yes,One year,No,Bank transfer (automatic),66.79,1240.4,No
Male,0,Yes,Yes,45,Yes,Yes,Fiber optic,Yes,No,Yes,No,No,No,Month-to-month,No,Electronic check,82.08,3738.46,Yes
Male,0,No,Yes,12,Yes,No,Fiber optic,Yes,Yes,No,No,No,No,Month-to-month,Yes,Bank transfer (automatic),78.57,862.1,Yes
Male,0,No,No,66,Yes,Yes,DSL,Yes,Yes,No,No,No,Yes,Two year,Yes,Credit card (automatic),69.62,4630.74,No
Female,0,No,No,57,No,No phone service,Fiber optic,Yes,Yes,Yes,Yes,No,Yes,Two year,Yes,Credit card (automatic),76.62,4509.23,No
Female,1,Yes,No,56,No,No phone service,Fiber optic,No,Yes,No,Yes,No,No,Month-to-month,No,Electronic check,57.6,3388.83,No
Female,1,Yes,No,29,Yes,No,Fiber optic,Yes,No,Yes,Yes,Yes,Yes,Month-to-month,Yes,Electronic check,90.96,2450.66,No
Female,0,No,No,22,No,No phone service,Fiber optic,No,No,Yes,No,No,No,One year,Yes,Electronic check,53.43,1126.98,No
Female,0,Yes,No,30,Yes,No,Fiber optic,No,No,No,No,No,No,Month-to-month,Yes,Electronic check,62.77,1941.05,Yes
Female,1,No,No,67,Yes,No,Fiber optic,Yes,No,No,No,Yes,No,Month-to-month,Yes,Bank transfer (automatic),74.44,5134.52,No
Female,1,Yes,No,13,Yes,No,Fiber optic,Yes,Yes,No,Yes,No,Yes,One year,Yes,Bank transfer (automatic),85.1,1056.72,No
Female,1,No,No,34,Yes,No,No,No internet service,No internet service,No internet service,No internet service,No internet service,No internet service,Month-to-month,No,Electronic check,22.76,749.51,No
Female,1,No,No,60,Yes,Yes,No,No internet service,No internet service,No internet service,No internet service,No internet service,No internet service,Two year,No,Electronic check,25.21,1554.62,No
Female,1,No,No,50,Yes,Yes,Fiber optic,No,No,No,No,No,No,Month-to-month,Yes,Bank transfer (automatic),71.63,3634.91,Yes
Male,0,No,No,64,Yes,No,Fiber optic,No,Yes,No,Yes,No,Yes,Month-to-month,No,Credit card (automatic),83.6,5124.72,No
Female,0,No,No,46,Yes,Yes,No,No internet service,No internet service,No internet service,No internet service,No internet service,No internet service,Month-to-month,No,Electronic check,20.83,974.03,No
Female,0,No,No,53,Yes,No,DSL,No,No,No,No,No,Yes,Month-to-month,Yes,Electronic check,51.23,2503.8,No
Male,0,No,No,20,Yes,Yes,No,No internet service,No internet service,No internet service,No internet service,No internet service,No internet service,Two year,Yes,Electronic check,28.56,572.7,Yes
Male,0,No,No,45,Yes,Yes,DSL,Yes,Yes,Yes,No,Yes,Yes,One year,Yes,Credit card (automatic),73.66,3412.21,No
Female,0,No,Yes,57,Yes,No,DSL,Yes,No,Yes,No,Yes,No,One year,Yes,Electronic check,66.33,3597.71,No
Female,0,No,No,62,Yes,Yes,No,No internet service,No internet service,No internet service,No internet service,No internet service,No internet service,Month-to-month,No,Bank transfer (automatic),26.03,1486.22,No
Male,0,Yes,No,19,Yes,No,DSL,No,No,No,Yes,No,Yes,Two year,Yes,Credit card (automatic),56.95,1036.33,No
Male,1,No,No,18,Yes,Yes,Fiber optic,No,Yes,No,Yes,No,No,Month-to-month,No,Mailed check,84.44,1593.37,Yes
Female,0,Yes,Yes,70,Yes,Yes,Fiber optic,No,No,Yes,No,Yes,No,Two year,Yes,Mailed check,87.37,5589.85,No
Female,0,Yes,Yes,7,Yes,Yes,Fiber optic,No,No,No,Yes,Yes,No,Month-to-month,Yes,Electronic check,78.98,555.78,No
Female,0,No,No,44,Yes,No,Fiber optic,No,No,No,No,No,No,Month-to-month,Yes,Electronic check,70.24,3205.82,Yes
Female,0,Yes,No,21,Yes,No,DSL,Yes,Yes,No,No,Yes,Yes,Month-to-month,Yes,Electronic check,62.0,1375.41,Yes
Female,0,Yes,Yes,15,Yes,No,Fiber optic,No,No,No,No,No,No,Month-to-month,Yes,Bank transfer (automatic),68.66,1023.77,No
Female,0,No,No,54,Yes,No,No,No internet service,No internet service,No internet service,No internet service,No internet service,No internet service,Month-to-month,Yes,Bank transfer (automatic),20.08,1129.09,No
Male,0,No,No,32,Yes,Yes,No,No internet service,No internet service,No internet service,No internet service,No internet service,No internet service,Two year,No,Electronic check,23.78,774.25,No
Female,0,No,No,19,Yes,No,Fiber optic,Yes,Yes,Yes,No,No,Yes,Two year,Yes,Mailed check,82.03,1650.04,No
Female,0,Yes,No,63,Yes,Yes,DSL,No,Yes,No,No,No,No,Month-to-month,Yes,Credit card (automatic),59.47,3640.38,No
Female,0,No,No,59,Yes,No,Fiber optic,Yes,No,Yes,No,No,No,Month-to-month,Yes,Mailed check,76.84,4705.4,Yes
Male,0,Yes,No,8,No,No phone service,DSL,No,Yes,Yes,No,Yes,No,Month-to-month,Yes,Mailed check,43.7,335.8,Yes
Male,0,Yes,Yes,24,Yes,No,DSL,Yes,Yes,No,No,Yes,No,Two year,No,Bank transfer (automatic),68.47,1558.21,No
Male,0,Yes,No,30,No,No phone service,No,No internet service,No internet service,No internet service,No internet service,No internet service,No internet service,Month-to-month,No,Bank transfer (automatic),10.0,279.29,No
Male,0,No,No,10,Yes,Yes,Fiber optic,No,No,Yes,No,Yes,Yes,Two year,No,Bank transfer (automatic),90.08,933.71,Yes
Male,0,No,No,60,Yes,No,Fiber optic,No,Yes,Yes,Yes,No,Yes,Month-to-month,Yes,Credit card (automatic),80.77,5056.88,Yes
Male,1,Yes,No,54,Yes,Yes,DSL,Yes,No,Yes,Yes,No,Yes,One year,Yes,Electronic check,75.73,3738.4,No
Male,0,No,No,14,Yes,No,Fiber optic,Yes,Yes,Yes,Yes,No,Yes,One year,Yes,Electronic check,91.88,1183.7,Yes
Male,0,No,No,35,Yes,No,Fiber optic,No,No,No,No,No,No,Month-to-month,Yes,Bank transfer (automatic),71.47,2517.6,No
Female,0,Yes,No,19,Yes,No,No,No internet service,No internet service,No internet service,No internet service,No internet service,No internet service,One year,Yes,Electronic check,20.79,365.63,No
Female,0,Yes,No,53,Yes,Yes,No,No internet service,No internet service,No internet service,No internet service,No internet service,No internet service,Month-to-month,No,Mailed check,20.39,1040.7,No
Male,0,Yes,No,50,Yes,Yes,Fiber optic,No,No,No,No,Yes,Yes,Month-to-month,No,Bank transfer (automatic),80.3,3805.36,Yes
Female,0,Yes,No,47,Yes,No,DSL,No,Yes,No,Yes,No,No,One year,No,Mailed check,53.26,2571.21,No
Female,0,No,No,60,Yes,Yes,DSL,No,No,Yes,No,No,Yes,Month-to-month,Yes,Electronic check,59.14,3307.52,No
Male,0,Yes,No,31,Yes,Yes,DSL,Yes,No,No,No,No,No,One year,No,Electronic check,57.36,1789.1,No
Female,0,No,No,5,Yes,Yes,Fiber optic,No,Yes,No,No,No,No,Month-to-month,No,Mailed check,79.13,416.47,Yes
Male,0,Yes,No,56,Yes,No,Fiber optic,Yes,Yes,No,No,Yes,Yes,One year,Yes,Credit card (automatic),89.26,5142.09,No
Female,0,Yes,Yes,41,Yes,No,Fiber optic,Yes,No,Yes,Yes,Yes,Yes,Two year,Yes,Mailed check,91.48,3765.44,No
Female,0,Yes,No,12,Yes,Yes,Fiber optic,No,No,No,No,No,No,Month-to-month,Yes,Credit card (automatic),75.34,896.41,Yes
Male,0,No,No,20,Yes,Yes,Fiber optic,No,No,Yes,No,No,No,Month-to-month,No,Electronic check,76.54,1547.03,No
Male,0,No,Yes,65,Yes,Yes,DSL,No,Yes,No,Yes,Yes,Yes,One year,Yes,Bank transfer (automatic),75.54,4485.35,No
Male,0,No,No,22,Yes,Yes,DSL,No,No,No,No,No,No,Month-to-month,Yes,Mailed check,54.04,1166.53,Yes
Female,0,No,Yes,8,No,No phone service,No,No internet service,No internet service,No internet service,No internet service,No internet service,No internet service,Month-to-month,Yes,Electronic check,10.0,73.48,No
Male,0,Yes,Yes,6,Yes,No,No,No internet service,No internet service,No internet service,No internet service,No internet service,No internet service,Month-to-month,Yes,Bank transfer (automatic),16.23,92.28,Yes
Male,0,Yes,No,44,Yes,Yes,Fiber optic,Yes,No,No,Yes,Yes,No,Month-to-month,Yes,Credit card (automatic),85.38,3809.6,No
Male,1,Yes,Yes,55,No,No phone service,No,No internet service,No internet service,No internet service,No internet service,No internet service,No internet service,Month-to-month,Yes,Electronic check,10.0,509.32,No
Female,0,No,No,16,Yes,No,Fiber optic,No,No,No,No,Yes,No,Month-to-month,Yes,Credit card (automatic),74.83,1173.67,No
Female,0,No,No,48,Yes,Yes,Fiber optic,No,Yes,Yes,Yes,Yes,Yes,Two year,Yes,Electronic check,95.65,4735.32,No
Female,0,No,No,42,Yes,Yes,DSL,No,Yes,Yes,No,Yes,No,Two year,No,Electronic check,64.21,2560.03,No
Female,0,No,No,6,Yes,Yes,Fiber optic,No,No,No,Yes,No,No,Month-to-month,Yes,Electronic check,80.49,483.71,Yes
Male,0,Yes,No,18,No,No phone service,No,No internet service,No internet service,No internet service,No internet service,No internet service,No internet service,Two year,Yes,Mailed check,,169.17,No
Female,1,Yes,No,56,Yes,No,DSL,No,No,No,Yes,Yes,Yes,Two year,Yes,Electronic check,61.4,3561.95,No
Male,1,No,No,44,No,No phone service,DSL,Yes,No,Yes,No,No,Yes,Month-to-month,No,Credit card (automatic),45.5,1825.4,No
Female,0,Yes,No,9,Yes,No,No,No internet service,No internet service,No internet service,No internet service,No internet service,No internet service,Two year,No,Credit card (automatic),15.11,128.27,No
Male,0,Yes,No,69,Yes,Yes,Fiber optic,Yes,Yes,Yes,Yes,Yes,Yes,One year,Yes,Electronic check,105.04,6791.67,Yes
Female,0,No,No,58,Yes,Yes,Fiber optic,No,No,No,No,No,No,Month-to-month,Yes,Electronic check,68.44,3876.65,Yes
Male,0,Yes,No,8,No,No phone service,No,No internet service,No internet service,No internet service,No internet service,No internet service,No internet service,Month-to-month,Yes,Bank transfer (automatic),10.0,75.98,Yes
Female,1,No,Yes,54,Yes,Yes,Fiber optic,Yes,No,No,Yes,No,No,Month-to-month,No,Bank transfer (automatic),83.91,4164.43,No
Female,0,Yes,No,57,Yes,Yes,No,No internet service,No internet service,No internet service,No internet service,No internet service,No internet service,Two year,Yes,Credit card (automatic),21.9,1177.54,No
Female,0,No,No,56,Yes,Yes,DSL,Yes,No,No,No,No,No,Month-to-month,No,Credit card (automatic),60.48,3458.62,No
Male,0,Yes,No,46,Yes,No,Fiber optic,No,No,No,No,Yes,Yes,Month-to-month,Yes,Bank transfer (automatic),76.59,3464.74,No
Male,0,Yes,No,49,Yes,No,No,No internet service,No internet service,No internet service,No internet service,No internet service,No internet service,Month-to-month,Yes,Electronic check,14.0,694.27,No
Female,0,Yes,Yes,28,Yes,Yes,DSL,No,No,Yes,No,Yes,No,One year,No,Bank transfer (automatic),66.52,1786.71,No
Female,0,Yes,No,18,Yes,No,DSL,No,No,No,Yes,Yes,Yes,Two year,Yes,Credit card (automatic),62.47,1055.65,No
Male,0,No,No,30,Yes,No,Fiber optic,No,No,No,No,No,Yes,Month-to-month,Yes,Electronic check,76.8,2411.32,Yes
Female,1,No,No,40,Yes,Yes,No,No internet service,No internet service,No internet service,No internet service,No internet service,No internet service,Month-to-month,No,Mailed check,25.25,962.44,No
Male,0,Yes,No,28,Yes,Yes,No,No internet service,No internet service,No internet service,No internet service,No internet service,No internet service,Month-to-month,Yes,Bank transfer (automatic),26.37,738.99,No
Male,0,Yes,No,29,Yes,No,Fiber optic,Yes,Yes,Yes,Yes,Yes,Yes,One year,Yes,Credit card (automatic),95.99,2765.48,No
Male,0,Yes,No,7,Yes,No,DSL,No,No,Yes,No,No,Yes,Month-to-month,No,Electronic check,55.65,392.21,Yes
Male,0,No,No,7,Yes,No,DSL,No,No,No,No,Yes,Yes,Month-to-month,No,Mailed check,55.47,397.62,Yes
Male,0,No,No,2,Yes,Yes,Fiber optic,No,No,No,Yes,No,No,Month-to-month,Yes,Bank transfer (automatic),78.22,155.54,Yes
Female,0,Yes,No,25,No,No phone service,No,No internet service,No internet service,No internet service,No internet service,No internet service,No internet service,Month-to-month,No,Electronic check,10.0,251.28,No
Female,0,Yes,Yes,35,Yes,Yes,DSL,Yes,No,Yes,No,No,Yes,Month-to-month,No,Bank transfer (automatic),68.75,2217.62,No
Female,0,No,No,69,Yes,No,Fiber optic,Yes,No,No,No,Yes,Yes,Month-to-month,Yes,Bank transfer (automatic),85.21,6165.91,No
Female,0,Yes,No,53,Yes,No,Fiber optic,No,No,No,No,No,Yes,Two year,Yes,Electronic check,75.1,4067.21,No
Female,0,No,No,26,Yes,No,DSL,Yes,No,No,Yes,Yes,No,Month-to-month,Yes,Electronic check,66.04,1626.06,Yes
Female,0,Yes,Yes,56,Yes,Yes,Fiber optic,No,No,No,Yes,No,No,One year,Yes,Electronic check,79.31,4100.19,No
Female,0,No,No,53,Yes,Yes,No,No internet service,No internet service,No internet service,No internet service,No internet service,No internet service,Month-to-month,Yes,Credit card (automatic),23.3,1198.15,No
Male,0,No,No,66,Yes,Yes,No,No internet service,No internet service,No internet service,No internet service,No internet service,No internet service,Month-to-month,No,Electronic check,25.71,1589.36,No
Female,0,Yes,Yes,44,Yes,Yes,Fiber optic,No,No,No,Yes,Yes,No,Two year,Yes,Credit card (automatic),85.05,3870.07,No
Male,1,No,No,3,Yes,No,DSL,Yes,No,Yes,Yes,No,No,Two year,No,Electronic check,64.13,193.37,No
Male,0,No,Yes,18,Yes,No,Fiber optic,Yes,Yes,Yes,No,Yes,No,Two year,Yes,Mailed check,90.81,1633.47,No
Female,0,Yes,Yes,66,Yes,Yes,Fiber optic,No,No,Yes,Yes,Yes,No,Two year,No,Mailed check,89.25,6228.43,No
Male,0,Yes,No,42,Yes,Yes,DSL,No,No,No,No,No,No,Month-to-month,Yes,Credit card (automatic),50.34,1960.0,No
Male,0,No,No,64,Yes,Yes,Fiber optic,No,No,Yes,Yes,Yes,Yes,Two year,Yes,Mailed check,92.02,5785.65,No
Male,1,Yes,No,37,Yes,No,Fiber optic,No,No,Yes,Yes,No,No,Month-to-month,No,Bank transfer (automatic),81.1,3164.66,Yes
Female,0,Yes,No,45,Yes,No,No,No internet service,No internet service,No internet service,No internet service,No internet service,No internet service,Two year,No,Mailed check,17.02,708.0,No
Female,0,No,No,1,Yes,No,Fiber optic,No,Yes,No,No,No,No,Month-to-month,Yes,Electronic check,71.3,70.55,Yes
Female,0,No,No,47,No,No phone service,No,No internet service,No internet service,No internet service,No internet service,No internet service,No internet service,One year,Yes,Bank transfer (automatic),10.0,430.45,No
Female,0,Yes,Yes,18,Yes,No,Fiber optic,No,No,Yes,No,Yes,No,Month-to-month,Yes,Mailed check,79.62,1335.14,Yes
Female,0,No,No,67,Yes,Yes,Fiber optic,Yes,No,Yes,No,No,Yes,Two year,Yes,Electronic check,,5385.88,No
Female,1,Yes,No,44,Yes,No,Fiber optic,No,Yes,No,Yes,Yes,No,One year,Yes,Credit card (automatic),78.35,3598.32,Yes
Female,0,Yes,No,45,Yes,No,Fiber optic,No,No,Yes,No,No,No,Month-to-month,Yes,Electronic check,72.83,3175.96,Yes
Male,0,Yes,Yes,32,Yes,Yes,DSL,No,No,No,Yes,No,No,One year,No,Mailed check,55.39,1782.05,No
Female,1,Yes,Yes,64,Yes,Yes,Fiber optic,No,No,No,No,No,Yes,Month-to-month,Yes,Credit card (automatic),82.5,5465.84,No
Female,1,Yes,Yes,58,Yes,No,Fiber optic,Yes,Yes,Yes,Yes,Yes,No,One year,Yes,Electronic check,93.1,5341.41,No
Female,0,No,No,53,Yes,Yes,Fiber optic,No,No,Yes,Yes,No,Yes,Month-to-month,Yes,Credit card (automatic),90.08,4362.06,Yes
Male,1,Yes,Yes,48,Yes,No,Fiber optic,Yes,Yes,No,No,Yes,Yes,Two year,Yes,Electronic check,82.54,4198.22,No
Female,0,Yes,No,17,Yes,Yes,DSL,No,Yes,Yes,Yes,Yes,No,Month-to-month,No,Credit card (automatic),75.26,1237.78,Yes
Male,1,No,No,15,Yes,Yes,Fiber optic,Yes,Yes,No,Yes,No,Yes,Two year,No,Credit card (automatic),93.1,1371.66,No
Male,0,Yes,Yes,33,Yes,Yes,Fiber optic,No,No,Yes,No,Yes,Yes,One year,No,Bank transfer (automatic),87.0,2949.16,No
Male,0,Yes,Yes,39,Yes,No,DSL,No,No,No,No,Yes,Yes,Two year,No,Bank transfer (automatic),53.79,1914.83,No
Female,0,No,No,14,Yes,Yes,DSL,Yes,Yes,No,No,Yes,Yes,Month-to-month,No,Electronic check,69.07,957.97,Yes
Male,0,No,No,46,Yes,No,DSL,Yes,No,Yes,Yes,No,No,Two year,Yes,Bank transfer (automatic),63.32,2883.53,No
Male,0,No,No,33,Yes,Yes,DSL,No,Yes,No,Yes,No,No,Month-to-month,Yes,Electronic check,64.83,2064.94,No
Male,0,Yes,No,69,Yes,No,No,No internet service,No internet service,No internet service,No internet service,No internet service,No internet service,Month-to-month,Yes,Bank transfer (automatic),16.58,1184.35,No
Female,0,No,Yes,41,Yes,No,DSL,No,No,No,No,No,No,Month-to-month,Yes,Electronic check,48.23,2036.83,No
Female,0,Yes,No,58,Yes,Yes,Fiber optic,No,Yes,No,Yes,No,No,Month-to-month,Yes,Credit card (automatic),78.84,4765.91,No
Male,0,No,No,68,No,No phone service,Fiber optic,No,No,No,No,No,No,Month-to-month,No,Electronic check,50.27,3606.5,Yes
Male,0,No,No,51,Yes,Yes,DSL,No,Yes,Yes,Yes,Yes,Yes,One year,Yes,Credit card (automatic),75.21,3731.5,No
Female,0,No,No,33,No,No phone service,Fiber optic,Yes,No,No,Yes,No,No,Two year,No,Electronic check,62.02,2096.92,No
Female,0,No,No,42,Yes,No,No,No internet service,No internet service,No internet service,No internet service,No internet service,No internet service,Two year,No,Mailed check,21.83,888.13,No
Female,0,No,Yes,34,No,No phone service,No,No internet service,No internet service,No internet service,No internet service,No internet service,No internet service,One year,Yes,Mailed check,10.0,358.99,No
Male,0,No,No,46,Yes,Yes,No,No internet service,No internet service,No internet service,No internet service,No internet service,No internet service,Month-to-month,No,Mailed check,26.21,1183.56,No
Male,1,No,No,56,No,No phone service,DSL,No,No,Yes,No,No,Yes,Two year,No,Electronic check,40.1,2157.79,No
Male,0,No,No,45,Yes,No,Fiber optic,Yes,No,Yes,Yes,No,Yes,Two year,Yes,Electronic check,87.45,4059.01,No
Female,0,Yes,Yes,51,Yes,No,No,No internet service,No internet service,No internet service,No internet service,No internet service,No internet service,One year,No,Electronic check,17.06,869.5,No
Female,0,Yes,No,51,Yes,Yes,Fiber optic,No,No,No,Yes,Yes,No,Two year,Yes,Electronic check,83.18,4205.41,No
Male,1,Yes,Yes,31,No,No phone service,DSL,No,Yes,No,Yes,No,No,Month-to-month,Yes,Mailed check,45.84,1500.4,Yes
Male,0,Yes,No,25,No,No phone service,DSL,Yes,No,No,Yes,No,No,Month-to-month,Yes,Bank transfer (automatic),42.94,1127.83,No
Female,0,Yes,Yes,43,Yes,Yes,Fiber optic,No,Yes,No,No,No,No,One year,Yes,Credit card (automatic),82.27,3309.96,No
Female,0,Yes,No,10,Yes,No,Fiber optic,Yes,Yes,Yes,No,Yes,Yes,Two year,Yes,Mailed check,89.5,926.53,No
Male,0,No,No,24,Yes,Yes,No,No internet service,No internet service,No internet service,No internet service,No internet service,No internet service,Two year,No,Bank transfer (automatic),24.72,557.67,No
Male,0,Yes,Yes,13,Yes,No,DSL,Yes,Yes,Yes,No,No,Yes,Month-to-month,Yes,Electronic check,69.56,908.1,No
Male,0,Yes,No,58,Yes,No,Fiber optic,Yes,Yes,Yes,Yes,Yes,No,Two year,Yes,Bank transfer (automatic),91.24,5516.06,No
Female,0,Yes,No,40,Yes,No,No,No internet service,No internet service,No internet service,No internet service,No internet service,No internet service,Month-to-month,Yes,Credit card (automatic),22.17,883.36,No
Female,0,Yes,No,17,Yes,Yes,DSL,No,No,No,No,Yes,Yes,Month-to-month,No,Credit card (automatic),65.45,1014.07,No
Male,0,Yes,No,10,Yes,Yes,Fiber optic,No,No,Yes,No,No,Yes,Month-to-month,No,Credit card (automatic),83.29,815.48,Yes
Female,0,Yes,No,20,Yes,No,DSL,Yes,Yes,Yes,Yes,No,Yes,Two year,No,Bank transfer (automatic),74.28,1461.63,No
Male,0,No,No,64,Yes,No,No,No internet service,No internet service,No internet service,No internet service,No internet service,No internet service,Month-to-month,No,Mailed check,15.29,962.55,No
Male,0,No,No,39,No,No phone service,Fiber optic,Yes,Yes,Yes,No,No,No,Month-to-month,Yes,Mailed check,62.64,2312.5,Yes
Male,0,Yes,Yes,28,Yes,No,DSL,No,Yes,No,Yes,Yes,No,Month-to-month,No,Electronic check,62.71,1829.58,No
Female,0,No,Yes,10,Yes,Yes,DSL,No,No,No,No,No,No,Month-to-month,Yes,Electronic check,50.17,517.91,No
Female,0,Yes,No,1,Yes,Yes,Fiber optic,No,No,Yes,Yes,Yes,No,One year,No,Mailed check,85.98,89.0,Yes
Female,0,No,No,34,Yes,Yes,Fiber optic,Yes,No,No,No,Yes,Yes,Month-to-month,Yes,Bank transfer (automatic),84.69,2777.98,Yes
Male,0,No,No,61,Yes,No,DSL,No,Yes,No,No,Yes,Yes,Month-to-month,No,Mailed check,60.83,3600.86,No
Male,0,No,No,44,Yes,No,Fiber optic,Yes,Yes,No,Yes,No,No,Month-to-month,Yes,Electronic check,81.33,3607.17,Yes
Female,1,No,No,41,Yes,Yes,DSL,No,Yes,No,No,Yes,Yes,Month-to-month,Yes,Mailed check,66.29,2775.94,No
Female,0,No,No,5,No,No phone service,Fiber optic,Yes,No,No,Yes,No,Yes,One year,No,Bank transfer (automatic),62.68,307.43,No
Female,0,No,No,3,No,No phone service,Fiber optic,Yes,Yes,Yes,No,No,No,Month-to-month,Yes,Electronic check,62.16,171.72,Yes
Female,0,No,No,60,Yes,No,No,No internet service,No internet service,No internet service,No internet service,No internet service,No internet service,Two year,No,Credit card (automatic),19.72,1216.24,No
Female,0,Yes,No,26,Yes,Yes,DSL,No,No,No,Yes,No,Yes,Two year,Yes,Bank transfer (automatic),62.9,1505.38,No
Male,1,Yes,Yes,59,Yes,Yes,Fiber optic,Yes,No,Yes,Yes,Yes,Yes,One year,Yes,Bank transfer (automatic),94.05,5712.66,No
Male,0,No,No,19,Yes,Yes,Fiber optic,No,No,Yes,No,No,Yes,Month-to-month,Yes,Electronic check,83.21,1599.38,Yes
Female,0,Yes,Yes,57,Yes,Yes,DSL,No,No,No,No,No,No,One year,No,Bank transfer (automatic),55.93,3295.01,No
Male,1,No,No,4,Yes,No,DSL,Yes,No,Yes,No,Yes,No,Month-to-month,No,Bank transfer (automatic),65.21,253.68,Yes
Male,1,No,No,20,Yes,No,DSL,No,No,No,Yes,No,No,Two year,Yes,Credit card (automatic),55.6,1014.13,No
Female,0,No,Yes,34,Yes,No,DSL,Yes,Yes,Yes,Yes,Yes,Yes,Two year,Yes,Bank transfer (automatic),81.94,2833.31,No
Male,0,No,No,30,Yes,Yes,Fiber optic,Yes,No,No,No,No,Yes,Month-to-month,Yes,Bank transfer (automatic),87.87,2742.66,Yes
Male,0,No,No,67,Yes,No,DSL,No,Yes,Yes,No,No,No,Month-to-month,No,Bank transfer (automatic),60.02,3815.46,No
Female,0,Yes,No,56,Yes,Yes,Fiber optic,No,Yes,No,Yes,Yes,Yes,Month-to-month,No,Electronic check,91.48,4761.27,No
Female,0,No,No,12,Yes,Yes,Fiber optic,No,No,No,Yes,Yes,Yes,Month-to-month,No,Mailed check,86.34,1042.52,Yes
Female,0,Yes,No,6,Yes,No,Fiber optic,Yes,Yes,No,No,No,Yes,Month-to-month,Yes,Bank transfer (automatic),83.11,501.85,Yes
Male,0,Yes,No,25,Yes,No,Fiber optic,No,No,Yes,Yes,Yes,No,Month-to-month,Yes,Electronic check,83.95,2130.96,No
Female,0,No,No,14,Yes,No,No,No internet service,No internet service,No internet service,No internet service,No internet service,No internet service,Month-to-month,No,Mailed check,14.69,189.53,No
Male,0,No,No,52,Yes,No,Fiber optic,No,Yes,No,Yes,No,Yes,Two year,Yes,Credit card (automatic),80.47,4261.82,No
Female,1,Yes,No,37,Yes,No,Fiber optic,Yes,Yes,Yes,Yes,Yes,No,One year,Yes,Electronic check,91.55,3144.09,No
Male,0,Yes,Yes,61,Yes,Yes,No,No internet service,No internet service,No internet service,No internet service,No internet service,No internet service,Two year,No,Bank transfer (automatic),28.06,1768.31,No
Female,0,No,No,40,Yes,No,Fiber optic,Yes,No,No,No,Yes,No,One year,No,Credit card (automatic),76.3,2787.59,Yes
Male,0,Yes,No,66,Yes,Yes,Fiber optic,No,No,No,Yes,No,Yes,Month-to-month,Yes,Credit card (automatic),83.48,5595.87,Yes
Female,1,Yes,No,47,Yes,Yes,DSL,No,No,No,No,Yes,No,Month-to-month,Yes,Credit card (automatic),62.51,3106.13,Yes
Male,0,Yes,Yes,71,Yes,Yes,Fiber optic,Yes,Yes,Yes,Yes,No,No,Two year,Yes,Electronic check,95.04,6836.75,No
Female,0,No,No,23,Yes,Yes,No,No internet service,No internet service,No internet service,No internet service,No internet service,No internet service,Month-to-month,No,Credit card (automatic),26.01,570.09,No
Female,0,Yes,No,48,Yes,Yes,DSL,Yes,Yes,No,No,Yes,No,Two year,Yes,Electronic check,72.09,3580.76,No
Female,0,Yes,No,44,Yes,Yes,Fiber optic,No,Yes,No,No,No,No,Month-to-month,Yes,Mailed check,83.21,3438.19,Yes
Female,0,No,No,34,Yes,Yes,Fiber optic,No,No,No,Yes,No,No,Month-to-month,Yes,Mailed check,75.8,2392.24,Yes
Male,0,No,Yes,26,Yes,No,Fiber optic,Yes,Yes,Yes,No,Yes,No,Two year,Yes,Bank transfer (automatic),88.64,2349.49,No
Female,0,No,No,22,Yes,Yes,DSL,No,No,No,Yes,No,Yes,Month-to-month,No,Bank transfer (automatic),64.27,1293.87,Yes
Male,0,No,No,19,Yes,No,DSL,No,No,No,No,Yes,Yes,Month-to-month,Yes,Credit card (automatic),60.87,1142.59,No
Male,0,No,Yes,54,Yes,No,DSL,No,No,Yes,Yes,Yes,No,Two year,No,Bank transfer (automatic),58.73,2939.77,No
Male,0,No,No,15,Yes,No,Fiber optic,Yes,Yes,No,No,Yes,No,Month-to-month,Yes,Electronic check,84.42,1296.39,Yes
Male,1,No,No,67,Yes,Yes,DSL,Yes,No,Yes,Yes,Yes,No,Month-to-month,No,Bank transfer (automatic),74.15,5050.65,No
Male,0,Yes,Yes,43,No,No phone service,No,No internet service,No internet service,No internet service,No internet service,No internet service,No internet service,One year,No,Mailed check,10.0,447.8,No
Male,0,No,No,24,No,No phone service,Fiber optic,No,No,No,No,No,Yes,Month-to-month,No,Credit card (automatic),53.59,1238.93,Yes
Male,0,No,No,46,No,No phone service,Fiber optic,No,Yes,Yes,No,Yes,Yes,One year,Yes,Mailed check,69.71,3342.77,No
Female,0,Yes,No,49,No,No phone service,No,No internet service,No internet service,No internet service,No internet service,No internet service,No internet service,Month-to-month,Yes,Credit card (automatic),10.0,448.06,No
Female,0,Yes,No,8,Yes,No,No,No internet service,No internet service,No internet service,No internet service,No internet service,No internet service,Month-to-month,No,Credit card (automatic),18.3,136.12,No
Male,0,No,No,32,Yes,No,No,No internet service,No internet service,No internet service,No internet service,No internet service,No internet service,Month-to-month,No,Electronic check,21.35,691.63,No
Female,0,No,No,28,Yes,Yes,Fiber optic,Yes,No,No,Yes,Yes,No,Two year,No,Credit card (automatic),,2334.47,No
Male,0,Yes,No,34,Yes,Yes,Fiber optic,Yes,No,No,No,Yes,No,One year,Yes,Mailed check,86.91,3127.41,No
Male,0,No,No,35,Yes,No,Fiber optic,Yes,No,Yes,Yes,No,Yes,Two year,Yes,Mailed check,90.97,3295.08,No
Female,0,No,No,5,Yes,Yes,DSL,Yes,No,No,Yes,Yes,No,One year,No,Electronic check,69.66,348.77,Yes
Female,0,Yes,No,63,Yes,No,DSL,Yes,No,No,Yes,Yes,No,One year,Yes,Mailed check,57.47,3764.1,No
Female,1,Yes,Yes,72,Yes,No,No,No internet service,No internet service,No internet service,No internet service,No internet service,No internet service,Month-to-month,Yes,Bank transfer (automatic),19.23,1391.26,No
Male,1,Yes,No,43,No,No phone service,DSL,Yes,No,No,Yes,Yes,No,Month-to-month,No,Bank transfer (automatic),41.85,1760.43,No
Female,0,No,No,42,Yes,No,Fiber optic,Yes,Yes,No,No,Yes,No,One year,No,Bank transfer (automatic),84.51,3488.72,No
Female,0,Yes,Yes,45,Yes,Yes,Fiber optic,No,No,No,Yes,No,Yes,Month-to-month,No,Bank transfer (automatic),86.27,3639.52,Yes
Male,0,No,No,5,Yes,No,Fiber optic,Yes,Yes,No,Yes,Yes,Yes,Month-to-month,Yes,Bank transfer (automatic),93.55,453.57,Yes
Male,0,Yes,No,57,No,No phone service,Fiber optic,No,No,Yes,No,Yes,No,Two year,No,Bank transfer (automatic),61.52,3593.73,No
Male,0,Yes,No,15,Yes,No,DSL,Yes,No,Yes,No,Yes,No,Two year,Yes,Electronic check,64.95,975.89,No
Female,1,Yes,Yes,47,Yes,Yes,Fiber optic,Yes,Yes,Yes,No,No,Yes,One year,Yes,Mailed check,95.55,4307.87,No
Female,1,No,Yes,47,Yes,Yes,DSL,Yes,No,Yes,Yes,Yes,Yes,Month-to-month,No,Electronic check,78.79,3743.1,Yes
Male,0,Yes,No,52,Yes,No,DSL,Yes,Yes,No,No,No,Yes,Month-to-month,Yes,Bank transfer (automatic),61.32,3172.61,No
Male,0,No,No,57,Yes,Yes,Fiber optic,Yes,No,Yes,No,No,No,Month-to-month,Yes,Bank transfer (automatic),81.35,4807.24,No
Female,0,Yes,Yes,0,Yes,No,Fiber optic,No,No,Yes,Yes,Yes,Yes,Two year,Yes,Credit card (automatic),88.76,0.0,No
Male,0,Yes,No,53,Yes,No,Fiber optic,No,Yes,Yes,No,No,Yes,Month-to-month,Yes,Electronic check,86.76,4818.73,Yes
Female,0,No,Yes,28,Yes,Yes,No,No internet service,No internet service,No internet service,No internet service,No internet service,No internet service,Month-to-month,Yes,Bank transfer (automatic),22.01,646.14,No
Female,0,Yes,No,16,Yes,No,No,No internet service,No internet service,No internet service,No internet service,No internet service,No internet service,Month-to-month,Yes,Electronic check,19.89,,No
Male,0,No,Yes,56,Yes,No,No,No internet service,No internet service,No internet service,No internet service,No internet service,No internet service,Month-to-month,Yes,Electronic check,19.61,1078.75,No
Male,0,No,No,31,Yes,No,No,No internet service,No internet service,No internet service,No internet service,No internet service,No internet service,Month-to-month,Yes,Mailed check,17.25,561.97,No
Female,1,Yes,No,41,Yes,No,No,No internet service,No internet service,No internet service,No internet service,No internet service,No internet service,Month-to-month,Yes,Electronic check,21.11,905.21,No
Male,0,No,No,8,Yes,Yes,DSL,Yes,No,Yes,No,No,No,Two year,Yes,Bank transfer (automatic),64.64,504.4,No
Female,0,Yes,No,24,Yes,No,DSL,No,No,No,Yes,No,No,Month-to-month,No,Electronic check,54.34,1274.2,No
Female,0,No,No,33,Yes,No,DSL,No,Yes,Yes,Yes,No,No,Two year,Yes,Electronic check,63.12,1914.87,No
Female,0,No,No,67,Yes,No,Fiber optic,No,No,No,No,No,No,Month-to-month,No,Credit card (automatic),64.5,4223.61,No
Female,0,Yes,No,61,Yes,Yes,Fiber optic,No,No,No,Yes,No,No,Two year,Yes,Electronic check,80.66,4665.12,No
Male,0,No,No,59,Yes,No,No,No internet service,No internet service,No internet service,No internet service,No internet service,No internet service,One year,No,Mailed check,19.23,1174.32,No
Male,0,Yes,Yes,40,Yes,Yes,DSL,Yes,Yes,No,Yes,Yes,Yes,One year,No,Bank transfer (automatic),78.14,2970.4,No
Female,0,Yes,No,17,Yes,Yes,DSL,No,No,Yes,No,No,No,Month-to-month,Yes,Credit card (automatic),58.75,991.13,Yes
Male,1,No,No,12,Yes,Yes,DSL,No,Yes,Yes,Yes,Yes,No,One year,Yes,Credit card (automatic),75.09,886.11,Yes
Male,0,Yes,No,58,Yes,Yes,No,No internet service,No internet service,No internet service,No internet service,No internet service,No internet service,Month-to-month,No,Bank transfer (automatic),22.47,1190.28,No
Male,0,No,Yes,17,Yes,No,DSL,Yes,Yes,Yes,No,No,No,Two year,No,Credit card (automatic),65.38,1164.28,Yes
Male,0,No,No,59,Yes,No,Fiber optic,Yes,No,No,Yes,No,No,Month-to-month,Yes,Bank transfer (automatic),79.51,4756.59,Yes
Female,0,Yes,No,44,Yes,Yes,DSL,Yes,No,Yes,No,Yes,No,Month-to-month,No,Bank transfer (automatic),66.91,2842.37,No
Male,0,Yes,No,51,Yes,No,DSL,Yes,No,Yes,No,No,Yes,Month-to-month,No,Mailed check,65.71,3298.64,No
Female,1,No,No,17,Yes,Yes,Fiber optic,No,No,No,Yes,No,No,Month-to-month,Yes,Bank transfer (automatic),80.69,1323.68,Yes
Male,0,No,Yes,15,Yes,Yes,DSL,No,No,No,Yes,No,No,Month-to-month,No,Mailed check,60.43,920.98,No
Male,1,Yes,Yes,48,Yes,Yes,DSL,No,No,Yes,No,Yes,No,One year,No,Credit card (automatic),63.09,3059.76,No
Male,0,Yes,No,31,Yes,No,No,No internet service,No internet service,No internet service,No internet service,No internet service,No internet service,Month-to-month,Yes,Credit card (automatic),17.83,504.23,Yes
Female,0,No,No,39,Yes,Yes,Fiber optic,No,No,Yes,No,No,Yes,Month-to-month,No,Credit card (automatic),83.34,3213.33,No
Male,0,No,No,59,Yes,No,DSL,Yes,Yes,No,No,No,Yes,Month-to-month,Yes,Electronic check,68.48,3880.58,No
Male,0,No,No,67,Yes,Yes,Fiber optic,No,No,No,Yes,No,Yes,Two year,No,Electronic check,84.36,5778.51,No
Male,0,Yes,No,24,No,No phone service,Fiber optic,No,No,No,No,Yes,Yes,Month-to-month,No,Bank transfer (automatic),53.96,1225.61,Yes
Male,0,No,Yes,49,Yes,No,DSL,No,No,No,Yes,Yes,Yes,One year,No,Mailed check,61.6,2999.42,No
Female,1,No,No,67,Yes,Yes,Fiber optic,Yes,No,Yes,Yes,Yes,Yes,Two year,Yes,Bank transfer (automatic),95.61,5872.23,No
Male,0,Yes,Yes,52,Yes,Yes,DSL,Yes,Yes,Yes,Yes,No,No,One year,Yes,Credit card (automatic),71.74,3555.05,No
Male,1,No,Yes,21,Yes,No,Fiber optic,Yes,No,No,No,Yes,Yes,Month-to-month,Yes,Mailed check,85.7,1821.41,Yes
Female,0,No,No,48,Yes,Yes,No,No internet service,No internet service,No internet service,No internet service,No internet service,No internet service,Month-to-month,Yes,Electronic check,22.91,1115.86,No
Male,0,No,No,28,Yes,Yes,Fiber optic,Yes,Yes,Yes,Yes,No,No,One year,No,Electronic check,89.85,2395.98,No
Female,0,No,No,24,Yes,Yes,DSL,Yes,No,Yes,No,Yes,Yes,One year,No,Credit card (automatic),71.5,1588.81,No
Female,0,Yes,No,54,Yes,No,DSL,No,No,Yes,Yes,Yes,Yes,One year,Yes,Bank transfer (automatic),66.3,3772.71,No
Male,0,No,No,43,No,No phone service,Fiber optic,No,No,No,Yes,Yes,No,Month-to-month,No,Mailed check,,2282.46,Yes
Male,0,Yes,No,10,Yes,No,Fiber optic,Yes,Yes,Yes,No,Yes,Yes,One year,No,Credit card (automatic),94.15,986.28,Yes
Male,0,Yes,No,70,Yes,Yes,DSL,No,No,No,Yes,No,Yes,Two year,Yes,Bank transfer (automatic),60.49,4455.95,No
Male,0,Yes,Yes,38,Yes,No,Fiber optic,No,Yes,Yes,No,No,No,Month-to-month,Yes,Electronic check,74.37,2582.84,Yes
Female,0,No,No,48,Yes,Yes,No,No internet service,No internet service,No internet service,No internet service,No internet service,No internet service,One year,Yes,Electronic check,20.83,1017.08,No
Male,0,No,No,34,Yes,No,DSL,No,Yes,Yes,Yes,No,Yes,Two year,No,Bank transfer (automatic),68.92,2422.33,No
Female,1,Yes,No,72,Yes,Yes,DSL,No,No,Yes,No,No,No,Month-to-month,No,Mailed check,54.56,4093.19,No
Male,0,No,No,34,Yes,No,Fiber optic,Yes,No,No,Yes,Yes,No,Month-to-month,Yes,Credit card (automatic),88.65,3089.25,Yes
Male,0,Yes,Yes,51,Yes,Yes,DSL,Yes,Yes,Yes,Yes,No,No,Two year,No,Credit card (automatic),74.66,3978.61,No
Male,0,No,Yes,12,No,No phone service,Fiber optic,Yes,Yes,No,No,Yes,Yes,Two year,No,Electronic check,69.2,,Yes
Male,0,No,No,26,No,No phone service,Fiber optic,Yes,No,Yes,No,No,Yes,Month-to-month,Yes,Electronic check,62.87,1587.46,No
Male,0,No,No,55,Yes,Yes,Fiber optic,No,Yes,No,Yes,Yes,Yes,Two year,No,Mailed check,91.0,4771.62,No
Female,0,Yes,No,8,Yes,Yes,No,No internet service,No internet service,No internet service,No internet service,No internet service,No internet service,Month-to-month,Yes,Electronic check,20.71,160.2,No
Male,0,Yes,No,43,No,No phone service,Fiber optic,No,Yes,Yes,No,Yes,No,Month-to-month,Yes,Electronic check,64.43,2752.17,No
Female,0,No,Yes,26,Yes,Yes,Fiber optic,No,Yes,No,No,No,Yes,Month-to-month,Yes,Electronic check,88.74,2409.8,Yes
Male,1,No,Yes,10,Yes,No,DSL,No,No,No,No,No,No,Month-to-month,No,Mailed check,55.64,534.45,No
Female,0,No,No,18,Yes,Yes,DSL,Yes,No,No,No,No,No,Month-to-month,No,Bank transfer (automatic),58.05,979.13,No
Male,0,No,No,70,Yes,Yes,DSL,Yes,No,No,Yes,Yes,No,Month-to-month,No,Credit card (automatic),67.06,4415.88,No
Female,0,Yes,Yes,66,Yes,Yes,DSL,No,No,Yes,No,No,No,Two year,Yes,Credit card (automatic),58.18,3513.1,No
Female,0,Yes,No,55,Yes,Yes,Fiber optic,No,No,No,No,No,No,Month-to-month,Yes,Electronic check,74.32,3972.94,Yes
Male,0,Yes,No,43,Yes,No,Fiber optic,No,No,No,Yes,Yes,Yes,Two year,Yes,Credit card (automatic),79.21,3257.3,No
Female,1,Yes,Yes,65,No,No phone service,No,No internet service,No internet service,No internet service,No internet service,No internet service,No internet service,One year,No,Credit card (automatic),10.0,619.36,No
Female,0,No,No,24,Yes,Yes,DSL,Yes,Yes,No,Yes,Yes,No,Month-to-month,Yes,Bank transfer (automatic),68.85,1554.81,Yes
Female,1,No,Yes,11,Yes,Yes,Fiber optic,No,Yes,Yes,No,No,No,Month-to-month,Yes,Mailed check,84.76,891.01,Yes
Female,0,No,No,70,Yes,Yes,No,No internet service,No internet service,No internet service,No internet service,No internet service,No internet service,Month-to-month,No,Credit card (automatic),19.67,,No
Male,1,Yes,No,45,Yes,Yes,DSL,No,No,No,No,No,Yes,Month-to-month,Yes,Mailed check,58.72,2553.41,Yes
Female,0,No,No,17,Yes,No,Fiber optic,No,Yes,No,Yes,No,No,One year,No,Electronic check,77.19,1242.39,No
Male,0,No,No,61,Yes,Yes,No,No internet service,No internet service,No internet service,No internet service,No internet service,No internet service,Two year,No,Mailed check,23.51,1333.6,No
Male,0,No,No,66,Yes,Yes,Fiber optic,No,No,Yes,No,No,No,Month-to-month,No,Mailed check,70.94,4437.8,Yes
Male,0,Yes,Yes,43,Yes,No,Fiber optic,No,No,Yes,No,Yes,No,Month-to-month,Yes,Electronic check,69.73,3134.9,Yes
Female,0,No,No,9,Yes,No,DSL,No,Yes,No,Yes,Yes,Yes,Two year,No,Electronic check,65.42,547.45,No
Female,1,Yes,No,11,Yes,No,DSL,Yes,Yes,Yes,Yes,Yes,Yes,One year,Yes,Bank transfer (automatic),79.58,851.12,No
Male,0,No,No,6,Yes,Yes,Fiber optic,Yes,Yes,Yes,No,No,No,Month-to-month,Yes,Credit card (automatic),83.1,509.36,Yes
Male,0,No,No,15,Yes,Yes,Fiber optic,No,Yes,No,Yes,No,No,Two year,Yes,Electronic check,82.85,1201.86,No
Male,0,No,No,62,No,No phone service,Fiber optic,No,Yes,Yes,No,No,No,Two year,No,Bank transfer (automatic),60.51,3763.46,No
Male,0,Yes,No,28,Yes,Yes,Fiber optic,No,Yes,Yes,Yes,Yes,Yes,Two year,No,Credit card (automatic),93.08,2390.12,No
Male,0,Yes,Yes,49,Yes,Yes,DSL,No,Yes,Yes,Yes,No,Yes,Two year,Yes,Electronic check,68.26,3400.21,No
Male,0,Yes,Yes,72,Yes,No,No,No internet service,No internet service,No internet service,No internet service,No internet service,No internet service,Two year,Yes,Credit card (automatic),17.87,1335.66,No
Male,0,No,No,2,Yes,Yes,DSL,Yes,No,No,Yes,Yes,No,Month-to-month,No,Mailed check,65.98,121.98,No
Male,1,Yes,Yes,15,Yes,Yes,No,No internet service,No internet service,No internet service,No internet service,No internet service,No internet service,Month-to-month,No,Credit card (automatic),27.04,413.63,Yes
Female,0,No,No,40,No,No phone service,Fiber optic,Yes,Yes,No,No,No,Yes,Two year,No,Electronic check,61.84,2426.61,No
Female,0,Yes,Yes,37,No,No phone service,DSL,No,No,Yes,Yes,No,Yes,One year,Yes,Bank transfer (automatic),43.73,1713.31,No
Male,0,No,No,3,Yes,Yes,Fiber optic,No,No,Yes,No,No,Yes,One year,No,Mailed check,79.72,231.22,No
Male,0,No,No,9,Yes,Yes,Fiber optic,No,Yes,No,Yes,No,No,Month-to-month,Yes,Electronic check,85.47,756.26,Yes
Female,0,No,No,50,Yes,Yes,No,No internet service,No internet service,No internet service,No internet service,No internet service,No internet service,Month-to-month,Yes,Credit card (automatic),22.82,1059.19,Yes
Male,1,No,No,53,Yes,No,No,No internet service,No internet service,No internet service,No internet service,No internet service,No internet service,Two year,Yes,Bank transfer (automatic),21.85,1201.74,No
Female,0,No,No,59,Yes,No,Fiber optic,No,No,No,No,No,Yes,Two year,No,Electronic check,72.55,4069.53,No
Female,1,No,No,29,Yes,No,DSL,No,Yes,No,No,No,No,Month-to-month,No,Bank transfer (automatic),51.35,1495.07,Yes
Male,0,Yes,Yes,28,Yes,No,DSL,No,Yes,Yes,No,No,No,One year,Yes,Mailed check,57.45,1563.38,No
Male,0,No,No,7,Yes,Yes,Fiber optic,Yes,Yes,No,Yes,Yes,No,One year,Yes,Electronic check,94.6,651.76,No
Male,0,Yes,No,21,Yes,No,Fiber optic,No,No,Yes,No,No,No,One year,Yes,Credit card (automatic),72.84,1515.4,Yes
Male,1,Yes,Yes,32,Yes,No,Fiber optic,Yes,Yes,No,No,No,Yes,Two year,Yes,Electronic check,81.17,2589.05,No
Male,0,Yes,Yes,2,No,No phone service,Fiber optic,No,No,No,Yes,No,Yes,Two year,Yes,Bank transfer (automatic),60.45,114.52,No
Male,0,No,No,16,Yes,Yes,No,No internet service,No internet service,No internet service,No internet service,No internet service,No internet service,Month-to-month,No,Bank transfer (automatic),25.67,382.37,No
Female,0,No,No,10,Yes,Yes,No,No internet service,No internet service,No internet service,No internet service,No internet service,No internet service,One year,Yes,Electronic check,19.65,189.28,No
Female,0,No,No,58,No,No phone service,Fiber optic,No,Yes,Yes,Yes,No,Yes,Month-to-month,Yes,Credit card (automatic),70.08,3807.93,Yes
Male,0,No,Yes,36,Yes,No,DSL,Yes,No,No,No,No,No,Month-to-month,No,Electronic check,58.89,2225.99,Yes
Female,0,No,No,45,Yes,No,No,No internet service,No internet service,No internet service,No internet service,No internet service,No internet service,One year,No,Electronic check,15.23,636.72,No
Male,0,Yes,Yes,18,Yes,No,DSL,No,Yes,Yes,Yes,Yes,No,Two year,No,Electronic check,69.06,1216.55,No
Male,0,No,No,22,No,No phone service,Fiber optic,Yes,No,No,Yes,Yes,Yes,One year,Yes,Bank transfer (automatic),71.28,1616.01,No
Female,0,Yes,Yes,20,Yes,No,Fiber optic,Yes,No,No,No,Yes,No,One year,Yes,Credit card (automatic),76.92,1540.33,Yes
Female,0,No,No,62,No,No phone service,Fiber optic,No,No,Yes,No,No,No,Month-to-month,Yes,Electronic check,49.7,2995.33,Yes
Female,0,Yes,Yes,50,Yes,Yes,DSL,No,Yes,Yes,No,Yes,Yes,One year,Yes,Bank transfer (automatic),71.92,3455.44,No
Female,0,Yes,Yes,6,Yes,Yes,Fiber optic,Yes,No,Yes,Yes,Yes,No,One year,Yes,Credit card (automatic),93.54,516.54,No
Female,0,No,No,3,Yes,Yes,No,No internet service,No internet service,No internet service,No internet service,No internet service,No internet service,Month-to-month,Yes,Bank transfer (automatic),23.32,73.3,Yes
Female,0,Yes,Yes,45,No,No phone service,Fiber optic,Yes,Yes,Yes,Yes,No,No,Month-to-month,Yes,Bank transfer (automatic),70.27,3149.96,Yes
Male,0,Yes,No,41,Yes,Yes,DSL,No,Yes,Yes,Yes,No,No,One year,No,Bank transfer (automatic),67.6,2706.35,No
Male,1,Yes,No,14,Yes,No,No,No internet service,No internet service,No internet service,No internet service,No internet service,No internet service,One year,No,Electronic check,16.58,239.31,No
Male,0,Yes,Yes,55,Yes,Yes,Fiber optic,No,Yes,No,Yes,Yes,No,Month-to-month,Yes,Credit card (automatic),91.04,4882.67,Yes
Male,0,No,No,17,Yes,No,DSL,No,No,Yes,No,Yes,No,Month-to-month,Yes,Electronic check,55.09,956.38,Yes
Male,0,No,No,27,Yes,No,Fiber optic,Yes,No,No,No,No,Yes,Month-to-month,Yes,Credit card (automatic),76.78,2052.04,No
Female,0,No,No,53,Yes,No,No,No internet service,No internet service,No internet service,No internet service,No internet service,No internet service,One year,Yes,Mailed check,20.29,1068.84,No
Female,0,Yes,No,71,Yes,Yes,DSL,Yes,No,No,No,Yes,No,One year,No,Bank transfer (automatic),62.44,4278.87,No
Female,0,Yes,Yes,29,Yes,No,No,No internet service,No internet service,No internet service,No internet service,No internet service,No internet service,Month-to-month,No,Credit card (automatic),21.23,634.47,No
Female,0,Yes,No,62,Yes,Yes,No,No internet service,No internet service,No internet service,No internet service,No internet service,No internet service,Month-to-month,No,Credit card (automatic),24.83,1428.81,No
Male,0,Yes,Yes,67,Yes,No,No,No internet service,No internet service,No internet service,No internet service,No internet service,No internet service,One year,No,Bank transfer (automatic),19.52,1292.48,No
Male,1,No,No,55,Yes,Yes,DSL,No,Yes,Yes,No,No,Yes,Month-to-month,Yes,Electronic check,68.17,3650.29,No
Male,0,Yes,Yes,23,Yes,No,DSL,No,No,No,Yes,Yes,Yes,Month-to-month,No,Mailed check,58.97,1377.36,Yes
Male,0,Yes,No,68,Yes,Yes,No,No internet service,No internet service,No internet service,No internet service,No internet service,No internet service,Month-to-month,Yes,Credit card (automatic),26.02,1680.89,No
Male,0,Yes,No,67,Yes,Yes,Fiber optic,No,Yes,Yes,No,No,No,Month-to-month,No,Bank transfer (automatic),84.39,5433.84,No
Female,0,Yes,No,31,No,No phone service,Fiber optic,Yes,Yes,No,No,No,Yes,Month-to-month,Yes,Electronic check,62.84,1963.64,Yes
Male,0,No,Yes,23,Yes,No,DSL,Yes,No,Yes,Yes,Yes,No,Two year,Yes,Electronic check,73.97,1679.03,No
Female,0,No,No,72,Yes,Yes,No,No internet service,No internet service,No internet service,No internet service,No internet service,No internet service,Two year,No,Credit card (automatic),26.97,1954.89,No
Male,0,Yes,Yes,70,Yes,Yes,No,No internet service,No internet service,No internet service,No internet service,No internet service,No internet service,One year,No,Electronic check,20.92,1372.38,No
Male,0,No,No,34,Yes,Yes,Fiber optic,Yes,No,Yes,No,No,No,Month-to-month,No,Electronic check,81.06,2699.23,Yes
Male,0,Yes,Yes,69,Yes,No,DSL,Yes,No,Yes,No,Yes,Yes,Month-to-month,No,Credit card (automatic),60.61,4054.12,No
Male,0,No,No,28,Yes,Yes,Fiber optic,Yes,No,No,Yes,Yes,No,Two year,Yes,Bank transfer (automatic),88.53,2584.21,No
Female,1,No,No,53,Yes,Yes,No,No internet service,No internet service,No internet service,No internet service,No internet service,No internet service,Month-to-month,No,Bank transfer (automatic),26.69,1368.49,No
Female,1,No,No,9,Yes,Yes,Fiber optic,No,No,Yes,Yes,No,Yes,Month-to-month,No,Mailed check,93.67,832.91,Yes
Female,0,Yes,Yes,45,Yes,Yes,DSL,No,No,No,No,No,No,Month-to-month,Yes,Credit card (automatic),50.1,2325.03,No
Male,0,No,No,55,Yes,Yes,DSL,No,Yes,Yes,No,No,No,Two year,No,Credit card (automatic),65.83,3668.01,No
Male,0,No,No,53,Yes,Yes,No,No internet service,No internet service,No internet service,No internet service,No internet service,No internet service,One year,Yes,Bank transfer (automatic),25.56,1350.05,No
Female,0,Yes,No,66,Yes,Yes,DSL,Yes,No,Yes,Yes,No,No,Month-to-month,No,Electronic check,71.48,4546.35,No
Male,1,No,No,8,Yes,Yes,Fiber optic,Yes,No,No,Yes,Yes,No,Two year,Yes,Bank transfer (automatic),88.67,652.13,No
Female,0,No,No,64,Yes,Yes,No,No internet service,No internet service,No internet service,No internet service,No internet service,No internet service,Month-to-month,Yes,Bank transfer (automatic),22.12,1327.91,No
Female,0,No,No,8,Yes,No,No,No internet service,No internet service,No internet service,No internet service,No internet service,No internet service,Month-to-month,No,Electronic check,20.97,173.09,Yes
Female,0,No,No,17,Yes,Yes,Fiber optic,No,No,No,No,Yes,Yes,Month-to-month,No,Electronic check,79.46,1337.62,Yes
Male,0,Yes,Yes,33,No,No phone service,DSL,Yes,Yes,No,No,Yes,Yes,One year,Yes,Mailed check,48.94,1643.69,No
Female,0,No,No,60,No,No phone service,DSL,No,No,No,No,No,Yes,Month-to-month,Yes,Electronic check,32.78,1898.4,Yes
Female,0,No,No,38,Yes,Yes,No,No internet service,No internet service,No internet service,No internet service,No internet service,No internet service,Month-to-month,Yes,Electronic check,23.38,915.34,No
Male,0,Yes,Yes,10,Yes,No,Fiber optic,No,No,No,No,No,No,Month-to-month,Yes,Bank transfer (automatic),67.89,695.91,Yes
Female,0,Yes,No,38,Yes,Yes,No,No internet service,No internet service,No internet service,No internet service,No internet service,No internet service,One year,No,Electronic check,23.65,858.07,No
Female,0,Yes,Yes,9,Yes,Yes,No,No internet service,No internet service,No internet service,No internet service,No internet service,No internet service,Month-to-month,No,Electronic check,23.29,200.99,Yes
Male,0,No,No,30,Yes,Yes,Fiber optic,No,No,No,No,No,No,Month-to-month,Yes,Electronic check,75.49,2193.87,No
Male,1,No,No,11,Yes,No,Fiber optic,Yes,No,No,No,Yes,Yes,One year,Yes,Bank transfer (automatic),84.53,863.68,Yes
Female,0,No,No,20,Yes,No,Fiber optic,No,No,No,No,No,Yes,Month-to-month,Yes,Credit card (automatic),75.29,1406.84,Yes
Male,0,No,No,13,Yes,No,Fiber optic,Yes,Yes,Yes,Yes,Yes,Yes,One year,Yes,Electronic check,100.15,1347.63,Yes
Male,0,No,No,52,Yes,No,DSL,No,No,No,No,Yes,Yes,Month-to-month,Yes,Mailed check,57.65,3048.42,No
Male,1,No,No,19,Yes,Yes,DSL,No,Yes,No,No,Yes,No,Month-to-month,Yes,Credit card (automatic),,1337.87,No
Male,0,No,No,51,Yes,No,Fiber optic,No,Yes,Yes,No,No,No,Month-to-month,Yes,Credit card (automatic),80.44,3828.83,No
Female,0,Yes,No,19,No,No phone service,Fiber optic,Yes,No,No,No,No,Yes,Month-to-month,Yes,Electronic check,55.96,1030.51,Yes
Male,0,Yes,Yes,52,Yes,No,Fiber optic,No,No,Yes,No,No,No,Month-to-month,Yes,Bank transfer (automatic),72.99,3990.68,Yes
Female,0,Yes,Yes,34,Yes,No,Fiber optic,No,No,Yes,No,No,Yes,One year,Yes,Electronic check,73.47,2543.31,No
Male,0,Yes,Yes,28,Yes,No,No,No internet service,No internet service,No internet service,No internet service,No internet service,No internet service,One year,Yes,Electronic check,18.37,516.6,No
Male,0,No,No,9,Yes,Yes,Fiber optic,No,Yes,Yes,Yes,Yes,No,Two year,Yes,Electronic check,95.08,903.38,No
Female,0,Yes,Yes,8,No,No phone service,Fiber optic,Yes,No,No,Yes,Yes,No,Two year,No,Credit card (automatic),67.22,491.42,No
Male,0,Yes,No,3,Yes,Yes,DSL,No,No,No,No,Yes,No,Month-to-month,No,Bank transfer (automatic),58.51,,Yes
Female,0,No,No,33,Yes,Yes,Fiber optic,Yes,No,Yes,No,No,Yes,Two year,No,Mailed check,88.68,2674.94,No
Male,0,No,No,13,Yes,No,Fiber optic,No,No,No,Yes,Yes,No,Month-to-month,Yes,Credit card (automatic),73.68,914.4,Yes
Male,0,Yes,No,8,Yes,No,DSL,Yes,No,No,No,No,No,Month-to-month,Yes,Electronic check,54.43,428.42,No
Female,0,Yes,Yes,26,Yes,Yes,Fiber optic,Yes,Yes,Yes,Yes,Yes,No,Two year,No,Credit card (automatic),95.03,2354.9,No
Male,1,No,No,62,Yes,Yes,DSL,No,Yes,Yes,No,Yes,No,One year,No,Bank transfer (automatic),67.43,3919.57,No
Male,0,No,No,6,Yes,Yes,DSL,Yes,No,No,No,No,Yes,Month-to-month,Yes,Mailed check,57.21,337.19,No
Female,0,Yes,No,10,Yes,Yes,DSL,No,Yes,Yes,Yes,Yes,No,One year,No,Electronic check,73.23,732.15,No
Male,0,Yes,Yes,36,No,No phone service,No,No internet service,No internet service,No internet service,No internet service,No internet service,No internet service,Month-to-month,Yes,Bank transfer (automatic),10.0,364.83,No
Male,0,No,No,30,Yes,No,DSL,No,Yes,No,Yes,Yes,Yes,One year,No,Mailed check,61.23,1761.16,No
Male,0,Yes,Yes,4,No,No phone service,Fiber optic,Yes,No,No,No,Yes,Yes,Two year,Yes,Credit card (automatic),61.53,255.71,No
Female,0,Yes,No,32,Yes,No,DSL,Yes,No,No,No,No,No,Month-to-month,No,Mailed check,54.08,1728.23,No
Male,0,No,No,15,Yes,No,DSL,No,Yes,Yes,Yes,No,Yes,One year,No,Mailed check,72.4,1130.79,Yes
Female,0,No,No,33,Yes,Yes,DSL,Yes,No,Yes,Yes,Yes,Yes,One year,Yes,Electronic check,74.15,2472.54,No
Male,0,No,No,44,Yes,Yes,DSL,Yes,No,Yes,Yes,Yes,Yes,Two year,No,Credit card (automatic),80.58,3580.19,No
Female,1,Yes,Yes,33,No,No phone service,No,No internet service,No internet service,No internet service,No internet service,No internet service,No internet service,Month-to-month,No,Mailed check,10.0,334.4,Yes
Male,0,No,No,14,Yes,No,DSL,Yes,Yes,No,No,No,Yes,One year,No,Bank transfer (automatic),63.82,915.81,No
Female,0,No,No,70,Yes,Yes,Fiber optic,Yes,No,No,No,Yes,No,Month-to-month,Yes,Mailed check,84.08,5966.79,No
Female,0,Yes,Yes,14,Yes,No,Fiber optic,No,No,No,No,Yes,No,Month-to-month,Yes,Mailed check,71.67,923.1,Yes
Female,0,No,No,29,Yes,No,No,No internet service,No internet service,No internet service,No internet service,No internet service,No internet service,One year,No,Electronic check,20.22,567.26,No
Male,0,Yes,Yes,41,Yes,Yes,DSL,No,No,No,Yes,Yes,No,Month-to-month,No,Credit card (automatic),59.89,2421.63,No
Male,0,Yes,Yes,17,Yes,No,DSL,No,Yes,No,No,No,Yes,Month-to-month,Yes,Electronic check,53.89,846.35,Yes
Female,0,Yes,No,57,Yes,No,Fiber optic,Yes,Yes,No,Yes,No,No,Month-to-month,Yes,Bank transfer (automatic),85.5,4950.06,Yes
Female,0,No,Yes,66,Yes,No,DSL,Yes,No,No,Yes,No,No,Month-to-month,Yes,Electronic check,55.01,3356.6,No
Female,1,Yes,No,33,No,No phone service,Fiber optic,No,No,Yes,Yes,No,No,One year,Yes,Electronic check,56.72,1869.65,No
Female,0,No,No,70,Yes,Yes,Fiber optic,Yes,No,No,Yes,No,Yes,One year,No,Credit card (automatic),89.05,6159.25,No
Female,0,No,No,6,Yes,No,DSL,Yes,No,No,Yes,No,No,Month-to-month,No,Electronic check,57.28,351.97,No
Female,0,Yes,Yes,13,Yes,No,DSL,Yes,Yes,No,Yes,No,No,Month-to-month,No,Bank transfer (automatic),64.04,864.24,Yes
Female,0,No,Yes,18,No,No phone service,Fiber optic,No,Yes,No,No,No,No,Month-to-month,No,Credit card (automatic),55.02,1014.1,Yes
Female,0,Yes,No,49,Yes,No,Fiber optic,Yes,Yes,No,Yes,No,No,Month-to-month,No,Electronic check,86.01,4409.93,No
Female,0,No,No,0,Yes,No,No,No internet service,No internet service,No internet service,No internet service,No internet service,No internet service,One year,No,Bank transfer (automatic),17.45,0.0,No
Female,0,No,No,49,Yes,Yes,DSL,No,Yes,No,Yes,Yes,No,One year,Yes,Mailed check,58.34,2790.15,No
Female,0,No,No,3,Yes,No,DSL,No,Yes,No,No,No,Yes,Month-to-month,No,Bank transfer (automatic),57.45,173.17,Yes
Male,0,Yes,No,37,Yes,No,Fiber optic,Yes,No,No,Yes,No,No,Month-to-month,Yes,Mailed check,81.21,2993.98,Yes
Female,0,Yes,Yes,6,Yes,No,Fiber optic,Yes,No,No,Yes,No,No,One year,Yes,Mailed check,77.88,477.04,No
Female,0,Yes,No,51,Yes,Yes,No,No internet service,No internet service,No internet service,No internet service,No internet service,No internet service,Month-to-month,Yes,Bank transfer (automatic),23.98,1249.62,No
Female,0,No,No,32,Yes,No,DSL,Yes,No,No,Yes,Yes,Yes,One year,Yes,Mailed check,65.29,1971.03,No
Female,0,Yes,No,22,Yes,No,Fiber optic,No,No,No,Yes,Yes,No,Month-to-month,Yes,Mailed check,79.05,1836.8,No
Male,0,No,No,72,No,No phone service,No,No internet service,No internet service,No internet service,No internet service,No internet service,No internet service,Month-to-month,Yes,Bank transfer (automatic),10.0,762.98,No
Female,0,No,No,33,Yes,Yes,DSL,Yes,No,No,No,No,Yes,Month-to-month,Yes,Credit card (automatic),63.81,2167.16,No
Male,0,No,No,36,Yes,Yes,Fiber optic,No,No,Yes,Yes,Yes,No,One year,Yes,Mailed check,87.27,2974.89,Yes
Male,0,No,No,71,Yes,Yes,Fiber optic,No,No,No,Yes,No,No,Month-to-month,Yes,Electronic check,79.16,5861.23,Yes
Female,0,No,No,10,Yes,Yes,Fiber optic,No,Yes,Yes,No,Yes,Yes,Month-to-month,Yes,Credit card (automatic),92.29,919.45,Yes
Male,0,No,No,5,Yes,No,DSL,No,No,No,No,Yes,Yes,Month-to-month,No,Electronic check,55.53,280.99,Yes
Female,0,Yes,No,70,Yes,Yes,Fiber optic,Yes,Yes,Yes,Yes,No,Yes,Two year,Yes,Mailed check,99.59,6772.19,No
Male,0,Yes,No,47,Yes,No,DSL,No,Yes,No,No,No,No,Month-to-month,No,Credit card (automatic),49.83,2359.03,No
Male,0,Yes,No,16,Yes,Yes,Fiber optic,Yes,Yes,No,No,No,No,Month-to-month,Yes,Bank transfer (automatic),80.1,1287.99,Yes
Female,0,No,No,53,Yes,Yes,No,No internet service,No internet service,No internet service,No internet service,No internet service,No internet service,Month-to-month,Yes,Bank transfer (automatic),21.8,1147.77,No
Female,0,No,No,57,Yes,No,No,No internet service,No internet service,No internet service,No internet service,No internet service,No internet service,Two year,No,Electronic check,16.81,924.13,No
Male,0,No,Yes,56,Yes,Yes,No,No internet service,No internet service,No internet service,No internet service,No internet service,No internet service,Two year,No,Electronic check,25.01,1312.56,No
Male,0,No,No,62,Yes,No,No,No internet service,No internet service,No internet service,No internet service,No internet service,No internet service,Month-to-month,No,Electronic check,18.65,1123.05,No
Female,1,No,No,5,Yes,No,No,No internet service,No internet service,No internet service,No internet service,No internet service,No internet service,One year,No,Bank transfer (automatic),15.84,80.85,No
Male,0,No,Yes,64,Yes,Yes,Fiber optic,No,Yes,No,No,Yes,No,Month-to-month,Yes,Bank transfer (automatic),87.94,5758.32,No
Female,0,Yes,Yes,41,Yes,No,DSL,Yes,No,Yes,No,No,Yes,Two year,No,Electronic check,59.57,2314.15,No
Female,0,No,No,29,Yes,Yes,Fiber optic,No,No,Yes,No,No,Yes,One year,Yes,Credit card (automatic),80.59,2367.32,Yes
Female,0,No,No,18,Yes,No,Fiber optic,No,No,No,No,No,No,Month-to-month,Yes,Credit card (automatic),70.92,1352.5,Yes
Male,0,Yes,Yes,67,Yes,No,No,No internet service,No internet service,No internet service,No internet service,No internet service,No internet service,Month-to-month,No,Mailed check,19.22,1191.45,Yes
Male,0,Yes,Yes,18,Yes,No,Fiber optic,No,Yes,No,No,Yes,Yes,Two year,Yes,Credit card (automatic),81.11,1509.76,No
Female,1,Yes,Yes,13,Yes,Yes,Fiber optic,No,Yes,Yes,Yes,No,Yes,One year,Yes,Bank transfer (automatic),93.77,1167.44,Yes
Male,0,No,No,16,Yes,Yes,DSL,No,No,No,No,No,Yes,Month-to-month,No,Mailed check,58.53,968.92,No
Female,0,Yes,Yes,7,Yes,Yes,DSL,Yes,Yes,No,Yes,No,No,Month-to-month,No,Bank transfer (automatic),70.58,463.44,No
Female,0,Yes,No,53,Yes,No,Fiber optic,No,No,No,No,No,No,Month-to-month,Yes,Credit card (automatic),66.82,3366.46,Yes
Male,0,No,No,64,Yes,No,DSL,Yes,No,Yes,No,No,No,One year,No,Mailed check,60.2,3746.54,No
Male,0,Yes,Yes,12,Yes,Yes,Fiber optic,No,Yes,Yes,Yes,Yes,Yes,One year,Yes,Bank transfer (automatic),101.4,1202.79,No
Female,0,No,No,41,Yes,No,DSL,Yes,Yes,No,Yes,No,No,Month-to-month,No,Mailed check,68.04,2617.63,No
Female,0,No,No,47,Yes,Yes,DSL,No,Yes,No,No,No,Yes,Month-to-month,Yes,Mailed check,65.92,3215.62,Yes
Female,1,No,No,47,No,No phone service,Fiber optic,Yes,No,No,No,No,No,Month-to-month,Yes,Bank transfer (automatic),56.38,2454.96,Yes
Male,0,No,No,3,Yes,Yes,Fiber optic,No,Yes,No,Yes,No,No,Two year,Yes,Bank transfer (automatic),82.26,240.73,Yes
Female,0,Yes,Yes,26,Yes,No,Fiber optic,No,No,Yes,Yes,No,No,Month-to-month,Yes,Bank transfer (automatic),82.6,2014.57,No
Male,1,Yes,Yes,1,No,No phone service,No,No internet service,No internet service,No internet service,No internet service,No internet service,No internet service,Month-to-month,No,Mailed check,10.0,9.38,Yes
Female,0,Yes,No,32,Yes,Yes,No,No internet service,No internet service,No internet service,No internet service,No internet service,No internet service,Month-to-month,Yes,Electronic check,24.03,718.93,No
Male,0,Yes,Yes,31,Yes,No,DSL,No,No,No,No,Yes,No,Month-to-month,No,Bank transfer (automatic),52.5,1629.42,No
Male,0,No,No,69,Yes,Yes,No,No internet service,No internet service,No internet service,No internet service,No internet service,No internet service,Two year,No,Mailed check,14.94,947.67,No
Male,0,No,Yes,44,Yes,No,Fiber optic,Yes,No,No,No,No,No,Month-to-month,Yes,Electronic check,76.19,3444.27,Yes
Female,1,Yes,No,7,Yes,No,Fiber optic,No,No,No,No,No,No,Month-to-month,Yes,Bank transfer (automatic),71.78,458.57,Yes
Female,0,Yes,No,22,Yes,No,DSL,No,No,No,No,Yes,No,Month-to-month,Yes,Mailed check,50.09,1099.22,Yes
Male,0,Yes,No,72,Yes,No,Fiber optic,Yes,No,No,No,No,No,Month-to-month,Yes,Electronic check,74.46,5166.07,Yes
Female,0,Yes,No,1,Yes,No,Fiber optic,Yes,Yes,Yes,No,Yes,No,Two year,Yes,Credit card (automatic),84.24,76.66,Yes
Female,0,No,No,45,Yes,Yes,DSL,No,Yes,No,Yes,No,No,Month-to-month,Yes,Bank transfer (automatic),63.92,2925.84,Yes
Female,0,Yes,No,63,Yes,No,DSL,Yes,Yes,Yes,Yes,No,No,One year,Yes,Electronic check,65.98,4390.08,No
Male,0,Yes,Yes,29,Yes,Yes,Fiber optic,No,No,Yes,No,Yes,No,Two year,Yes,Credit card (automatic),83.85,2331.36,Yes
Female,0,No,No,15,Yes,No,DSL,Yes,No,No,No,Yes,Yes,One year,No,Bank transfer (automatic),63.18,1001.11,No
Male,0,No,No,69,Yes,No,Fiber optic,No,No,No,Yes,Yes,Yes,Month-to-month,Yes,Electronic check,86.91,6036.08,Yes
Female,0,Yes,No,31,Yes,Yes,DSL,Yes,Yes,No,Yes,No,No,Month-to-month,No,Electronic check,66.34,2134.1,No
Female,0,No,No,45,Yes,No,No,No internet service,No internet service,No internet service,No internet service,No internet service,No internet service,Month-to-month,No,Mailed check,18.9,775.2,No
Male,0,Yes,No,56,Yes,Yes,Fiber optic,No,Yes,Yes,No,Yes,Yes,One year,Yes,Mailed check,94.15,5086.04,No
Female,0,No,No,65,Yes,Yes,Fiber optic,No,No,Yes,No,No,No,Month-to-month,Yes,Bank transfer (automatic),74.8,4964.24,No
Male,0,Yes,Yes,71,Yes,Yes,DSL,No,No,No,Yes,Yes,No,Two year,Yes,Electronic check,63.56,4141.76,No
Female,0,No,No,21,Yes,Yes,Fiber optic,Yes,Yes,Yes,Yes,No,No,One year,No,Electronic check,91.43,1988.39,No
Male,0,No,No,50,Yes,No,Fiber optic,No,Yes,Yes,No,Yes,Yes,One year,Yes,Mailed check,89.04,4247.12,No
Female,1,No,No,6,Yes,No,DSL,No,Yes,Yes,Yes,No,Yes,One year,No,Bank transfer (automatic),71.25,434.14,No
Female,0,No,Yes,19,Yes,No,Fiber optic,No,No,No,No,No,Yes,Month-to-month,Yes,Mailed check,67.36,1175.67,No
Male,1,No,No,43,Yes,No,Fiber optic,No,No,No,No,No,No,Month-to-month,Yes,Electronic check,63.53,2812.27,No
Male,0,Yes,No,59,Yes,No,Fiber optic,Yes,No,Yes,Yes,Yes,Yes,Two year,Yes,Bank transfer (automatic),94.72,5791.41,No
Female,0,Yes,Yes,15,Yes,Yes,DSL,Yes,Yes,No,No,No,Yes,One year,No,Credit card (automatic),68.73,965.85,No
Male,0,Yes,No,46,Yes,No,No,No internet service,No internet service,No internet service,No internet service,No internet service,No internet service,Month-to-month,Yes,Electronic check,20.46,934.18,No
Male,1,Yes,No,28,Yes,No,Fiber optic,No,Yes,Yes,No,No,Yes,One year,Yes,Mailed check,87.7,2452.09,Yes
Female,0,No,No,24,Yes,No,Fiber optic,No,No,No,Yes,No,No,Month-to-month,Yes,Bank transfer (automatic),71.73,1704.05,Yes
Male,0,No,Yes,5,Yes,Yes,No,No internet service,No internet service,No internet service,No internet service,No internet service,No internet service,Month-to-month,Yes,Credit card (automatic),23.25,116.3,No
Male,0,Yes,No,39,Yes,No,Fiber optic,No,No,Yes,Yes,Yes,No,Two year,No,Electronic check,81.47,2915.03,No
Female,0,Yes,No,58,Yes,Yes,No,No internet service,No internet service,No internet service,No internet service,No internet service,No internet service,Two year,No,Credit card (automatic),21.61,1226.29,No
Female,0,Yes,No,13,Yes,No,Fiber optic,No,No,Yes,Yes,Yes,No,Month-to-month,No,Credit card (automatic),84.34,1020.3,Yes
Male,0,Yes,No,34,Yes,No,DSL,Yes,Yes,No,No,Yes,No,One year,No,Mailed check,58.56,1996.2,Yes
Male,0,No,No,65,Yes,No,Fiber optic,Yes,No,No,No,Yes,No,Month-to-month,No,Electronic check,80.74,5540.13,No
Male,0,Yes,No,26,No,No phone service,No,No internet service,No internet service,No internet service,No internet service,No internet service,No internet service,One year,Yes,Bank transfer (automatic),10.0,253.93,No
Male,0,No,No,47,Yes,No,DSL,Yes,No,Yes,No,Yes,No,One year,No,Bank transfer (automatic),61.51,2701.24,No
Male,0,Yes,Yes,32,Yes,Yes,DSL,No,No,Yes,Yes,Yes,No,One year,Yes,Electronic check,71.68,2315.38,No
Male,0,Yes,No,10,No,No phone service,DSL,No,No,No,Yes,Yes,No,One year,Yes,Mailed check,41.93,442.28,No
Male,0,Yes,No,66,Yes,No,Fiber optic,No,Yes,No,Yes,Yes,No,Two year,No,Electronic check,85.66,5186.72,No
Female,0,No,No,43,Yes,No,No,No internet service,No internet service,No internet service,No internet service,No internet service,No internet service,One year,No,Electronic check,20.49,825.07,No
Male,0,No,Yes,28,No,No phone service,DSL,No,Yes,No,No,No,No,Month-to-month,No,Electronic check,34.35,899.39,No
Male,0,No,No,24,Yes,Yes,Fiber optic,No,Yes,Yes,Yes,Yes,Yes,Two year,Yes,Credit card (automatic),95.93,2361.41,No
Female,0,Yes,No,8,Yes,No,Fiber optic,Yes,Yes,No,No,No,Yes,Month-to-month,Yes,Credit card (automatic),85.7,699.57,Yes
Female,0,Yes,Yes,65,Yes,No,Fiber optic,No,No,No,Yes,No,No,Month-to-month,Yes,Mailed check,74.28,4793.43,No
Male,0,No,No,2,Yes,Yes,No,No internet service,No internet service,No internet service,No internet service,No internet service,No internet service,Month-to-month,Yes,Credit card (automatic),24.84,46.57,Yes
Male,0,Yes,No,44,Yes,No,Fiber optic,No,No,No,Yes,No,No,Month-to-month,Yes,Electronic check,66.54,2673.05,Yes
Male,0,No,No,24,Yes,Yes,DSL,No,Yes,Yes,No,No,Yes,Month-to-month,Yes,Credit card (automatic),64.03,1457.1,No
Female,0,No,No,38,Yes,No,No,No internet service,No internet service,No internet service,No internet service,No internet service,No internet service,Two year,No,Bank transfer (automatic),19.98,748.04,No
Male,0,No,No,42,Yes,Yes,DSL,No,Yes,Yes,Yes,Yes,Yes,One year,No,Mailed check,76.26,3270.63,No
Male,0,No,No,53,Yes,Yes,DSL,Yes,No,No,No,No,Yes,Month-to-month,Yes,Electronic check,56.55,2996.71,No
Male,0,Yes,Yes,51,Yes,Yes,No,No internet service,No internet service,No internet service,No internet service,No internet service,No internet service,One year,Yes,Bank transfer (automatic),23.65,1106.61,No
Male,0,Yes,Yes,29,Yes,Yes,DSL,Yes,No,No,No,No,No,Month-to-month,No,Electronic check,57.68,1564.87,No
Male,0,No,No,22,Yes,Yes,Fiber optic,No,No,No,No,No,No,Month-to-month,No,Electronic check,75.69,1741.53,Yes
Female,0,No,No,38,Yes,Yes,No,No internet service,No internet service,No internet service,No internet service,No internet service,No internet service,Two year,Yes,Mailed check,25.0,921.73,No
Female,0,No,No,11,No,No phone service,DSL,No,Yes,No,Yes,Yes,Yes,One year,No,Credit card (automatic),,519.38,No
Female,0,Yes,No,8,Yes,Yes,Fiber optic,No,No,Yes,Yes,Yes,No,One year,Yes,Electronic check,87.79,693.46,No
Male,0,No,No,49,No,No phone service,No,No internet service,No internet service,No internet service,No internet service,No internet service,No internet service,Month-to-month,Yes,Electronic check,10.0,511.6,No
Female,0,No,No,41,Yes,Yes,Fiber optic,No,Yes,Yes,No,No,Yes,One year,Yes,Electronic check,93.17,3735.22,Yes
Female,0,Yes,No,49,Yes,Yes,Fiber optic,Yes,No,Yes,No,Yes,Yes,One year,Yes,Mailed check,92.1,4109.0,No
Male,0,No,No,18,Yes,Yes,Fiber optic,Yes,Yes,Yes,No,No,No,Month-to-month,No,Electronic check,90.95,1574.01,Yes
Female,0,Yes,No,59,No,No phone service,DSL,Yes,No,Yes,No,No,No,Month-to-month,Yes,Credit card (automatic),44.13,2501.51,No
Female,0,Yes,No,41,Yes,No,Fiber optic,Yes,No,No,No,No,No,Month-to-month,Yes,Electronic check,72.74,3027.88,Yes
Male,0,Yes,Yes,24,Yes,Yes,No,No internet service,No internet service,No internet service,No internet service,No internet service,No internet service,One year,Yes,Electronic check,25.12,577.9,No
Female,0,No,No,33,Yes,Yes,Fiber optic,Yes,Yes,Yes,Yes,Yes,No,One year,Yes,Electronic check,98.05,3406.06,No
Male,0,Yes,No,19,Yes,No,Fiber optic,Yes,Yes,No,No,Yes,No,Month-to-month,Yes,Credit card (automatic),79.68,1558.37,No
Male,0,No,No,8,Yes,Yes,DSL,Yes,No,No,No,No,Yes,Two year,Yes,Credit card (automatic),62.3,478.07,No
Male,0,Yes,Yes,46,Yes,No,Fiber optic,No,Yes,No,No,No,Yes,Month-to-month,No,Mailed check,78.43,3511.54,Yes
Female,1,Yes,No,63,Yes,Yes,DSL,Yes,No,No,Yes,Yes,No,One year,No,Electronic check,66.72,3895.61,No
Female,0,No,Yes,5,Yes,No,DSL,Yes,Yes,No,Yes,No,No,Month-to-month,Yes,Bank transfer (automatic),63.63,335.13,Yes
Male,0,Yes,No,39,Yes,Yes,Fiber optic,No,Yes,No,No,No,Yes,Month-to-month,No,Electronic check,81.15,2897.53,Yes
Male,0,Yes,No,41,Yes,No,No,No internet service,No internet service,No internet service,No internet service,No internet service,No internet service,Two year,No,Bank transfer (automatic),20.74,806.58,No
Female,1,Yes,Yes,71,Yes,No,No,No internet service,No internet service,No internet service,No internet service,No internet service,No internet service,Two year,No,Electronic check,19.02,1230.55,No
Female,0,Yes,Yes,16,Yes,No,DSL,No,Yes,No,No,Yes,No,Two year,No,Credit card (automatic),60.25,974.36,No
Male,0,No,Yes,32,Yes,Yes,Fiber optic,No,No,Yes,No,Yes,No,Two year,Yes,Bank transfer (automatic),84.36,2823.36,No
Male,0,Yes,No,30,Yes,No,DSL,Yes,Yes,No,No,Yes,No,Two year,Yes,Mailed check,61.75,1708.97,Yes
Female,0,No,No,13,Yes,Yes,No,No internet service,No internet service,No internet service,No internet service,No internet service,No internet service,One year,No,Electronic check,25.94,318.22,Yes
Female,0,No,No,60,Yes,No,No,No internet service,No internet service,No internet service,No internet service,No internet service,No internet service,Month-to-month,No,Credit card (automatic),22.33,1375.68,No
Female,0,Yes,Yes,18,Yes,No,Fiber optic,No,No,No,No,No,No,Month-to-month,Yes,Bank transfer (automatic),62.94,1127.73,Yes
Male,0,No,Yes,50,Yes,No,Fiber optic,No,Yes,No,No,Yes,Yes,Month-to-month,Yes,Mailed check,82.22,4118.86,Yes
Male,0,No,No,5,Yes,Yes,Fiber optic,No,No,Yes,Yes,No,No,Month-to-month,Yes,Electronic check,85.52,450.1,Yes
Female,0,No,No,10,Yes,No,DSL,Yes,No,Yes,Yes,Yes,Yes,One year,Yes,Electronic check,71.92,736.5,Yes
Male,0,Yes,No,69,Yes,Yes,DSL,No,No,No,No,No,No,Month-to-month,No,Mailed check,50.27,3413.24,No
Male,0,Yes,Yes,57,Yes,Yes,DSL,Yes,Yes,No,Yes,No,No,One year,Yes,Bank transfer (automatic),67.65,3702.8,No
Male,0,No,No,5,Yes,Yes,No,No internet service,No internet service,No internet service,No internet service,No internet service,No internet service,One year,No,Bank transfer (automatic),20.4,99.57,No
Female,0,Yes,No,67,Yes,Yes,Fiber optic,Yes,Yes,Yes,Yes,No,No,One year,Yes,Bank transfer (automatic),90.78,6179.2,No
Male,0,No,No,63,Yes,Yes,No,No internet service,No internet service,No internet service,No internet service,No internet service,No internet service,Month-to-month,No,Credit card (automatic),25.17,1642.83,No
Female,0,No,No,4,Yes,Yes,Fiber optic,No,No,No,Yes,Yes,No,Month-to-month,No,Electronic check,82.92,307.02,Yes
Female,0,Yes,No,50,Yes,Yes,No,No internet service,No internet service,No internet service,No internet service,No internet service,No internet service,One year,No,Credit card (automatic),20.99,958.39,No
Male,0,No,No,49,Yes,Yes,Fiber optic,Yes,No,Yes,Yes,No,No,Month-to-month,Yes,Credit card (automatic),86.45,4403.42,No
Male,0,No,No,27,No,No phone service,Fiber optic,Yes,Yes,No,No,No,No,One year,No,Electronic check,60.25,1604.95,Yes
Male,0,Yes,Yes,50,Yes,Yes,DSL,No,Yes,Yes,Yes,Yes,Yes,Two year,Yes,Electronic check,71.8,3497.93,No
Female,1,Yes,Yes,29,No,No phone service,Fiber optic,Yes,Yes,No,No,No,Yes,Month-to-month,Yes,Credit card (automatic),66.73,2012.25,No
Male,0,Yes,Yes,39,Yes,No,Fiber optic,No,No,No,No,No,Yes,Two year,Yes,Credit card (automatic),71.33,2942.04,No
Female,0,No,Yes,57,Yes,No,Fiber optic,No,Yes,Yes,No,Yes,No,Month-to-month,Yes,Bank transfer (automatic),82.35,4818.05,No
Male,0,No,No,68,Yes,No,DSL,No,Yes,No,No,Yes,Yes,Month-to-month,Yes,Mailed check,,4400.89,No
Female,0,Yes,No,46,Yes,Yes,DSL,No,No,No,No,Yes,Yes,One year,No,Mailed check,61.26,2591.05,No
Male,1,No,No,36,Yes,No,Fiber optic,No,No,No,No,No,Yes,Month-to-month,Yes,Bank transfer (automatic),73.22,2701.15,Yes
Female,0,No,No,19,Yes,Yes,Fiber optic,No,No,No,No,Yes,Yes,Month-to-month,No,Electronic check,83.66,1574.88,Yes
Female,0,Yes,Yes,13,Yes,No,Fiber optic,No,No,Yes,Yes,Yes,No,Month-to-month,Yes,Electronic check,84.58,1123.67,Yes
Male,0,No,No,49,Yes,Yes,No,No internet service,No internet service,No internet service,No internet service,No internet service,No internet service,Month-to-month,Yes,Bank transfer (automatic),23.43,1088.19,No
Male,0,Yes,Yes,46,Yes,Yes,Fiber optic,No,No,No,No,Yes,Yes,Month-to-month,Yes,Credit card (automatic),81.13,3767.26,Yes
Male,0,Yes,No,62,Yes,No,Fiber optic,No,No,No,No,No,Yes,Month-to-month,Yes,Bank transfer (automatic),75.39,4358.26,No
Male,0,Yes,Yes,70,Yes,No,No,No internet service,No internet service,No internet service,No internet service,No internet service,No internet service,Month-to-month,Yes,Electronic check,20.79,1395.85,No
Female,0,Yes,No,6,Yes,Yes,No,No internet service,No internet service,No internet service,No internet service,No internet service,No internet service,One year,No,Electronic check,21.65,124.34,No
Female,0,Yes,No,6,Yes,No,Fiber optic,No,No,No,No,No,No,Month-to-month,Yes,Mailed check,67.6,406.35,No
Male,0,No,Yes,56,Yes,No,Fiber optic,No,Yes,No,No,No,No,Month-to-month,No,Bank transfer (automatic),70.02,3593.07,Yes
Female,0,No,No,21,Yes,Yes,DSL,Yes,Yes,No,No,Yes,Yes,One year,Yes,Bank transfer (automatic),74.22,1552.7,No
Female,1,No,Yes,30,Yes,No,Fiber optic,No,Yes,No,No,No,Yes,Month-to-month,Yes,Electronic check,76.9,2280.85,Yes
Female,0,No,No,16,Yes,No,Fiber optic,No,Yes,Yes,Yes,No,No,Two year,Yes,Electronic check,88.79,1332.82,Yes
Male,0,No,No,29,Yes,No,Fiber optic,No,Yes,No,No,Yes,No,Month-to-month,Yes,Electronic check,76.39,2192.48,Yes
Male,0,No,Yes,38,Yes,No,No,No internet service,No internet service,No internet service,No internet service,No internet service,No internet service,Month-to-month,No,Electronic check,13.03,493.73,No
Female,0,Yes,No,24,Yes,No,Fiber optic,No,Yes,Yes,No,Yes,Yes,One year,No,Credit card (automatic),88.26,1989.24,No
Male,0,Yes,No,20,No,No phone service,DSL,Yes,No,No,Yes,No,Yes,Month-to-month,No,Mailed check,46.46,900.41,No
Male,0,Yes,No,35,Yes,No,DSL,No,No,Yes,Yes,No,No,Month-to-month,No,Electronic check,60.18,2023.34,Yes
Male,0,No,No,1,Yes,No,DSL,Yes,No,Yes,No,No,Yes,Two year,No,Mailed check,61.77,57.6,No
Male,0,Yes,Yes,2,Yes,Yes,Fiber optic,No,No,Yes,Yes,No,Yes,Month-to-month,No,Electronic check,89.24,182.98,No
Female,0,Yes,No,43,Yes,No,No,No internet service,No internet service,No internet service,No internet service,No internet service,No internet service,Month-to-month,No,Mailed check,14.61,607.03,No
Male,1,No,No,13,Yes,No,DSL,No,Yes,Yes,Yes,No,No,One year,Yes,Credit card (automatic),64.04,757.64,No
Male,0,Yes,Yes,57,No,No phone service,DSL,Yes,No,Yes,No,Yes,No,Month-to-month,Yes,Electronic check,40.61,2171.93,No
Male,0,Yes,Yes,62,Yes,No,No,No internet service,No internet service,No internet service,No internet service,No internet service,No internet service,Month-to-month,Yes,Electronic check,20.84,1335.03,Yes
Male,0,No,No,9,Yes,Yes,Fiber optic,No,Yes,Yes,No,Yes,Yes,One year,Yes,Credit card (automatic),89.52,737.27,No
Male,0,Yes,No,49,Yes,Yes,No,No internet service,No internet service,No internet service,No internet service,No internet service,No internet service,Month-to-month,No,Electronic check,23.62,1190.24,Yes
Female,0,Yes,No,48,Yes,Yes,Fiber optic,No,Yes,No,Yes,Yes,Yes,Month-to-month,Yes,Electronic check,92.19,4113.58,Yes
Male,0,Yes,No,44,No,No phone service,DSL,Yes,No,No,No,No,No,Month-to-month,No,Credit card (automatic),36.26,1478.84,No
Female,0,Yes,Yes,48,Yes,Yes,Fiber optic,Yes,No,Yes,No,Yes,Yes,One year,Yes,Credit card (automatic),98.46,4451.04,No
Female,1,No,No,32,Yes,No,DSL,No,No,No,No,No,No,Month-to-month,No,Electronic check,52.23,1599.51,Yes
Female,0,Yes,Yes,14,Yes,Yes,Fiber optic,No,Yes,No,Yes,Yes,No,Two year,No,Electronic check,87.08,1288.85,No
Male,0,No,No,66,Yes,No,No,No internet service,No internet service,No internet service,No internet service,No internet service,No internet service,One year,Yes,Electronic check,18.59,1227.64,No
Male,0,No,Yes,42,Yes,Yes,Fiber optic,Yes,No,No,No,No,No,Month-to-month,No,Electronic check,78.15,3368.47,Yes
Female,0,No,No,9,Yes,No,DSL,Yes,No,No,No,Yes,Yes,Month-to-month,No,Electronic check,63.83,601.38,Yes
Male,1,Yes,No,37,Yes,No,DSL,No,Yes,Yes,No,No,No,Two year,Yes,Bank transfer (automatic),60.54,2293.27,No
Female,0,No,No,40,Yes,Yes,DSL,Yes,No,No,Yes,No,No,Month-to-month,No,Mailed check,57.22,2220.97,No
Female,0,Yes,No,44,Yes,No,Fiber optic,No,No,Yes,No,No,No,Month-to-month,Yes,Bank transfer (automatic),74.5,2989.85,No
Female,0,Yes,No,52,Yes,No,DSL,Yes,Yes,Yes,No,No,No,One year,Yes,Bank transfer (automatic),63.56,3094.42,No
Male,0,No,No,64,Yes,No,No,No internet service,No internet service,No internet service,No internet service,No internet service,No internet service,Month-to-month,Yes,Electronic check,20.27,1236.1,No
Male,0,Yes,No,41,Yes,Yes,Fiber optic,No,Yes,Yes,No,No,No,Month-to-month,Yes,Bank transfer (automatic),82.99,3449.9,Yes
Male,0,No,No,65,Yes,No,No,No internet service,No internet service,No internet service,No internet service,No internet service,No internet service,Two year,No,Credit card (automatic),17.5,1068.29,No
Male,1,No,Yes,40,Yes,Yes,DSL,No,No,No,No,Yes,Yes,Month-to-month,No,Electronic check,60.71,2369.91,Yes
Female,1,Yes,No,11,Yes,Yes,Fiber optic,Yes,Yes,No,No,No,No,Month-to-month,Yes,Electronic check,81.2,932.02,Yes
Male,0,No,No,13,Yes,Yes,No,No internet service,No internet service,No internet service,No internet service,No internet service,No internet service,Two year,Yes,Mailed check,28.99,365.8,No
Male,0,No,No,51,Yes,Yes,No,No internet service,No internet service,No internet service,No internet service,No internet service,No internet service,Month-to-month,Yes,Bank transfer (automatic),25.63,1362.58,No
Male,0,Yes,Yes,65,Yes,Yes,Fiber optic,Yes,No,No,No,No,No,Month-to-month,Yes,Mailed check,79.97,4971.24,Yes
Male,1,Yes,Yes,53,Yes,Yes,DSL,No,No,No,No,Yes,No,Month-to-month,Yes,Electronic check,55.85,2970.55,Yes
Female,0,No,No,39,Yes,Yes,Fiber optic,No,No,No,No,Yes,No,Month-to-month,Yes,Electronic check,73.74,2811.38,Yes
Male,0,Yes,Yes,67,Yes,Yes,DSL,Yes,No,Yes,No,No,No,Month-to-month,Yes,Bank transfer (automatic),62.91,3971.02,No
Male,0,Yes,No,40,Yes,No,Fiber optic,Yes,Yes,Yes,No,No,No,Two year,Yes,Mailed check,78.98,3222.63,No
Male,0,No,No,19,Yes,Yes,Fiber optic,No,No,Yes,No,Yes,No,Month-to-month,Yes,Electronic check,80.45,1567.21,Yes
Male,1,Yes,No,13,No,No phone service,Fiber optic,Yes,No,No,No,No,Yes,Month-to-month,Yes,Electronic check,58.58,719.09,Yes
Male,0,No,No,21,Yes,Yes,DSL,No,No,Yes,No,Yes,No,Month-to-month,No,Electronic check,59.36,1301.17,No
Female,0,No,Yes,26,Yes,Yes,No,No internet service,No internet service,No internet service,No internet service,No internet service,No internet service,Month-to-month,No,Bank transfer (automatic),25.66,643.72,No
Male,0,Yes,No,71,Yes,No,DSL,No,No,No,Yes,No,No,Month-to-month,Yes,Electronic check,53.58,3489.79,No
Male,0,Yes,Yes,71,Yes,No,Fiber optic,Yes,Yes,No,Yes,No,No,Two year,Yes,Mailed check,77.85,5205.55,No
Male,0,No,No,1,Yes,No,DSL,No,No,No,No,No,Yes,Month-to-month,No,Electronic check,54.84,57.05,Yes
Female,0,Yes,Yes,47,Yes,Yes,DSL,No,Yes,Yes,Yes,Yes,No,One year,Yes,Electronic check,76.18,3618.58,No
Male,0,No,No,11,Yes,No,Fiber optic,No,No,No,No,No,No,Month-to-month,Yes,Mailed check,68.8,723.56,No
Male,0,No,No,40,Yes,Yes,DSL,No,No,No,Yes,Yes,No,Month-to-month,No,Credit card (automatic),66.82,2676.46,Yes
Male,0,Yes,Yes,30,No,No phone service,No,No internet service,No internet service,No internet service,No internet service,No internet service,No internet service,Two year,No,Credit card (automatic),10.0,284.04,No
Male,0,Yes,No,43,Yes,No,No,No internet service,No internet service,No internet service,No internet service,No internet service,No internet service,Month-to-month,No,Electronic check,17.63,799.73,Yes
Female,0,No,No,40,Yes,No,DSL,No,Yes,Yes,No,No,No,Month-to-month,Yes,Electronic check,56.56,2091.56,Yes
Female,0,No,No,57,Yes,Yes,DSL,Yes,Yes,Yes,No,No,Yes,Month-to-month,No,Electronic check,76.52,4549.77,Yes
Male,0,No,No,48,Yes,No,Fiber optic,No,No,Yes,No,No,No,Two year,Yes,Mailed check,77.69,3925.74,No
Female,0,No,No,1,Yes,Yes,Fiber optic,No,Yes,No,Yes,No,No,Month-to-month,Yes,Mailed check,81.69,82.14,No
Male,0,No,No,27,Yes,No,Fiber optic,Yes,No,No,No,No,No,One year,Yes,Credit card (automatic),68.16,1842.18,No
Male,0,Yes,No,35,Yes,Yes,DSL,Yes,No,No,No,No,No,Month-to-month,Yes,Electronic check,59.89,2139.0,Yes
Female,0,No,No,10,Yes,No,DSL,No,No,No,Yes,No,No,Month-to-month,Yes,Mailed check,54.12,520.79,No
Female,0,Yes,No,45,Yes,Yes,DSL,No,No,Yes,No,Yes,No,Month-to-month,Yes,Electronic check,67.09,3147.38,Yes
Male,0,Yes,No,40,Yes,Yes,Fiber optic,No,No,No,No,No,Yes,Two year,No,Electronic check,82.01,3206.08,No
Male,0,No,Yes,52,No,No phone service,Fiber optic,No,No,No,No,Yes,No,Month-to-month,Yes,Mailed check,56.51,3008.76,No
Female,1,No,No,39,Yes,Yes,No,No internet service,No internet service,No internet service,No internet service,No internet service,No internet service,One year,Yes,Bank transfer (automatic),21.98,786.42,No
Female,0,No,No,46,Yes,Yes,DSL,Yes,Yes,Yes,No,Yes,No,One year,Yes,Mailed check,71.85,3130.87,No
Male,0,No,No,58,Yes,Yes,Fiber optic,No,No,No,No,No,No,Month-to-month,Yes,Credit card (automatic),69.41,4029.39,Yes
Male,0,Yes,No,69,Yes,No,Fiber optic,Yes,No,Yes,No,No,Yes,One year,Yes,Electronic check,78.57,5626.02,No
Male,0,Yes,No,23,No,No phone service,Fiber optic,Yes,Yes,Yes,Yes,Yes,Yes,Two year,Yes,Credit card (automatic),76.21,1843.11,No
Male,0,No,Yes,71,No,No phone service,Fiber optic,Yes,No,Yes,No,Yes,Yes,Month-to-month,Yes,Mailed check,72.28,5175.34,No
Male,0,Yes,Yes,0,Yes,No,No,No internet service,No internet service,No internet service,No internet service,No internet service,No internet service,Month-to-month,No,Mailed check,16.85,0.0,No
Male,0,No,No,43,Yes,No,Fiber optic,No,Yes,No,Yes,Yes,No,Two year,No,Bank transfer (automatic),84.15,3810.98,No
Female,0,Yes,No,32,No,No phone service,DSL,No,No,Yes,Yes,Yes,No,Month-to-month,No,Electronic check,44.22,1409.87,Yes
Male,1,No,No,47,Yes,No,Fiber optic,No,No,No,No,No,No,Month-to-month,No,Bank transfer (automatic),64.25,3179.18,Yes
Female,0,Yes,No,16,Yes,No,Fiber optic,Yes,Yes,Yes,Yes,No,Yes,One year,No,Mailed check,94.13,1537.98,No
Female,0,No,No,45,Yes,Yes,DSL,No,No,No,No,Yes,No,Month-to-month,Yes,Bank transfer (automatic),51.93,2155.76,No
Female,0,No,Yes,16,Yes,Yes,Fiber optic,Yes,No,No,No,Yes,Yes,One year,Yes,Mailed check,88.36,1436.27,No
Male,1,No,No,57,Yes,No,No,No internet service,No internet service,No internet service,No internet service,No internet service,No internet service,Month-to-month,No,Credit card (automatic),15.54,892.17,No
Female,0,Yes,Yes,0,Yes,Yes,No,No internet service,No internet service,No internet service,No internet service,No internet service,No internet service,One year,Yes,Electronic check,26.82,0.0,Yes
Female,0,No,No,38,Yes,No,Fiber optic,Yes,No,No,No,No,No,One year,Yes,Bank transfer (automatic),67.48,2456.31,No
Male,0,No,No,36,Yes,No,DSL,No,No,No,No,Yes,No,Month-to-month,Yes,Mailed check,54.2,1966.06,Yes
Female,0,Yes,No,41,Yes,No,Fiber optic,Yes,No,Yes,No,Yes,No,One year,No,Electronic check,84.31,3260.26,No
Male,1,No,No,32,Yes,Yes,No,No internet service,No internet service,No internet service,No internet service,No internet service,No internet service,Two year,Yes,Bank transfer (automatic),25.72,854.14,No
Female,0,No,No,71,Yes,Yes,Fiber optic,Yes,No,Yes,No,No,Yes,Month-to-month,No,Bank transfer (automatic),83.74,5480.54,No
Female,0,Yes,Yes,72,Yes,No,Fiber optic,Yes,Yes,No,No,No,No,Month-to-month,Yes,Electronic check,75.72,5123.57,No
Male,0,Yes,No,22,Yes,No,DSL,Yes,Yes,Yes,Yes,No,Yes,One year,No,Credit card (automatic),74.81,1726.19,No
Male,0,Yes,Yes,69,Yes,No,No,No internet service,No internet service,No internet service,No internet service,No internet service,No internet service,Month-to-month,No,Mailed check,18.19,1180.64,No
Female,0,Yes,No,52,No,No phone service,No,No internet service,No internet service,No internet service,No internet service,No internet service,No internet service,Month-to-month,Yes,Mailed check,10.0,515.84,No
Female,0,Yes,No,64,Yes,Yes,No,No internet service,No internet service,No internet service,No internet service,No internet service,No internet service,One year,Yes,Electronic check,24.96,1467.23,No
Male,0,No,Yes,29,Yes,Yes,DSL,Yes,Yes,No,No,No,No,Two year,Yes,Electronic check,63.84,1867.86,No
Male,0,Yes,No,57,Yes,No,DSL,Yes,No,Yes,Yes,Yes,No,Two year,No,Credit card (automatic),72.64,4109.56,No
Male,0,Yes,No,21,Yes,Yes,No,No internet service,No internet service,No internet service,No internet service,No internet service,No internet service,Month-to-month,Yes,Electronic check,26.53,587.87,No
Male,1,No,No,5,Yes,No,DSL,No,No,Yes,No,Yes,No,Month-to-month,No,Electronic check,57.3,273.7,No
Female,0,No,No,62,Yes,No,Fiber optic,No,No,Yes,Yes,No,Yes,Two year,No,Electronic check,86.36,4960.94,No
Male,0,Yes,Yes,59,No,No phone service,DSL,No,No,Yes,Yes,Yes,Yes,One year,No,Bank transfer (automatic),46.9,2739.21,No
Female,1,Yes,Yes,27,Yes,No,No,No internet service,No internet service,No internet service,No internet service,No internet service,No internet service,Month-to-month,No,Bank transfer (automatic),12.3,302.25,Yes
Male,0,Yes,Yes,32,Yes,Yes,DSL,No,No,No,No,No,No,Month-to-month,No,Mailed check,53.71,1570.63,No
Female,0,Yes,No,30,Yes,Yes,DSL,Yes,Yes,Yes,No,No,Yes,Two year,Yes,Credit card (automatic),73.97,2042.53,No
Male,0,Yes,No,26,No,No phone service,Fiber optic,Yes,Yes,Yes,Yes,No,Yes,Month-to-month,Yes,Electronic check,79.27,2076.62,Yes
Female,0,No,No,9,Yes,Yes,No,No internet service,No internet service,No internet service,No internet service,No internet service,No internet service,One year,No,Electronic check,20.2,188.27,Yes
Female,1,No,No,15,Yes,No,Fiber optic,No,No,Yes,No,Yes,Yes,Month-to-month,Yes,Credit card (automatic),80.6,1198.78,Yes
Female,1,Yes,No,17,Yes,Yes,DSL,No,No,No,No,Yes,Yes,Month-to-month,Yes,Credit card (automatic),63.96,1086.41,Yes
Female,0,No,No,26,Yes,No,Fiber optic,Yes,No,No,Yes,Yes,Yes,Two year,Yes,Credit card (automatic),85.72,2190.05,No
Male,1,Yes,No,42,Yes,No,Fiber optic,No,No,No,Yes,Yes,No,One year,Yes,Electronic check,76.18,3302.18,No
Female,1,Yes,No,24,Yes,No,Fiber optic,No,Yes,Yes,Yes,No,Yes,One year,Yes,Credit card (automatic),87.69,1933.07,No
Female,1,Yes,No,14,Yes,No,Fiber optic,Yes,No,No,No,No,Yes,Month-to-month,Yes,Bank transfer (automatic),77.31,1090.26,Yes
Male,1,Yes,Yes,9,Yes,Yes,No,No internet service,No internet service,No internet service,No internet service,No internet service,No internet service,Month-to-month,Yes,Electronic check,29.56,264.31,Yes
Male,0,Yes,No,34,Yes,No,DSL,Yes,No,No,No,No,Yes,Month-to-month,No,Bank transfer (automatic),57.14,1809.58,Yes
Male,0,No,No,72,No,No phone service,Fiber optic,Yes,No,No,No,No,No,Month-to-month,Yes,Electronic check,52.59,3973.27,Yes
Male,0,No,No,41,Yes,Yes,No,No internet service,No internet service,No internet service,No internet service,No internet service,No internet service,One year,Yes,Bank transfer (automatic),24.26,984.62,Yes
Male,0,No,Yes,47,Yes,Yes,Fiber optic,Yes,No,No,No,No,No,Month-to-month,Yes,Credit card (automatic),78.87,3742.27,No
Female,0,No,Yes,23,Yes,No,Fiber optic,Yes,Yes,Yes,Yes,Yes,No,Two year,Yes,Credit card (automatic),88.86,1973.92,No
Male,0,No,No,48,Yes,Yes,DSL,Yes,No,Yes,Yes,Yes,Yes,Month-to-month,No,Credit card (automatic),75.8,3766.77,No
Female,0,No,No,55,No,No phone service,Fiber optic,Yes,No,No,No,Yes,Yes,Month-to-month,Yes,Credit card (automatic),63.12,3674.32,Yes
Male,1,No,No,43,Yes,No,DSL,No,No,No,No,Yes,Yes,One year,No,Electronic check,61.71,2548.35,Yes
Male,0,Yes,Yes,25,Yes,Yes,DSL,Yes,Yes,No,Yes,Yes,Yes,Two year,No,Electronic check,81.5,1900.29,No
Female,1,Yes,No,51,Yes,Yes,No,No internet service,No internet service,No internet service,No internet service,No internet service,No internet service,Month-to-month,Yes,Electronic check,25.03,1348.23,No
Female,0,Yes,No,39,No,No phone service,DSL,Yes,No,Yes,Yes,No,No,Month-to-month,No,Electronic check,36.9,1479.29,No
Female,0,Yes,No,67,Yes,Yes,Fiber optic,No,No,No,No,No,No,Month-to-month,Yes,Bank transfer (automatic),73.64,4819.87,No
Male,0,No,Yes,68,Yes,No,DSL,Yes,Yes,Yes,No,Yes,No,Month-to-month,No,Electronic check,68.91,4347.38,No
Female,0,Yes,Yes,63,Yes,No,DSL,Yes,Yes,Yes,No,No,No,Two year,Yes,Mailed check,61.81,3603.82,No
Female,0,Yes,No,12,Yes,No,Fiber optic,No,No,No,Yes,Yes,No,Month-to-month,No,Credit card (automatic),84.03,985.61,Yes
Male,0,No,No,48,Yes,Yes,No,No internet service,No internet service,No internet service,No internet service,No internet service,No internet service,Month-to-month,Yes,Credit card (automatic),20.51,998.69,No
Female,0,No,No,18,No,No phone service,No,No internet service,No internet service,No internet service,No internet service,No internet service,No internet service,Month-to-month,Yes,Credit card (automatic),10.0,169.94,No
Male,0,No,No,47,Yes,No,Fiber optic,No,Yes,No,Yes,Yes,No,Month-to-month,Yes,Electronic check,83.87,3778.94,Yes
Female,0,No,No,21,Yes,Yes,DSL,Yes,No,No,No,No,No,Month-to-month,No,Mailed check,57.18,1150.56,No
Male,0,No,No,8,Yes,No,Fiber optic,Yes,No,No,Yes,No,Yes,Two year,No,Electronic check,88.61,745.37,Yes
Male,0,No,No,28,Yes,No,No,No internet service,No internet service,No internet service,No internet service,No internet service,No internet service,One year,Yes,Mailed check,19.72,577.13,No
Female,0,Yes,Yes,28,Yes,Yes,Fiber optic,No,No,No,No,No,No,Month-to-month,Yes,Electronic check,71.34,1983.58,Yes
Female,0,Yes,Yes,47,Yes,Yes,DSL,No,Yes,No,No,No,No,Month-to-month,Yes,Mailed check,56.18,2582.26,No
Female,0,No,No,36,Yes,No,Fiber optic,Yes,Yes,No,No,No,No,Month-to-month,Yes,Bank transfer (automatic),79.51,2830.53,Yes
Male,0,No,No,53,Yes,Yes,No,No internet service,No internet service,No internet service,No internet service,No internet service,No internet service,One year,No,Bank transfer (automatic),25.69,1285.59,No
Female,1,No,No,7,Yes,No,Fiber optic,No,No,No,No,Yes,No,Month-to-month,No,Mailed check,77.93,557.58,Yes
Male,0,No,No,2,Yes,No,Fiber optic,No,No,Yes,No,No,No,Month-to-month,Yes,Credit card (automatic),72.45,144.42,Yes
Male,1,No,No,59,Yes,No,Fiber optic,No,No,Yes,No,No,Yes,Month-to-month,Yes,Credit card (automatic),78.53,4390.36,No
Male,0,Yes,No,47,No,No phone service,Fiber optic,No,No,Yes,No,No,No,Month-to-month,Yes,Bank transfer (automatic),53.26,2491.77,Yes
Male,0,No,No,62,Yes,No,DSL,Yes,No,Yes,No,No,Yes,One year,No,Bank transfer (automatic),63.7,3998.76,No
Female,0,No,No,19,Yes,Yes,DSL,No,No,No,No,Yes,No,Month-to-month,No,Bank transfer (automatic),58.14,1167.97,Yes
Male,0,No,No,56,Yes,No,DSL,No,Yes,No,Yes,Yes,Yes,Two year,No,Bank transfer (automatic),63.78,3715.46,No
Male,0,No,No,38,Yes,Yes,No,No internet service,No internet service,No internet service,No internet service,No internet service,No internet service,One year,Yes,Mailed check,22.15,867.8,No
Male,1,No,Yes,16,Yes,Yes,Fiber optic,Yes,No,Yes,No,Yes,No,One year,Yes,Credit card (automatic),88.71,1412.01,No
Male,0,No,No,61,No,No phone service,No,No internet service,No internet service,No internet service,No internet service,No internet service,No internet service,One year,No,Credit card (automatic),10.0,612.18,No
Male,0,Yes,No,64,Yes,No,Fiber optic,Yes,No,Yes,No,No,Yes,One year,Yes,Bank transfer (automatic),81.45,4996.53,No
Female,0,Yes,Yes,38,Yes,Yes,Fiber optic,No,Yes,No,Yes,Yes,Yes,One year,No,Electronic check,91.92,3220.35,No
Female,0,Yes,No,1,Yes,Yes,No,No internet service,No internet service,No internet service,No internet service,No internet service,No internet service,One year,No,Mailed check,21.57,20.03,Yes
Female,0,No,No,30,Yes,No,Fiber optic,Yes,No,Yes,No,No,No,Month-to-month,No,Credit card (automatic),,2217.72,No
Male,0,No,Yes,56,Yes,No,DSL,Yes,Yes,No,No,Yes,No,Month-to-month,No,Bank transfer (automatic),64.27,3352.84,No
Female,1,No,No,43,Yes,No,Fiber optic,Yes,Yes,No,No,No,Yes,One year,Yes,Electronic check,85.4,3805.86,No
Male,0,Yes,Yes,27,Yes,No,Fiber optic,Yes,No,No,Yes,Yes,No,Two year,Yes,Bank transfer (automatic),84.09,2221.8,No
Male,0,No,No,9,No,No phone service,DSL,No,No,Yes,Yes,Yes,No,Month-to-month,Yes,Bank transfer (automatic),44.17,392.76,No
Male,0,Yes,Yes,4,Yes,No,DSL,Yes,No,No,No,Yes,Yes,Month-to-month,No,Mailed check,60.62,251.78,Yes
Female,0,No,No,13,Yes,No,Fiber optic,Yes,No,Yes,Yes,Yes,No,Two year,Yes,Bank transfer (automatic),92.98,1268.22,Yes
Female,0,No,No,33,Yes,Yes,DSL,Yes,No,Yes,No,No,No,Month-to-month,No,Electronic check,64.63,2213.23,No
Female,0,Yes,Yes,69,Yes,Yes,DSL,Yes,No,Yes,No,No,No,Month-to-month,Yes,Credit card (automatic),63.55,,No
Female,1,Yes,No,4,Yes,Yes,DSL,Yes,No,Yes,Yes,No,Yes,Two year,No,Credit card (automatic),74.21,306.94,No
Female,0,Yes,Yes,6,Yes,Yes,DSL,No,No,No,No,No,No,Month-to-month,Yes,Bank transfer (automatic),50.61,304.24,Yes
Female,1,No,No,38,Yes,Yes,DSL,No,No,No,No,No,No,Month-to-month,No,Electronic check,53.14,2073.71,No
Male,0,Yes,No,31,No,No phone service,DSL,No,Yes,Yes,No,No,No,Month-to-month,No,Mailed check,34.74,1130.25,Yes
Male,0,No,No,7,Yes,Yes,Fiber optic,No,No,No,No,No,No,Month-to-month,Yes,Mailed check,76.34,494.38,Yes
Female,0,Yes,Yes,34,Yes,No,DSL,No,Yes,No,No,No,No,Month-to-month,No,Electronic check,55.7,1925.17,Yes
Female,0,No,No,38,Yes,No,Fiber optic,No,No,No,Yes,No,No,Month-to-month,Yes,Electronic check,71.48,,Yes
Female,0,Yes,No,33,Yes,Yes,DSL,No,No,Yes,No,Yes,Yes,One year,Yes,Credit card (automatic),68.34,2155.11,Yes
Male,0,No,No,16,Yes,No,No,No internet service,No internet service,No internet service,No internet service,No internet service,No internet service,Month-to-month,Yes,Credit card (automatic),23.28,362.81,No
Female,0,Yes,No,5,Yes,No,Fiber optic,No,No,No,Yes,No,Yes,Two year,No,Bank transfer (automatic),74.06,369.35,Yes
Male,1,No,No,62,Yes,Yes,DSL,Yes,Yes,Yes,Yes,Yes,Yes,Two year,Yes,Bank transfer (automatic),84.63,5477.52,No
Female,1,Yes,Yes,26,Yes,Yes,No,No internet service,No internet service,No internet service,No internet service,No internet service,No internet service,Two year,Yes,Electronic check,24.4,613.27,No
Female,0,Yes,Yes,11,Yes,Yes,DSL,No,No,No,Yes,Yes,Yes,Two year,No,Bank transfer (automatic),66.47,743.89,No
Male,0,No,No,4,Yes,Yes,No,No internet service,No internet service,No internet service,No internet service,No internet service,No internet service,Month-to-month,No,Credit card (automatic),24.09,,No
Male,0,No,No,43,Yes,Yes,DSL,No,No,Yes,Yes,No,No,Month-to-month,Yes,Electronic check,58.38,,No
Male,0,No,No,47,Yes,No,Fiber optic,Yes,No,No,No,Yes,No,Month-to-month,Yes,Electronic check,78.95,3824.01,No
Female,0,No,No,71,Yes,No,Fiber optic,No,No,No,No,Yes,No,Month-to-month,Yes,Electronic check,70.25,4594.98,Yes
Female,0,Yes,Yes,11,Yes,No,DSL,No,No,No,Yes,No,No,Month-to-month,Yes,Electronic check,48.19,488.64,Yes
Male,0,Yes,Yes,52,Yes,No,Fiber optic,No,Yes,No,Yes,No,No,Month-to-month,No,Electronic check,77.94,4256.66,Yes
Male,1,No,No,68,Yes,Yes,Fiber optic,Yes,No,Yes,Yes,Yes,No,One year,Yes,Bank transfer (automatic),90.81,6409.74,Yes
Male,0,No,No,22,Yes,Yes,Fiber optic,Yes,No,No,Yes,Yes,No,Two year,Yes,Electronic check,84.06,1863.7,No
Male,1,No,No,42,Yes,No,Fiber optic,No,No,Yes,Yes,No,Yes,Month-to-month,Yes,Bank transfer (automatic),77.74,3334.97,No
Male,0,No,No,37,Yes,Yes,DSL,No,Yes,No,No,Yes,No,Month-to-month,No,Mailed check,63.46,2211.9,No
Female,0,No,No,19,Yes,Yes,Fiber optic,No,No,Yes,Yes,Yes,Yes,Two year,No,Bank transfer (automatic),95.88,1792.36,No
Female,0,Yes,No,49,Yes,Yes,DSL,Yes,No,No,Yes,Yes,Yes,Month-to-month,No,Bank transfer (automatic),69.44,3528.01,No
Male,0,Yes,Yes,58,Yes,No,DSL,Yes,No,Yes,Yes,No,Yes,One year,Yes,Mailed check,68.97,3770.0,No
Female,0,Yes,No,43,Yes,Yes,No,No internet service,No internet service,No internet service,No internet service,No internet service,No internet service,Two year,No,Credit card (automatic),19.48,838.73,No
Male,0,No,No,9,Yes,No,Fiber optic,Yes,No,Yes,Yes,Yes,Yes,One year,Yes,Credit card (automatic),95.4,851.96,No
Male,0,No,No,57,Yes,No,Fiber optic,Yes,No,No,No,No,Yes,Two year,Yes,Mailed check,78.56,4515.74,No
Male,0,Yes,Yes,63,Yes,Yes,No,No internet service,No internet service,No internet service,No internet service,No internet service,No internet service,Two year,Yes,Electronic check,20.37,1198.41,No
Female,0,No,Yes,37,Yes,No,DSL,Yes,Yes,No,Yes,No,No,Month-to-month,No,Electronic check,61.1,2318.5,No
Male,0,No,No,14,No,No phone service,Fiber optic,No,Yes,Yes,Yes,No,No,Month-to-month,Yes,Bank transfer (automatic),63.94,874.46,Yes
Male,0,Yes,No,62,Yes,Yes,DSL,No,Yes,No,Yes,Yes,Yes,One year,Yes,Electronic check,74.11,4661.26,No
Female,0,No,Yes,7,Yes,No,No,No internet service,No internet service,No internet service,No internet service,No internet service,No internet service,Month-to-month,Yes,Bank transfer (automatic),18.49,118.69,Yes
Male,0,No,Yes,43,Yes,Yes,DSL,No,No,Yes,No,No,No,Month-to-month,Yes,Credit card (automatic),55.87,2446.3,Yes
Male,1,Yes,No,53,Yes,No,DSL,No,Yes,Yes,Yes,No,Yes,Month-to-month,Yes,Bank transfer (automatic),71.31,3867.26,No
Female,1,Yes,Yes,68,Yes,Yes,DSL,Yes,Yes,No,No,Yes,No,Month-to-month,No,Credit card (automatic),71.51,4666.97,Yes
Male,1,No,No,62,Yes,No,DSL,No,No,No,No,Yes,No,Month-to-month,Yes,Mailed check,53.96,3510.62,No
Female,1,Yes,No,59,Yes,No,Fiber optic,Yes,Yes,Yes,Yes,Yes,No,One year,Yes,Bank transfer (automatic),91.43,5341.01,No
Male,0,No,Yes,31,No,No phone service,Fiber optic,No,No,No,No,Yes,No,Month-to-month,Yes,Mailed check,49.86,1513.89,Yes
Female,0,No,No,56,Yes,No,Fiber optic,Yes,No,No,Yes,Yes,Yes,One year,No,Electronic check,89.1,4814.55,No
Male,0,No,No,69,Yes,No,Fiber optic,No,No,No,No,No,No,Month-to-month,No,Credit card (automatic),69.75,4738.73,No
Female,0,Yes,No,62,Yes,Yes,DSL,No,Yes,No,No,No,No,Month-to-month,No,Electronic check,60.91,3926.09,No
Female,0,No,No,61,Yes,No,Fiber optic,Yes,Yes,No,Yes,No,No,Two year,Yes,Mailed check,80.54,4632.83,No
Male,0,Yes,No,44,Yes,Yes,DSL,No,No,Yes,No,Yes,No,Month-to-month,Yes,Electronic check,63.25,2755.03,Yes
Female,0,No,No,31,Yes,No,Fiber optic,No,No,No,No,No,No,Month-to-month,No,Electronic check,67.81,2088.72,Yes
Male,0,Yes,No,34,Yes,Yes,Fiber optic,Yes,No,No,No,No,No,Month-to-month,Yes,Mailed check,79.02,2602.18,Yes
Male,1,Yes,No,51,Yes,No,DSL,No,No,Yes,No,No,No,Month-to-month,No,Bank transfer (automatic),52.69,2624.97,No
Male,0,No,No,65,Yes,No,No,No internet service,No internet service,No internet service,No internet service,No internet service,No internet service,One year,Yes,Bank transfer (automatic),23.7,1518.12,No
Male,0,No,No,1,Yes,Yes,DSL,Yes,Yes,No,No,No,No,One year,Yes,Bank transfer (automatic),64.31,59.18,Yes
Female,0,No,No,49,Yes,No,No,No internet service,No internet service,No internet service,No internet service,No internet service,No internet service,One year,Yes,Electronic check,19.09,987.7,Yes
Male,0,Yes,No,21,No,No phone service,DSL,No,No,Yes,Yes,Yes,No,Month-to-month,No,Mailed check,42.85,860.41,Yes
Female,0,No,No,65,Yes,No,No,No internet service,No internet service,No internet service,No internet service,No internet service,No internet service,Two year,Yes,Bank transfer (automatic),17.79,1071.75,No
Male,0,No,Yes,6,Yes,Yes,Fiber optic,No,No,No,No,No,No,Month-to-month,Yes,Electronic check,71.56,440.86,Yes
Male,1,Yes,No,61,Yes,Yes,DSL,No,No,No,No,Yes,Yes,Month-to-month,No,Credit card (automatic),63.2,4041.3,No
Female,1,Yes,Yes,15,No,No phone service,No,No internet service,No internet service,No internet service,No internet service,No internet service,No internet service,Two year,No,Electronic check,10.0,145.92,No
Male,0,No,Yes,63,Yes,No,Fiber optic,Yes,Yes,No,No,Yes,No,Month-to-month,Yes,Electronic check,83.37,4885.94,Yes
Male,1,No,No,18,Yes,No,Fiber optic,No,Yes,No,No,No,No,Month-to-month,No,Electronic check,73.93,1245.1,Yes
Male,0,No,No,17,Yes,Yes,Fiber optic,No,Yes,No,No,No,No,Month-to-month,Yes,Bank transfer (automatic),77.2,1321.29,Yes
Male,0,Yes,Yes,6,Yes,Yes,DSL,No,No,Yes,Yes,Yes,No,Month-to-month,Yes,Bank transfer (automatic),66.72,375.97,No
Female,0,Yes,Yes,15,No,No phone service,Fiber optic,Yes,Yes,No,Yes,No,No,Two year,Yes,Electronic check,63.78,896.65,No
Male,0,Yes,Yes,62,Yes,No,DSL,Yes,Yes,Yes,No,Yes,Yes,Two year,Yes,Electronic check,67.28,4067.8,No
Female,0,No,No,37,Yes,No,DSL,No,No,No,No,Yes,No,Month-to-month,No,Electronic check,48.81,1913.7,Yes
Male,0,No,No,69,Yes,No,Fiber optic,No,Yes,Yes,No,No,No,Two year,Yes,Credit card (automatic),80.2,5651.6,No
Female,1,No,No,43,Yes,No,DSL,No,No,No,No,Yes,No,Month-to-month,No,Mailed check,49.3,2149.84,Yes
Male,0,No,No,69,Yes,No,DSL,No,No,No,Yes,No,No,Month-to-month,No,Bank transfer (automatic),55.01,,No
Male,0,Yes,Yes,45,Yes,Yes,Fiber optic,No,Yes,Yes,No,Yes,No,Month-to-month,No,Bank transfer (automatic),87.0,3807.25,No
Male,0,Yes,No,50,Yes,Yes,Fiber optic,No,Yes,Yes,Yes,No,No,One year,No,Mailed check,89.08,4288.83,No
Male,0,No,No,42,Yes,No,No,No internet service,No internet service,No internet service,No internet service,No internet service,No internet service,Month-to-month,No,Credit card (automatic),15.73,672.6,No
Male,0,Yes,No,44,Yes,Yes,Fiber optic,Yes,No,No,No,Yes,No,Two year,Yes,Credit card (automatic),84.02,3907.09,No
Female,0,Yes,Yes,22,No,No phone service,No,No internet service,No internet service,No internet service,No internet service,No internet service,No internet service,Two year,No,Mailed check,10.0,221.6,No
Male,0,Yes,No,1,Yes,No,Fiber optic,Yes,No,Yes,Yes,No,Yes,Two year,Yes,Credit card (automatic),81.21,84.26,No
Male,0,No,No,7,Yes,No,Fiber optic,No,No,Yes,No,Yes,Yes,Month-to-month,Yes,Bank transfer (automatic),80.69,596.82,No
Female,0,Yes,No,44,Yes,Yes,DSL,No,No,No,No,No,No,Month-to-month,No,Electronic check,52.51,2206.34,Yes
Male,0,No,No,45,Yes,No,DSL,No,No,Yes,No,Yes,Yes,Month-to-month,Yes,Mailed check,62.41,2692.77,Yes
Male,0,No,No,64,No,No phone service,DSL,No,No,No,Yes,No,Yes,Month-to-month,Yes,Bank transfer (automatic),41.83,2700.79,No
Female,0,Yes,No,60,Yes,Yes,No,No internet service,No internet service,No internet service,No internet service,No internet service,No internet service,Month-to-month,No,Electronic check,21.92,1208.03,No
Female,0,No,No,9,No,No phone service,DSL,Yes,Yes,No,Yes,No,No,Month-to-month,No,Electronic check,44.42,391.22,Yes
Female,0,Yes,No,33,Yes,No,Fiber optic,Yes,Yes,Yes,No,No,No,Month-to-month,Yes,Electronic check,86.02,2882.52,Yes
Male,0,Yes,Yes,49,Yes,Yes,Fiber optic,No,No,No,No,No,No,Month-to-month,No,Credit card (automatic),66.96,3217.88,Yes
Male,0,No,No,60,Yes,Yes,Fiber optic,Yes,Yes,Yes,No,Yes,No,Two year,No,Electronic check,96.18,6103.77,No
Male,0,No,No,43,Yes,No,DSL,Yes,No,Yes,Yes,Yes,Yes,Two year,Yes,Mailed check,72.21,3102.4,No
Female,1,No,No,27,Yes,Yes,Fiber optic,No,No,Yes,Yes,No,No,Month-to-month,Yes,Mailed check,84.01,2160.98,No
Male,0,Yes,Yes,63,Yes,No,DSL,No,Yes,Yes,Yes,No,No,Two year,No,Credit card (automatic),,4038.49,No
Female,0,No,No,62,Yes,Yes,No,No internet service,No internet service,No internet service,No internet service,No internet service,No internet service,Month-to-month,Yes,Electronic check,26.94,1748.97,No
Female,0,No,No,68,Yes,No,DSL,Yes,No,Yes,Yes,Yes,Yes,Two year,No,Electronic check,76.3,4994.26,No
Male,0,No,No,12,Yes,No,Fiber optic,Yes,Yes,No,Yes,Yes,Yes,One year,Yes,Electronic check,96.16,1120.23,No
Female,0,Yes,Yes,37,Yes,No,DSL,No,Yes,Yes,Yes,No,Yes,One year,No,Electronic check,72.32,2671.13,No
Male,0,No,No,21,Yes,Yes,DSL,Yes,No,No,Yes,No,Yes,One year,No,Electronic check,68.02,1387.01,No
Female,0,No,No,26,Yes,No,DSL,No,No,No,No,Yes,No,Month-to-month,Yes,Electronic check,50.71,1361.01,Yes
Female,0,Yes,Yes,39,Yes,No,Fiber optic,Yes,No,No,No,No,No,Month-to-month,No,Electronic check,73.4,2635.03,Yes
Male,0,No,No,2,Yes,Yes,Fiber optic,Yes,No,Yes,No,No,Yes,Two year,Yes,Credit card (automatic),90.42,178.31,Yes
Male,0,No,No,41,Yes,Yes,Fiber optic,Yes,Yes,No,No,Yes,No,Two year,Yes,Electronic check,88.13,3645.09,Yes
Male,0,Yes,No,17,Yes,Yes,No,No internet service,No internet service,No internet service,No internet service,No internet service,No internet service,One year,Yes,Bank transfer (automatic),24.87,401.16,No
Male,0,No,No,31,Yes,Yes,DSL,No,No,Yes,No,No,No,Month-to-month,Yes,Mailed check,61.21,2007.15,Yes
Male,0,No,No,14,Yes,No,DSL,Yes,No,Yes,Yes,Yes,Yes,Two year,No,Bank transfer (automatic),76.24,1028.7,No
Male,0,Yes,No,56,Yes,No,Fiber optic,Yes,No,Yes,Yes,Yes,Yes,One year,Yes,Electronic check,89.7,5302.98,No
Male,0,No,No,65,No,No phone service,Fiber optic,No,Yes,No,No,No,No,Month-to-month,No,Bank transfer (automatic),52.35,3546.44,No
Male,0,No,No,55,Yes,Yes,Fiber optic,No,No,No,No,No,Yes,Month-to-month,Yes,Mailed check,80.6,4458.03,No
Female,0,No,No,60,Yes,No,DSL,No,Yes,No,No,No,No,Month-to-month,No,Credit card (automatic),51.8,2876.14,No
Male,0,No,No,60,Yes,No,DSL,No,No,No,No,No,No,Month-to-month,Yes,Bank transfer (automatic),45.04,,Yes
Male,0,Yes,No,28,Yes,Yes,DSL,Yes,Yes,No,Yes,Yes,No,Two year,Yes,Credit card (automatic),72.36,2128.54,No
Female,0,No,No,15,Yes,No,No,No internet service,No internet service,No internet service,No internet service,No internet service,No internet service,Two year,No,Mailed check,22.54,323.37,No
Male,0,Yes,Yes,54,Yes,Yes,Fiber optic,No,No,No,No,No,Yes,Month-to-month,Yes,Credit card (automatic),79.39,4471.66,Yes
Female,0,Yes,Yes,5,No,No phone service,Fiber optic,Yes,Yes,No,Yes,No,Yes,Two year,Yes,Mailed check,62.21,315.31,No
Female,0,Yes,No,33,Yes,Yes,No,No internet service,No internet service,No internet service,No internet service,No internet service,No internet service,One year,No,Credit card (automatic),21.97,725.54,No
Male,0,No,No,65,Yes,No,No,No internet service,No internet service,No internet service,No internet service,No internet service,No internet service,Month-to-month,Yes,Electronic check,23.64,1434.53,No
Female,0,Yes,No,48,Yes,No,Fiber optic,Yes,Yes,Yes,Yes,Yes,Yes,One year,Yes,Credit card (automatic),96.87,4740.85,No
Male,0,Yes,No,6,Yes,Yes,Fiber optic,No,No,No,No,No,No,Month-to-month,Yes,Mailed check,70.17,438.78,No
Male,0,No,No,2,Yes,Yes,DSL,No,No,No,No,No,Yes,Month-to-month,No,Mailed check,59.49,118.12,No
Female,0,Yes,No,27,Yes,Yes,DSL,No,No,No,No,No,No,Month-to-month,No,Credit card (automatic),52.02,1354.05,No
Male,0,No,No,2,Yes,No,Fiber optic,Yes,No,No,No,No,No,Month-to-month,No,Electronic check,71.67,132.65,Yes
Male,0,Yes,No,59,Yes,Yes,Fiber optic,Yes,No,Yes,Yes,Yes,No,Month-to-month,Yes,Mailed check,90.93,5015.34,No
Male,0,Yes,Yes,7,Yes,Yes,Fiber optic,No,No,No,Yes,Yes,Yes,Two year,Yes,Electronic check,90.49,646.61,No
Female,1,No,No,68,Yes,Yes,Fiber optic,Yes,Yes,Yes,Yes,Yes,No,One year,Yes,Mailed check,95.88,6407.49,No
Male,0,Yes,Yes,1,Yes,No,Fiber optic,No,No,Yes,Yes,Yes,Yes,One year,Yes,Credit card (automatic),88.35,89.73,No
Female,0,No,No,12,Yes,Yes,DSL,Yes,Yes,No,No,No,No,Month-to-month,Yes,Bank transfer (automatic),63.45,733.27,Yes
Female,0,No,No,68,Yes,No,DSL,No,No,No,No,No,No,Month-to-month,No,Electronic check,51.2,3318.54,No
Male,0,No,No,8,Yes,Yes,Fiber optic,No,Yes,No,No,Yes,Yes,Month-to-month,Yes,Electronic check,89.18,744.71,Yes
Female,0,Yes,No,33,Yes,Yes,DSL,Yes,No,Yes,No,No,Yes,One year,Yes,Credit card (automatic),67.13,2134.79,No
Female,0,Yes,No,37,Yes,Yes,Fiber optic,Yes,No,No,No,No,No,One year,No,Bank transfer (automatic),76.83,2879.73,No
Male,0,Yes,No,12,Yes,Yes,Fiber optic,Yes,No,No,Yes,Yes,No,Two year,Yes,Bank transfer (automatic),86.69,1073.96,No
Male,0,No,No,10,Yes,No,Fiber optic,Yes,Yes,Yes,No,No,No,One year,Yes,Bank transfer (automatic),83.12,855.41,Yes
Male,0,Yes,Yes,49,Yes,No,No,No internet service,No internet service,No internet service,No internet service,No internet service,No internet service,Month-to-month,No,Mailed check,13.97,703.62,No
Male,0,No,No,49,Yes,Yes,DSL,No,No,No,No,Yes,No,Month-to-month,Yes,Mailed check,61.8,3075.55,Yes
Male,0,No,No,62,Yes,No,DSL,Yes,Yes,No,Yes,Yes,Yes,Month-to-month,Yes,Credit card (automatic),74.82,4492.76,No
Female,0,Yes,Yes,2,Yes,Yes,Fiber optic,Yes,Yes,Yes,Yes,No,No,Two year,Yes,Electronic check,93.75,182.1,No
Female,0,Yes,No,14,Yes,Yes,Fiber optic,Yes,No,Yes,No,No,No,Two year,Yes,Credit card (automatic),82.98,1176.41,No
Male,0,Yes,No,41,Yes,Yes,Fiber optic,Yes,No,No,Yes,No,No,One year,Yes,Credit card (automatic),86.03,3521.03,No
Female,0,Yes,No,67,Yes,No,DSL,Yes,No,No,Yes,Yes,No,Month-to-month,Yes,Electronic check,61.2,4307.05,No
Female,1,Yes,Yes,27,Yes,No,Fiber optic,No,No,No,No,Yes,No,Month-to-month,Yes,Credit card (automatic),76.23,2067.7,No
Male,0,No,No,43,No,No phone service,No,No internet service,No internet service,No internet service,No internet service,No internet service,No internet service,Month-to-month,Yes,Bank transfer (automatic),10.0,405.82,No
Female,1,Yes,No,58,Yes,No,DSL,Yes,Yes,No,Yes,Yes,Yes,One year,Yes,Electronic check,70.88,3957.12,No
Female,0,No,No,67,Yes,Yes,No,No internet service,No internet service,No internet service,No internet service,No internet service,No internet service,Month-to-month,No,Mailed check,26.29,1798.79,No
Female,0,No,Yes,20,Yes,Yes,No,No internet service,No internet service,No internet service,No internet service,No internet service,No internet service,One year,Yes,Bank transfer (automatic),28.06,559.69,No
Female,1,No,No,32,Yes,No,No,No internet service,No internet service,No internet service,No internet service,No internet service,No internet service,One year,Yes,Credit card (automatic),21.41,645.21,No
Male,0,Yes,Yes,5,No,No phone service,Fiber optic,No,Yes,Yes,No,No,Yes,Month-to-month,Yes,Mailed check,62.31,298.05,Yes
Male,0,No,No,43,Yes,No,DSL,No,No,No,No,Yes,Yes,Month-to-month,No,Credit card (automatic),56.78,2539.14,No
Female,0,Yes,No,35,Yes,No,DSL,No,Yes,Yes,No,Yes,Yes,One year,No,Electronic check,66.31,2156.01,No
Male,0,Yes,Yes,61,Yes,No,Fiber optic,Yes,Yes,Yes,Yes,Yes,No,One year,No,Bank transfer (automatic),94.06,5857.74,No
Female,0,Yes,Yes,5,Yes,Yes,Fiber optic,No,No,No,No,No,No,Month-to-month,Yes,Bank transfer (automatic),69.89,341.71,Yes
Male,0,No,No,10,Yes,No,Fiber optic,No,Yes,No,No,No,Yes,Month-to-month,Yes,Electronic check,79.52,745.13,Yes
Male,0,Yes,No,32,No,No phone service,No,No internet service,No internet service,No internet service,No internet service,No internet service,No internet service,Month-to-month,No,Electronic check,10.0,293.73,No
Male,1,Yes,No,44,Yes,Yes,DSL,Yes,No,No,No,Yes,No,Month-to-month,No,Credit card (automatic),57.08,2611.59,No
Male,0,Yes,No,43,Yes,No,DSL,No,No,No,Yes,No,No,Month-to-month,No,Electronic check,57.96,2572.03,No
Female,0,Yes,No,31,Yes,Yes,No,No internet service,No internet service,No internet service,No internet service,No internet service,No internet service,One year,No,Electronic check,21.36,668.49,No
Male,0,No,No,17,Yes,Yes,Fiber optic,No,Yes,Yes,Yes,No,No,Two year,Yes,Mailed check,88.06,1421.78,No
Male,0,Yes,No,36,Yes,Yes,No,No internet service,No internet service,No internet service,No internet service,No internet service,No internet service,Two year,Yes,Bank transfer (automatic),25.16,896.57,No
Male,0,No,Yes,54,Yes,Yes,Fiber optic,No,Yes,No,No,Yes,Yes,Two year,No,Credit card (automatic),86.17,4613.33,No
Male,0,Yes,No,55,Yes,Yes,DSL,Yes,No,Yes,No,No,No,Two year,Yes,Mailed check,59.21,3039.17,No
Male,0,Yes,No,1,Yes,Yes,No,No internet service,No internet service,No internet service,No internet service,No internet service,No internet service,One year,No,Electronic check,23.06,23.58,No
Female,0,No,No,6,Yes,Yes,No,No internet service,No internet service,No internet service,No internet service,No internet service,No internet service,Month-to-month,No,Mailed check,17.15,104.04,Yes
Male,1,No,No,39,Yes,Yes,DSL,No,Yes,Yes,Yes,No,Yes,Two year,No,Bank transfer (automatic),70.64,2811.72,No
Female,1,No,No,59,Yes,No,No,No internet service,No internet service,No internet service,No internet service,No internet service,No internet service,One year,No,Mailed check,22.45,1353.52,No
Female,0,No,Yes,49,Yes,No,DSL,No,No,No,No,No,No,Month-to-month,Yes,Credit card (automatic),,2136.22,No
Male,0,No,No,64,Yes,Yes,No,No internet service,No internet service,No internet service,No internet service,No internet service,No internet service,Month-to-month,Yes,Credit card (automatic),24.91,1651.4,No
Male,0,Yes,No,47,Yes,Yes,No,No internet service,No internet service,No internet service,No internet service,No internet service,No internet service,One year,No,Credit card (automatic),26.08,1145.87,No
Male,1,Yes,Yes,20,Yes,No,Fiber optic,Yes,No,Yes,Yes,Yes,No,Two year,Yes,Electronic check,88.49,1650.28,No
Female,1,No,No,69,Yes,No,Fiber optic,No,No,No,No,No,No,Month-to-month,Yes,Electronic check,69.44,4596.83,Yes
Male,0,No,No,56,No,No phone service,DSL,No,No,No,No,No,No,Month-to-month,No,Electronic check,24.24,1251.35,No
Female,0,No,Yes,16,Yes,Yes,Fiber optic,Yes,No,No,No,No,Yes,Month-to-month,Yes,Electronic check,85.33,1398.42,Yes
Female,0,No,No,48,Yes,No,Fiber optic,Yes,Yes,No,Yes,No,Yes,Two year,No,Credit card (automatic),91.44,4199.11,No
Female,0,No,Yes,10,Yes,No,No,No internet service,No internet service,No internet service,No internet service,No internet service,No internet service,Two year,No,Electronic check,20.15,184.5,No
Female,0,Yes,Yes,30,Yes,Yes,Fiber optic,Yes,Yes,Yes,Yes,Yes,Yes,One year,Yes,Bank transfer (automatic),101.05,3007.27,No
Female,1,Yes,Yes,65,Yes,Yes,Fiber optic,No,No,No,No,No,Yes,Month-to-month,Yes,Credit card (automatic),72.5,4535.4,Yes
Male,0,Yes,No,70,Yes,No,DSL,Yes,No,Yes,No,No,No,Month-to-month,No,Electronic check,62.79,4244.64,No
Male,0,Yes,No,69,Yes,Yes,Fiber optic,No,Yes,No,Yes,Yes,No,Month-to-month,Yes,Credit card (automatic),81.57,5460.68,No
Female,1,Yes,No,43,Yes,No,No,No internet service,No internet service,No internet service,No internet service,No internet service,No internet service,One year,No,Electronic check,20.26,874.18,No
Male,0,Yes,No,37,Yes,Yes,No,No internet service,No internet service,No internet service,No internet service,No internet service,No internet service,Month-to-month,Yes,Mailed check,24.13,836.39,No
Male,1,No,Yes,46,Yes,Yes,DSL,Yes,No,Yes,No,No,No,Two year,No,Credit card (automatic),62.85,3052.22,No
Female,1,Yes,Yes,46,Yes,No,DSL,No,No,Yes,No,No,No,Month-to-month,No,Electronic check,57.63,2762.67,No
Female,1,Yes,No,64,Yes,No,Fiber optic,No,No,Yes,No,No,No,Month-to-month,Yes,Electronic check,70.03,4544.87,Yes
Male,0,Yes,No,11,Yes,No,DSL,No,No,No,No,No,No,Month-to-month,No,Bank transfer (automatic),48.7,551.84,Yes
Male,0,Yes,No,13,No,No phone service,DSL,No,Yes,Yes,Yes,Yes,No,Two year,No,Electronic check,49.8,675.23,No
Female,0,No,Yes,56,Yes,Yes,DSL,Yes,No,No,No,No,No,One year,No,Mailed check,52.74,2730.55,No
Male,0,No,No,55,Yes,No,DSL,No,No,Yes,No,No,No,Month-to-month,Yes,Electronic check,53.53,3117.02,Yes
Female,0,Yes,No,3,Yes,Yes,DSL,No,Yes,Yes,Yes,No,Yes,One year,No,Electronic check,74.92,222.06,Yes
Female,0,No,Yes,31,Yes,Yes,No,No internet service,No internet service,No internet service,No internet service,No internet service,No internet service,Month-to-month,Yes,Credit card (automatic),21.76,688.28,No
Male,1,Yes,No,26,Yes,Yes,DSL,No,No,Yes,Yes,No,No,Month-to-month,No,Credit card (automatic),,1679.28,Yes
Male,0,No,No,53,Yes,No,Fiber optic,Yes,No,Yes,Yes,Yes,Yes,One year,Yes,Mailed check,94.57,5013.75,No
Female,0,Yes,Yes,41,Yes,Yes,No,No internet service,No internet service,No internet service,No internet service,No internet service,No internet service,One year,Yes,Credit card (automatic),17.97,762.94,No
Male,0,Yes,Yes,18,Yes,No,DSL,Yes,Yes,Yes,Yes,No,Yes,Month-to-month,No,Credit card (automatic),72.72,1331.15,Yes
Male,0,Yes,No,28,Yes,No,Fiber optic,No,Yes,Yes,No,Yes,Yes,Month-to-month,No,Electronic check,87.1,2317.48,Yes
Male,0,Yes,No,64,Yes,No,DSL,No,No,No,No,Yes,No,One year,Yes,Bank transfer (automatic),55.0,3424.58,No
Female,0,No,No,3,Yes,No,DSL,No,No,No,No,Yes,No,Month-to-month,Yes,Electronic check,47.99,142.81,Yes
Female,0,Yes,Yes,54,Yes,No,DSL,Yes,Yes,No,Yes,Yes,Yes,Two year,No,Bank transfer (automatic),77.13,3943.05,No
Male,0,Yes,No,22,Yes,Yes,DSL,No,Yes,Yes,Yes,Yes,Yes,Month-to-month,No,Bank transfer (automatic),79.43,1733.35,No
Female,0,Yes,Yes,61,Yes,No,DSL,Yes,No,Yes,Yes,Yes,Yes,Two year,No,Bank transfer (automatic),73.31,4204.86,No
Male,0,No,No,60,Yes,No,DSL,No,No,Yes,No,No,No,Two year,Yes,Credit card (automatic),56.73,3471.4,No
Female,0,Yes,Yes,47,Yes,Yes,No,No internet service,No internet service,No internet service,No internet service,No internet service,No internet service,One year,No,Electronic check,22.48,999.9,No
Female,0,No,No,14,Yes,No,Fiber optic,No,Yes,Yes,No,No,Yes,Month-to-month,Yes,Electronic check,83.79,1211.79,Yes
Male,1,Yes,No,54,Yes,No,Fiber optic,Yes,Yes,No,Yes,Yes,Yes,Month-to-month,Yes,Electronic check,95.36,4863.92,No
Female,0,Yes,Yes,0,Yes,Yes,No,No internet service,No internet service,No internet service,No internet service,No internet service,No internet service,Month-to-month,No,Electronic check,21.13,0.0,No
Female,1,No,No,68,Yes,Yes,Fiber optic,Yes,Yes,No,No,No,No,One year,Yes,Credit card (automatic),81.34,,No
Female,0,No,No,35,Yes,No,No,No internet service,No internet service,No internet service,No internet service,No internet service,No internet service,Month-to-month,No,Bank transfer (automatic),18.01,599.08,No
Male,0,No,No,65,Yes,Yes,Fiber optic,Yes,Yes,No,Yes,Yes,No,One year,Yes,Mailed check,95.39,5844.9,No
Female,0,Yes,No,50,Yes,No,No,No internet service,No internet service,No internet service,No internet service,No internet service,No internet service,Month-to-month,No,Credit card (automatic),17.87,869.07,No
Male,1,No,No,21,Yes,No,No,No internet service,No internet service,No internet service,No internet service,No internet service,No internet service,Two year,Yes,Electronic check,15.38,325.28,No
Male,0,No,No,1,Yes,No,Fiber optic,No,No,No,No,No,Yes,Month-to-month,Yes,Bank transfer (automatic),69.91,67.68,Yes
Male,0,No,Yes,66,Yes,No,DSL,Yes,No,No,No,No,Yes,One year,Yes,Credit card (automatic),59.76,4073.62,No
Male,1,Yes,Yes,39,Yes,Yes,DSL,No,No,No,No,No,No,Month-to-month,No,Electronic check,48.1,1860.77,No
Female,0,No,No,15,Yes,No,Fiber optic,No,No,Yes,No,Yes,No,Month-to-month,No,Electronic check,80.88,1208.65,Yes
Female,0,No,No,52,Yes,No,DSL,No,No,No,Yes,No,Yes,One year,No,Electronic check,56.56,2798.66,Yes
Female,0,Yes,No,15,Yes,Yes,Fiber optic,No,No,No,No,No,Yes,Month-to-month,Yes,Bank transfer (automatic),74.97,1038.22,Yes
Male,1,Yes,Yes,25,Yes,No,DSL,No,Yes,No,No,No,Yes,Month-to-month,Yes,Bank transfer (automatic),57.94,1354.8,No
Male,0,Yes,Yes,62,Yes,Yes,DSL,No,Yes,Yes,Yes,No,Yes,One year,Yes,Electronic check,75.66,4495.78,No
Female,0,No,No,2,No,No phone service,Fiber optic,No,No,No,No,No,Yes,Month-to-month,No,Mailed check,57.48,105.27,Yes
Male,0,Yes,Yes,61,Yes,Yes,No,No internet service,No internet service,No internet service,No internet service,No internet service,No internet service,Month-to-month,Yes,Bank transfer (automatic),24.1,1488.22,No
Male,0,Yes,Yes,13,No,No phone service,No,No internet service,No internet service,No internet service,No internet service,No internet service,No internet service,Month-to-month,Yes,Bank transfer (automatic),10.0,128.55,No
Male,0,Yes,No,0,Yes,No,DSL,No,Yes,No,No,No,Yes,Month-to-month,Yes,Electronic check,59.36,0.0,Yes
Female,0,Yes,Yes,62,Yes,No,DSL,No,No,No,Yes,No,No,Month-to-month,No,Electronic check,52.25,3041.45,No
Male,0,No,No,46,Yes,Yes,Fiber optic,Yes,No,No,No,Yes,Yes,Month-to-month,No,Bank transfer (automatic),85.49,3927.07,Yes
Male,0,Yes,No,9,Yes,No,No,No internet service,No internet service,No internet service,No internet service,No internet service,No internet service,Month-to-month,No,Credit card (automatic),14.06,134.04,No
Male,0,Yes,Yes,37,Yes,No,DSL,Yes,Yes,No,No,No,No,Month-to-month,No,Electronic check,54.26,1855.82,No
Female,0,Yes,Yes,34,Yes,No,Fiber optic,No,No,No,No,Yes,Yes,One year,Yes,Electronic check,77.6,2783.84,No
Female,0,No,Yes,24,Yes,No,Fiber optic,No,Yes,No,No,Yes,No,Two year,Yes,Credit card (automatic),79.55,2010.07,No
Male,1,Yes,No,54,Yes,Yes,Fiber optic,No,Yes,Yes,Yes,No,Yes,Month-to-month,Yes,Electronic check,91.12,4481.16,No
Male,0,Yes,Yes,35,Yes,Yes,Fiber optic,No,No,Yes,No,Yes,Yes,Month-to-month,No,Bank transfer (automatic),88.79,3058.45,Yes
Male,0,Yes,No,23,Yes,Yes,DSL,No,No,Yes,Yes,No,No,Month-to-month,No,Credit card (automatic),61.16,1374.41,Yes
Male,0,No,No,17,Yes,Yes,Fiber optic,No,No,Yes,No,Yes,No,Month-to-month,Yes,Mailed check,82.39,1376.98,Yes
Male,0,No,No,12,Yes,Yes,No,No internet service,No internet service,No internet service,No internet service,No internet service,No internet service,Month-to-month,Yes,Bank transfer (automatic),22.3,257.0,No
Female,0,Yes,Yes,24,Yes,No,DSL,No,No,Yes,No,No,Yes,One year,No,Bank transfer (automatic),57.47,1364.32,No
Female,0,Yes,No,9,Yes,Yes,Fiber optic,No,Yes,No,Yes,No,No,Month-to-month,Yes,Mailed check,83.25,738.38,Yes
Male,0,Yes,No,28,No,No phone service,Fiber optic,No,No,No,No,Yes,Yes,Two year,No,Bank transfer (automatic),57.46,1663.21,No
Female,0,Yes,Yes,37,Yes,Yes,DSL,Yes,Yes,No,No,No,Yes,Month-to-month,Yes,Bank transfer (automatic),70.18,2637.63,No
Female,0,No,No,29,Yes,Yes,Fiber optic,Yes,No,No,Yes,No,No,One year,Yes,Bank transfer (automatic),84.45,2239.67,Yes
Male,0,No,No,23,Yes,No,Fiber optic,No,No,Yes,No,Yes,No,Month-to-month,Yes,Bank transfer (automatic),78.55,1759.99,Yes
Male,0,No,Yes,66,Yes,No,Fiber optic,Yes,Yes,No,No,No,No,Month-to-month,Yes,Electronic check,76.84,4925.2,No
Male,0,Yes,Yes,5,Yes,Yes,DSL,Yes,Yes,No,Yes,No,Yes,One year,No,Credit card (automatic),77.98,405.92,Yes
Female,1,No,No,21,Yes,No,Fiber optic,Yes,Yes,No,Yes,Yes,No,Month-to-month,No,Credit card (automatic),86.93,1769.9,Yes
Female,0,Yes,Yes,70,Yes,Yes,No,No internet service,No internet service,No internet service,No internet service,No internet service,No internet service,Month-to-month,No,Electronic check,23.47,1607.63,No
Female,0,Yes,Yes,42,Yes,Yes,DSL,No,No,No,No,No,No,Month-to-month,Yes,Electronic check,50.12,2101.77,No
Male,0,Yes,No,46,Yes,No,Fiber optic,Yes,No,No,No,Yes,No,Month-to-month,No,Electronic check,78.06,3317.81,Yes
Female,0,No,No,7,Yes,Yes,Fiber optic,Yes,Yes,No,No,Yes,Yes,Two year,No,Electronic check,94.5,666.02,No
Male,0,No,No,12,Yes,Yes,DSL,No,No,No,No,No,No,Month-to-month,Yes,Mailed check,52.87,655.06,Yes
Female,0,No,No,40,Yes,Yes,Fiber optic,Yes,Yes,No,Yes,No,No,Month-to-month,Yes,Electronic check,88.15,3662.27,Yes
Female,0,Yes,No,51,Yes,Yes,Fiber optic,No,No,No,Yes,No,Yes,Two year,Yes,Credit card (automatic),81.84,4394.18,No
Male,1,Yes,No,65,Yes,No,Fiber optic,No,No,No,No,No,Yes,Month-to-month,Yes,Electronic check,74.2,5053.79,No
Male,0,No,No,30,Yes,Yes,Fiber optic,Yes,No,No,Yes,Yes,Yes,Two year,Yes,Electronic check,90.7,2773.44,Yes
Male,0,Yes,Yes,58,No,No phone service,DSL,Yes,Yes,No,Yes,Yes,No,Two year,Yes,Electronic check,53.3,3119.17,No
Female,0,No,No,22,No,No phone service,Fiber optic,Yes,Yes,Yes,Yes,Yes,Yes,Two year,Yes,Electronic check,80.82,1660.96,No
Female,0,Yes,Yes,57,No,No phone service,Fiber optic,No,No,No,Yes,Yes,Yes,Two year,No,Mailed check,68.86,3907.0,No
Male,0,Yes,Yes,15,Yes,Yes,DSL,No,No,Yes,No,Yes,Yes,Two year,No,Electronic check,73.6,1160.56,No
Male,1,Yes,No,11,Yes,No,Fiber optic,No,No,Yes,Yes,No,Yes,One year,Yes,Electronic check,81.89,854.61,Yes
Female,1,No,No,12,Yes,Yes,No,No internet service,No internet service,No internet service,No internet service,No internet service,No internet service,Month-to-month,Yes,Mailed check,28.85,360.07,No
Male,0,No,No,28,Yes,No,No,No internet service,No internet service,No internet service,No internet service,No internet service,No internet service,One year,No,Mailed check,20.4,589.41,No
Female,0,No,Yes,57,Yes,Yes,DSL,No,Yes,No,Yes,Yes,No,Month-to-month,No,Bank transfer (automatic),66.62,3921.45,No
Female,1,No,No,13,Yes,No,DSL,No,No,No,No,No,No,Month-to-month,No,Electronic check,49.61,644.93,No
Female,0,Yes,Yes,54,Yes,No,Fiber optic,No,Yes,No,Yes,No,Yes,Two year,No,Credit card (automatic),82.58,4643.45,No
Female,0,Yes,No,21,Yes,No,No,No internet service,No internet service,No internet service,No internet service,No internet service,No internet service,Month-to-month,No,Bank transfer (automatic),15.59,322.44,No
Male,1,No,No,1,Yes,No,DSL,Yes,Yes,Yes,No,Yes,No,Two year,No,Bank transfer (automatic),70.29,70.73,Yes
Male,1,No,No,8,Yes,No,No,No internet service,No internet service,No internet service,No internet service,No internet service,No internet service,Two year,Yes,Mailed check,18.22,,No
Male,0,Yes,No,50,Yes,Yes,DSL,No,No,No,No,No,No,Month-to-month,No,Mailed check,54.43,2548.1,No
Female,0,No,No,62,No,No phone service,DSL,Yes,No,Yes,Yes,Yes,No,Two year,Yes,Credit card (automatic),52.6,3024.01,No
Male,0,No,No,11,Yes,Yes,No,No internet service,No internet service,No internet service,No internet service,No internet service,No internet service,Two year,No,Credit card (automatic),23.56,249.42,No
Female,0,No,No,9,Yes,No,Fiber optic,No,No,No,Yes,Yes,Yes,Month-to-month,Yes,Mailed check,81.13,701.19,Yes
Male,0,Yes,No,45,Yes,No,Fiber optic,No,Yes,No,Yes,Yes,Yes,Two year,Yes,Credit card (automatic),91.42,4250.75,No
Male,0,Yes,Yes,68,Yes,No,DSL,No,No,No,Yes,No,No,Month-to-month,Yes,Bank transfer (automatic),53.83,3697.52,No
Male,0,Yes,Yes,46,Yes,No,DSL,Yes,No,No,No,No,No,Month-to-month,No,Credit card (automatic),52.75,2556.72,No
Female,0,No,No,10,Yes,No,DSL,No,No,Yes,Yes,Yes,No,Month-to-month,Yes,Credit card (automatic),62.9,663.37,No
Male,0,Yes,No,31,Yes,No,No,No internet service,No internet service,No internet service,No internet service,No internet service,No internet service,Month-to-month,No,Electronic check,18.17,519.87,No
Female,1,Yes,No,15,Yes,No,DSL,Yes,No,No,No,Yes,Yes,Month-to-month,Yes,Electronic check,60.34,867.52,Yes
Female,0,Yes,Yes,22,Yes,Yes,Fiber optic,No,No,Yes,No,Yes,No,Month-to-month,Yes,Bank transfer (automatic),75.0,1545.71,Yes
